tree
version=v4
num_class=1
num_tree_per_iteration=1
label_index=0
max_feature_idx=30
objective=binary sigmoid:1
feature_names=Column_0 Column_1 Column_2 Column_3 Column_4 Column_5 Column_6 Column_7 Column_8 Column_9 Column_10 Column_11 Column_12 Column_13 Column_14 Column_15 Column_16 Column_17 Column_18 Column_19 Column_20 Column_21 Column_22 Column_23 Column_24 Column_25 Column_26 Column_27 Column_28 Column_29 Column_30
feature_infos=[0:12] [0:31] [0:21] [0:1] [0:4.4400000000000004] [0:13] [0:100] [0:35] [0:27] [0:14] [0:20] [0:26] [0:4] [0:1] [-4:4] [0:6] [0:6] [-2:6] [-2:7] [-0.70000000000000007:3.1099999999999999] [-2:18] [-2:1] [0:12] [0:27] [0:20] [0:3.5600000000000001] [0:9] [0:84] [10:85] [0:75] [9:85]
tree_sizes=3367 3436 3474 3448 3437 3463 3399 3460 3439 3444 3444 3453 3402 3443 3447 3448 3447 3444 3447 3456 3460 3427 3468 3420 3476 3439 3455 3439 3452 3457 3252 3461 3493 3486 3455 3464 3464 3445 3439 3459 3246 3445 3467 3429 3457 3458 3426 3459 3448 3443 3453 3445 3473 3438 3491 3463 3456 3450 3443 3467 3452 3477 3436 3014 3441 2402 3456 3452 3456 3134 3438 3466 3441 3439 3451 3460 3253 3438 3269 3483 3468 3464 3465 3357 3464 3253 3431 3472 3466 3476 3460 3482 3507 3467 3474 3425 3453 3464 3454 3454 3450 3250 3467 3458 3469 3464 3458 3446 3460 2519 3484 3451 3465 3473 3379 2715 3487 3447 3458 2517 3468 3483 3455 3469 3455 3454 3478 3457 3470 3453 3445 3432 3466 3459 3470 2951 3489 3438 3471 3457 3457 3433 3148 3463 3056 3454 3450 3455 3465 3459 3480 3469 3475 3070 2617 3044 3476 3482 3498 3492 3496 2726 3160 3465 1862 3456 3437 3475 3474 3449 3457 3486 3452 3467 3503 3433 3454 3451 3469 3449 3248 3478 3514 3452 3463 3472 3442 3475 3470 3462 3472 1778 3468 2959 3470 3464 1563 3480 3477 3467

Tree=0
num_leaves=31
num_cat=0
split_feature=9 26 7 5 28 3 14 28 26 26 25 28 1 13 20 28 6 15 6 1 28 2 10 26 3 10 10 25 10 14
split_gain=643.262 510.28 378.545 403.273 249.962 365.591 238.236 300.277 255.857 238.093 441.251 261 199.435 192.949 191.404 163.734 305.399 281.518 136.542 424.941 133.139 118.847 112.979 107.352 103.972 113.469 102.037 100.581 97.8173 94.8533
threshold=12.350000000000003 6.5000000000000009 29.000000000000004 1.5000000000000002 22.500000000000004 0.77550000000000019 1.0000000180025095e-35 19.500000000000004 3.5000000000000004 3.5000000000000004 0.75000000000000011 48.500000000000007 3.5000000000000004 1.0000000180025095e-35 6.5000000000000009 47.500000000000007 22.750000000000004 1.0000000180025095e-35 60.550000000000004 8.5000000000000018 19.500000000000004 7.5000000000000009 19.600000000000005 1.0000000180025095e-35 0.32250000000000006 17.900000000000002 3.3000000000000003 0.30500000000000005 7.3000000000000016 1.5000000000000002
decision_type=2 2 2 2 8 2 2 10 2 2 2 10 2 2 10 8 2 2 2 2 8 2 2 2 2 2 2 2 2 2
left_child=1 6 3 13 5 27 15 8 21 11 -11 -6 -3 24 22 16 26 -18 19 -15 -20 -8 -9 28 -2 -26 -1 -5 -17 -4
right_child=2 12 29 4 9 -7 7 14 -10 10 -12 -13 -14 18 -16 23 17 -19 20 -21 -22 -23 -24 -25 25 -27 -28 -29 -30 -31
leaf_value=-1.3160429036103929 -1.3435423560730244 -1.1651876264959911 -1.4427360834449319 -1.4453323169974164 -1.3529831106338293 -1.1393551092294194 -1.3689011477063129 -1.395406928344237 -1.172617332789474 -1.1897582104478162 -1.4114311716477328 -1.3939896141393651 -1.4090717044397691 -1.3709888079032473 -1.1735244843411117 -1.4080309782272646 -1.2718233388290965 -1.411311962039546 -1.2410496780142182 -1.1654567152175177 -1.4091008032201349 -1.2301886980680017 -1.4334673231083841 -1.4411693098614438 -1.4232701240570169 -1.3371131593039529 -1.1393551092294194 -1.3108014475091392 -1.4339769868200798 -1.3919844235798009
leaf_weight=18.67701168358326 50.443894803524017 30.968720227479935 249.02682244777679 165.69861647486687 2062.9318118542433 11.174280494451521 472.67206491529942 582.49927891790867 18.038481369614601 55.552137315273285 37.673288524150848 477.93994000554085 11.49354565143585 403.87042358517647 8.7797918170690519 1730.8960485905409 40.387042358517647 346.56232790648937 12.291708543896673 26.818273186683655 286.38084581494331 15.963257849216459 293.08541411161423 416.48139728605747 624.48264706134796 40.706307515501976 14.526564642786978 15.165094956755636 459.74182605743408 146.06380932033062
leaf_count=117 316 194 1560 1038 12923 70 2961 3649 113 348 236 2994 72 2530 55 10843 253 2171 77 168 1794 100 1836 2609 3912 255 91 95 2880 915
internal_value=-1.39013 -1.4037 -1.37715 -1.37282 -1.36183 -1.4169 -1.40536 -1.38823 -1.35754 -1.35782 -1.27934 -1.3607 -1.2312 -1.3943 -1.40582 -1.41323 -1.38427 -1.39675 -1.37621 -1.35819 -1.40218 -1.36437 -1.40815 -1.4179 -1.41275 -1.418 -1.23874 -1.43405 -1.41348 -1.42397
internal_weight=9126.99 4460.77 4666.22 4271.13 2826.14 192.038 4418.31 1391.04 506.674 2634.1 93.2254 2540.87 42.4623 1444.99 884.364 3027.27 420.153 386.949 729.361 430.689 298.673 488.635 875.585 2607.12 715.633 665.189 33.2036 180.864 2190.64 395.091
internal_count=57175 27944 29231 26756 17704 1203 27678 8714 3174 16501 584 15917 266 9052 5540 18964 2632 2424 4569 2698 1871 3061 5485 16332 4483 4167 208 1133 13723 2475
is_linear=0
shrinkage=1


Tree=1
num_leaves=31
num_cat=0
split_feature=9 30 5 7 30 1 8 13 15 5 28 29 10 28 3 1 16 21 13 28 6 1 30 30 29 8 8 10 30 10
split_gain=604.743 526.501 452.604 352.617 293.777 436.963 274.488 365.583 413.103 550.188 543.479 251.684 250.8 396.082 244.585 240.822 538.638 203.415 179.047 176.901 175.58 351.014 191.17 173.427 213.172 229.486 151.548 133.177 119.794 170.674
threshold=12.350000000000003 75.500000000000014 1.5000000000000002 23.500000000000004 43.500000000000007 2.5000000000000004 10.150000000000002 1.0000000180025095e-35 1.0000000180025095e-35 3.5000000000000004 44.500000000000007 17.500000000000004 13.250000000000002 55.500000000000007 0.39450000000000007 14.500000000000002 1.0000000180025095e-35 inf 1.0000000180025095e-35 14.500000000000002 60.550000000000004 8.5000000000000018 33.500000000000007 45.500000000000007 1.5000000000000002 26.700000000000003 13.000000000000002 1.5000000000000002 38.500000000000007 17.900000000000002
decision_type=2 2 2 2 2 2 2 2 2 2 10 10 2 8 2 2 2 8 2 10 2 2 2 2 8 2 2 2 2 2
left_child=4 2 18 12 5 27 7 8 9 -6 -10 -7 17 -14 -9 26 -17 -4 28 -13 21 -20 -22 24 25 -8 -5 -1 -2 -30
right_child=1 -3 3 15 6 11 23 14 10 -11 -12 19 13 -15 -16 16 -18 -19 20 -21 22 -23 -24 -25 -26 -27 -28 -29 29 -31
leaf_value=0.00081463081309838398 0.0083576559781688795 -0.032094685659805666 0.027064948798902339 0.080809815296754045 -0.054351657972979278 0.030828841638295752 -0.0044391994804655202 -0.042114135757177547 0.20875785190030124 0.18548487540186417 0.012134517457036057 0.23111034142036774 0.14687242781240384 0.034780155214787237 0.20861733204444316 -0.027128511657010846 0.12811524847073472 0.076860694912438396 0.021200490132985153 0.057343690467690715 0.083782440742579775 0.19321942804825309 -0.031112994274030911 -0.017326099935055198 -0.052948332640294971 0.2476799233862515 -0.017295550413326321 -0.040922593684624045 -0.045028247255297173 0.07277964878859515
leaf_weight=479.19146873056889 217.71549716591835 570.09362116456032 1287.5620129555464 42.134464636445045 123.09009973704815 444.74114869534969 136.20176604390144 249.19349506497383 70.695003837347031 29.67757810652256 69.886036187410355 28.247368320822716 139.69210803508759 180.82007826864719 10.12145985662937 113.3068759739399 110.23094321787357 243.94396813213825 393.95936036109924 30.419455751776695 41.923736974596977 32.070052206516266 265.35524734854698 1552.4184648543596 888.67018035054207 9.666356295347212 598.79582254588604 317.93786618113518 430.18995046615601 33.110199362039566
leaf_count=3023 1385 3562 7914 260 786 2799 855 1583 413 176 442 175 846 1113 62 711 679 1495 2440 189 258 177 1683 9842 5631 60 3753 2007 2741 201
internal_value=0.000449212 0.0129479 0.0191643 0.0311064 -0.0127835 0.00719933 -0.0210611 0.0109247 0.0491591 -0.00775955 0.111012 0.0436693 0.0434139 0.0836345 -0.0323277 0.00473909 0.0494253 0.0349966 -0.00377296 0.14101 0.0133711 0.0341495 -0.0154372 -0.0278943 -0.0437529 0.0122682 -0.0108461 -0.0158324 -0.0222335 -0.036609
internal_weight=9141.06 4700.9 4130.81 2716.49 4440.16 1300.54 3139.62 552.664 293.349 152.768 140.581 503.408 1852.02 320.512 259.315 864.468 223.538 1531.51 1414.32 58.6668 733.308 426.029 307.279 2586.96 1034.54 145.868 640.93 797.129 681.016 463.3
internal_count=57261 29218 25656 16771 28043 8193 19850 3462 1817 962 855 3163 11368 1959 1645 5403 1390 9409 8885 364 4558 2617 1941 16388 6546 915 4013 5030 4327 2942
is_linear=0
shrinkage=0.05


Tree=2
num_leaves=31
num_cat=0
split_feature=9 30 26 5 30 1 28 25 30 0 13 0 30 10 6 1 30 30 10 28 14 14 26 28 30 28 1 28 25 30
split_gain=547.126 480.682 366.123 365.671 334.223 395.915 317.573 252.547 901.302 294.224 189.571 188.951 152.141 142.779 136.722 276.547 173.015 118.489 145.867 131.035 114.052 107.09 299.867 165.233 123.068 219.079 131.481 98.4263 74.0941 58.4389
threshold=12.350000000000003 75.500000000000014 6.5000000000000009 1.5000000000000002 44.500000000000007 2.5000000000000004 22.500000000000004 0.10500000000000002 51.500000000000007 3.5000000000000004 1.0000000180025095e-35 4.5000000000000009 58.500000000000007 1.5000000000000002 60.550000000000004 8.5000000000000018 33.500000000000007 37.500000000000007 17.900000000000002 19.500000000000004 1.5000000000000002 1.0000000180025095e-35 3.5000000000000004 43.500000000000007 48.500000000000007 24.500000000000004 6.5000000000000009 13.000000000000002 0.30500000000000005 80.500000000000014
decision_type=2 2 2 2 2 2 8 2 2 2 2 2 2 2 2 2 2 2 2 10 2 2 2 8 2 10 2 8 2 2
left_child=2 3 4 10 5 13 28 9 -9 -8 17 27 -4 20 15 -12 -16 19 -19 -2 -1 24 23 -23 25 -6 -26 -7 -5 -3
right_child=1 29 12 6 21 11 7 8 -10 -11 14 -13 -14 -15 16 -17 -18 18 -20 -21 -22 22 -24 -25 26 -27 -28 -29 -30 -31
leaf_value=-0.0028617798566465697 -0.0055335908941484694 -0.016049406100529472 0.18108004115137852 -0.040347535810742935 -0.055493311760795166 0.1031108205778089 0.037568417491721809 0.15677695712539685 -0.003128427826732433 -0.0035049194359729032 0.020416362810199491 0.17620754514334513 -0.011532160907162661 -0.042078427357952752 0.079176408116806429 0.16658728707139364 -0.027428700931390063 -0.044317392454596483 0.064805345803898753 0.11826387331871623 0.15503168047905372 -0.03920471383730971 0.17322974219501353 0.0037093781180132833 -0.010024459672918927 0.0091779745644707238 -0.049548396388454909 0.02602886149362714 0.069156884827285339 -0.048451706826114105
leaf_weight=476.05947403609753 188.65702104568481 281.95134095847607 34.178866982460022 191.07512281835079 736.65885372459888 45.314784809947014 1616.2746464312077 166.18358598649502 187.60084657371044 597.08192332088947 395.17845928668976 23.969730645418167 14.645127609372137 319.25250354409218 44.713489502668381 35.244298025965691 255.76723493635654 431.21537961065769 32.965593710541725 24.106053471565247 11.718586549162863 383.02313762903214 21.87434396147728 541.29084233939648 891.16295284032822 159.26596187055111 275.45881512761116 481.07867242395878 16.806286007165909 274.75063653290272
leaf_count=3004 1194 1794 171 1225 4838 261 9677 975 1135 3719 2417 143 91 2067 263 177 1653 2823 192 153 73 2467 126 3406 5739 977 1776 2978 96 1753
internal_value=-0.000191414 0.0116061 -0.0128563 0.0174151 -0.0143789 0.00621688 0.027945 0.0327582 0.0719841 0.0264883 -0.00334043 0.0389162 0.123305 -0.0160827 0.0143169 0.0323853 -0.0115652 -0.0224052 -0.0365676 0.00849266 0.000931519 -0.0236708 -0.00974349 -0.0140736 -0.0300599 -0.0439969 -0.0193567 0.0326645 -0.0314946 -0.032041
internal_weight=9154.52 4739.57 4414.95 4182.87 4366.13 1357.39 2775.02 2567.14 353.784 2213.36 1407.85 550.363 48.824 807.031 730.903 430.423 300.481 676.944 464.181 212.763 487.778 3008.73 946.188 924.314 2062.55 895.925 1166.62 526.393 207.881 556.702
internal_count=57363 29246 28117 25699 27855 8526 16827 15506 2110 13396 8872 3382 262 5144 4510 2594 1916 4362 3015 1347 3077 19329 5999 5873 13330 5815 7515 3239 1321 3547
is_linear=0
shrinkage=0.05


Tree=3
num_leaves=31
num_cat=0
split_feature=9 30 26 30 1 5 28 28 4 1 6 29 13 30 7 8 29 8 2 8 4 4 13 29 16 5 30 10 14 21
split_gain=507.377 436.822 336.409 344.648 329.933 329.75 268.641 310.958 276.272 268.754 237.646 225.381 208.475 206.364 204.359 193.807 175.926 175.52 166.197 157.521 149.265 146.528 138.53 159.375 137.962 126.847 112.283 165.155 102.19 97.4535
threshold=12.15 77.500000000000014 5.5000000000000009 44.500000000000007 2.5000000000000004 1.5000000000000002 36.500000000000007 40.500000000000007 2.0250000000000004 7.5000000000000009 37.050000000000004 1.0000000180025095e-35 1.0000000180025095e-35 46.500000000000007 4.5000000000000009 9.9000000000000021 17.500000000000004 11.850000000000001 1.0000000180025095e-35 26.700000000000003 0.51500000000000012 0.075000000000000025 1.0000000180025095e-35 14.500000000000002 2.5000000000000004 1.0000000180025095e-35 39.500000000000007 17.900000000000002 1.5000000000000002 -1.0000000180025095e-35
decision_type=2 2 2 2 2 2 8 8 2 2 2 8 2 2 2 2 10 2 2 2 2 2 2 10 2 2 2 2 2 10
left_child=2 5 3 4 21 22 14 9 -9 -8 12 15 -4 18 -7 -5 25 -16 -13 -17 -18 28 26 24 -24 -6 29 -28 -1 -2
right_child=1 -3 10 11 16 6 7 8 -10 -11 -12 13 -14 -15 17 19 20 -19 -20 -21 -22 -23 23 -25 -26 -27 27 -29 -30 -31
leaf_value=-0.0017134043361634738 -0.015090190224131309 -0.036662371246719137 0.15060301232947046 0.17072197977392739 0.067240968810460988 0.13657365146208969 0.009041204400780144 0.027151149627767886 0.19191877455097012 0.17116421854295594 -0.025947216582863749 0.039950360834571194 -0.061758653141023107 -0.017828936020311527 0.10099267031446529 -0.0032039116152328424 0.16073065204590414 -0.018654497170453962 -0.051539447963746703 0.18000187929451184 0.0020382961457830395 -0.041826839127161987 0.026703166924680739 -0.047171252964444167 -0.06235252025797864 0.009635751849919709 -0.043261602773880081 0.065790423511982055 0.13362788675575726 0.05210958431374875
leaf_weight=470.61966262757778 156.05557335913181 433.57049244642258 71.102351561188698 20.84406815469265 129.89905847609043 24.344422250986099 39.362018823623657 2206.2391900420189 25.737768545746803 72.916255295276642 45.091518968343735 52.421656489372253 13.799915611743925 1664.2768844664097 32.603364691138268 167.09446127712727 46.74483522772789 512.17086400091648 934.94381049275398 12.618806064128874 21.695140406489372 307.40397244691849 606.99143907427788 100.9714939892292 46.845061838626862 361.55269891023636 417.84011694788933 37.864977687597275 14.373247891664503 82.458831056952477
leaf_count=2975 991 2827 373 122 786 139 237 13162 140 418 287 321 90 10786 187 1049 257 3158 6279 70 125 2041 3693 648 296 2201 2813 214 82 517
internal_value=-2.68355e-06 0.0112025 -0.0124009 -0.0148502 0.00593992 0.0159597 0.0256545 0.0331355 0.0290511 0.114328 0.0668183 -0.0247072 0.116086 -0.0285727 -0.00516023 0.0263994 0.035321 -0.0114939 -0.046682 0.00966013 0.110426 -0.0148201 -0.00353241 0.0112939 0.0203226 0.0248618 -0.0196527 -0.0342004 0.00229757 0.00814201
internal_weight=9130.45 4795.97 4334.48 4204.49 1352.29 4362.4 2913.37 2344.26 2231.98 112.278 129.994 2852.2 84.9023 2651.64 569.119 200.557 559.892 544.774 987.365 179.713 68.44 792.397 1449.03 754.808 653.837 491.452 694.219 455.705 484.993 238.514
internal_count=57284 29440 27844 27094 8467 26613 17441 13957 13302 655 750 18627 463 17386 3484 1241 3369 3345 6600 1119 382 5098 9172 4637 3989 2987 4535 3027 3057 1508
is_linear=0
shrinkage=0.05


Tree=4
num_leaves=31
num_cat=0
split_feature=9 26 7 5 26 3 27 27 7 29 4 25 8 29 6 8 7 29 13 14 3 28 29 23 23 20 4 25 4 6
split_gain=431.633 359.67 231.005 250.255 282.039 248.792 231.111 199.643 196.798 184.94 171.605 193.312 166.987 325.356 187.543 256.878 148.979 133.624 106.612 99.1902 121.182 133.443 160.584 96.5377 90.8436 76.9353 67.656 65.0479 54.1238 47.9963
threshold=10.750000000000002 5.5000000000000009 29.000000000000004 5.5000000000000009 2.5000000000000004 0.78200000000000014 60.650000000000013 60.550000000000004 21.000000000000004 9.5000000000000018 0.15500000000000003 1.8600000000000003 10.600000000000001 14.500000000000002 25.350000000000005 9.9000000000000021 11.000000000000002 1.0000000180025095e-35 1.0000000180025095e-35 1.5000000000000002 0.56800000000000006 40.500000000000007 13.500000000000002 17.500000000000004 1.0000000180025095e-35 2.5000000000000004 0.045000000000000005 0.91000000000000014 0.055000000000000007 75.850000000000009
decision_type=2 2 2 2 2 2 2 2 2 10 2 2 2 10 2 2 2 8 2 2 2 8 10 2 2 10 2 2 2 2
left_child=1 12 3 6 5 8 7 9 -5 -2 -3 27 13 14 28 -16 26 18 -14 -4 29 22 -22 24 -19 -23 -15 -12 -1 -21
right_child=2 10 19 4 -6 -7 -8 -9 -10 -11 11 -13 17 16 15 -17 -18 23 -20 20 21 25 -24 -25 -26 -27 -28 -29 -30 -31
leaf_value=-0.014839362029814918 0.012419359534746688 0.15692771128378838 -0.051307468781729815 0.087394875102213665 0.15502278284611182 -0.050555585704289946 -0.055234882540176868 0.19922981472409249 0.020258822807720095 -0.0089652568925193098 0.090105597780635413 0.1260629814211279 -0.035204025089872033 0.061226964868700599 -0.0043043437260849131 0.14539066700207037 -0.0084052886117845626 -0.02723233018346858 0.097003893845861361 0.00063071379363416314 -0.062283775582885441 -0.054845066694066892 0.22656646705534783 0.10892130781069305 -0.060293637529154509 0.10690464820108335 0.19422751371840474 -0.061079818625462412 -0.055419937074654479 0.14915786898431313
leaf_weight=201.15874421596527 3953.7932214140892 37.329912677407265 233.43440964818001 165.32291151583195 48.495003253221512 83.073273599147797 151.26612494885921 13.534305140376089 321.29474653303623 1358.4007878601551 8.6354580223560315 30.376182481646538 25.652986437082291 13.448463097214697 104.83269810676575 39.440398365259171 19.647852078080177 1645.372892677784 37.597106441855431 8.0086756646633166 8.5495991706848162 94.463301315903664 11.005510926246641 12.336167365312575 237.80511608719826 7.9719600528478614 33.085353344678879 40.398542314767838 138.90233719348907 16.95328277349472
leaf_count=1287 24139 185 1550 985 253 520 985 72 1970 8623 47 141 161 78 680 235 127 10893 215 52 54 599 64 82 1620 50 179 273 933 103
internal_value=-0.000180672 -0.0172792 0.00675324 0.00911243 0.0392688 0.0294153 0.00570869 0.00743966 0.0430675 0.00695102 0.068511 0.0269472 -0.0212704 0.00305959 -0.0111493 0.0366183 0.107044 -0.0281084 0.043383 -0.0310494 0.00113056 -0.0194083 0.10028 -0.030494 -0.0314073 -0.042257 0.15579 -0.0344543 -0.031415 0.101505
internal_weight=9101.59 2626.02 6475.57 6095.18 618.186 569.691 5476.99 5325.73 486.618 5312.19 116.74 79.4102 2509.28 550.516 484.334 144.273 66.1817 1958.76 63.2501 380.387 146.952 121.99 19.5551 1895.51 1883.18 102.435 46.5338 49.034 340.061 24.962
internal_count=57155 17136 40019 37547 3728 3475 33819 32834 2955 32762 646 461 16490 3519 3135 915 384 12971 376 2472 922 767 118 12595 12513 649 257 320 2220 155
is_linear=0
shrinkage=0.05


Tree=5
num_leaves=31
num_cat=0
split_feature=9 8 13 5 15 29 29 4 15 29 7 13 4 4 1 2 7 28 14 28 18 14 1 28 2 29 15 8 24 19
split_gain=416.526 266.624 287.934 255.536 257.516 355.053 212.734 211.622 256.065 267.594 224.816 185.935 277.883 219.195 176.994 334.417 175.428 172.391 150.66 114.029 112.343 113.524 101.479 100.355 101.733 96.4475 161.26 117.853 90.1007 78.9839
threshold=10.750000000000002 10.600000000000001 1.0000000180025095e-35 2.5000000000000004 1.0000000180025095e-35 15.500000000000002 22.500000000000004 2.1000000000000001 2.5000000000000004 1.0000000180025095e-35 29.000000000000004 1.0000000180025095e-35 2.7050000000000005 1.2350000000000001 9.5000000000000018 10.500000000000002 21.000000000000004 19.500000000000004 3.5000000000000004 14.500000000000002 1.0000000180025095e-35 -1.0000000180025095e-35 1.5000000000000002 46.000000000000007 3.5000000000000004 1.0000000180025095e-35 1.0000000180025095e-35 26.700000000000003 11.500000000000002 0.38500000000000012
decision_type=2 2 2 2 2 8 10 2 2 8 2 2 2 2 2 2 2 10 2 10 10 2 2 8 2 8 2 2 2 10
left_child=1 2 3 4 22 -6 7 8 9 16 -11 13 19 14 17 -16 -2 -8 -9 -13 -4 -22 -1 -10 -25 26 -3 -28 29 -27
right_child=6 25 20 -5 5 -7 11 18 23 10 -12 12 -14 -15 15 -17 -18 -19 -20 -21 21 -23 -24 24 -26 28 27 -29 -30 -31
leaf_value=0.020391147819629252 0.09209671176977792 0.20234231928738342 -0.042134600838256674 0.14343646198975668 -0.046113505492086315 0.12259124840171619 0.082595091898567757 0.12609387748569451 -0.054797326951972591 0.011320366459016856 -0.042776518999925919 0.099030671963101266 0.25129490612278066 -0.047105167644061585 0.15442393593849105 -0.063098695736812552 0.01498869301382367 -0.025981588140755296 -0.045564049873909052 -0.048106644101152812 0.22141955147829884 -0.0023518857912353665 -0.05711042680976694 0.13423108685574489 -0.014016092262802975 -0.030202346672018238 -0.048227716432198635 0.12617973295693394 0.09621210631878184 0.062904293499121203
leaf_weight=82.567118987441063 166.03816962242126 11.698029637336729 218.82777892053127 51.022272914648056 44.850911259651184 102.37298280000687 51.502315148711205 62.900165662169456 192.64871357381344 4648.4801886826754 200.33090204000473 13.576060965657232 8.1280035674571973 120.99665558338165 62.192310303449631 24.681557416915894 132.72841730713844 125.98825289309025 16.042457938194275 437.70481318235397 8.2017963230609912 18.345300450921059 86.471529617905617 12.158803537487982 240.02621993422508 1884.9402516633272 37.81511977314949 13.02147103846073 14.458346948027609 23.056716680526733
leaf_count=530 961 63 1461 273 279 516 312 349 1219 28292 1346 75 51 815 389 151 807 828 95 2886 47 117 602 74 1483 12739 235 65 89 146
internal_value=-0.000318215 -0.0172478 0.0115858 0.0396027 0.0228513 0.0711963 0.00643075 0.0099175 0.00876997 0.0119151 0.00908533 -0.0169774 -0.0384615 0.00863477 0.0341463 0.092624 0.0578411 0.00552403 0.0912101 -0.0436803 -0.0303508 0.0667829 -0.0192547 -0.0276255 -0.00686853 -0.0261472 0.0349617 -0.00355435 -0.028135 -0.0290772
internal_weight=9113.77 2597.65 612.66 367.285 316.263 147.224 6516.12 5671.35 5592.41 5147.58 4848.81 844.77 459.409 385.361 264.364 86.8739 298.767 177.491 78.9426 451.281 245.375 26.5471 169.039 444.834 252.185 1984.99 62.5346 50.8366 1922.46 1908
internal_count=57295 17162 3825 2200 1927 795 40133 34626 34182 31406 29638 5507 3012 2495 1680 540 1768 1140 444 2961 1625 164 1132 2776 1557 13337 363 300 12974 12885
is_linear=0
shrinkage=0.05


Tree=6
num_leaves=31
num_cat=0
split_feature=30 9 26 30 1 29 4 14 28 4 29 30 15 29 27 25 6 4 6 16 30 4 29 8 23 4 19 8 20 30
split_gain=438.994 421.194 245.194 291.323 294.264 198.721 321.027 374.128 251.219 237.775 184.451 255.396 146.422 141.587 137.978 328.434 133.353 125.519 113.037 81.5087 121.386 71.0102 117.772 76.6586 64.8065 53.0626 81.8827 44.2014 29.936 29.0291
threshold=77.500000000000014 12.15 5.5000000000000009 44.500000000000007 2.5000000000000004 18.500000000000004 1.155 1.5000000000000002 63.500000000000007 2.0250000000000004 1.0000000180025095e-35 46.500000000000007 1.0000000180025095e-35 17.500000000000004 60.650000000000013 0.10500000000000002 37.050000000000004 0.075000000000000025 22.250000000000004 2.5000000000000004 64.500000000000014 2.7050000000000005 50.500000000000007 26.700000000000003 9.5000000000000018 2.1000000000000001 0.115 14.850000000000001 12.500000000000002 80.500000000000014
decision_type=2 2 2 2 2 10 2 2 10 2 8 2 2 10 2 2 2 2 2 2 2 2 10 2 2 2 8 2 8 2
left_child=1 2 3 4 17 6 14 8 -8 -9 12 -12 -5 -6 15 -3 18 -1 -4 21 -21 23 -23 -7 -18 28 -27 -16 29 -2
right_child=25 5 16 10 13 19 7 9 -10 -11 11 -13 -14 -15 27 -17 24 -19 -20 20 -22 22 -24 -25 -26 26 -28 -29 -30 -31
leaf_value=0.0031072269357634535 -0.027291621836281327 0.010310073686476909 -0.06059142421643432 0.12272973752330391 0.02513844329626479 -0.030459007161377179 0.11715932118020636 -0.026158313788824952 -0.054897505760693771 0.11169594834405011 -0.04498367331882798 -0.010848189534479101 0.0062917162223608816 0.098286582113662618 0.046453527883891843 0.072197619957164089 0.10324291370809793 -0.039267804441830374 0.11609776741555633 0.20584058101633504 -0.015293792947086483 0.20697316689532319 -0.060247137294634726 0.03705979157784247 -0.054247898704002595 0.10073271680821277 -0.048583793799954769 -0.061100663042569316 0.056213925768908879 -0.047777506762939063
leaf_weight=467.96290189027786 281.41550834476948 3191.2760916948318 10.278437152504919 32.213821247220039 506.64831753075123 419.32741783559322 215.25235393643379 139.61450116336346 23.534849420189857 40.311628699302673 939.5842572748661 1314.6141738891602 166.80732470750809 76.089247569441795 10.858965948224066 229.81696113944054 8.4603635221719724 278.91190280020237 75.858631268143654 10.147431120276453 15.976360201835631 8.7939842939376849 7.76336446404457 46.723053142428398 28.658599570393562 17.569969564676285 19.231285840272903 79.403816774487495 8.1957823634147626 448.57040557265282
leaf_count=3015 1871 19090 73 162 3014 2749 1204 857 142 197 6601 8740 1017 394 64 1262 44 1962 349 57 102 48 55 287 197 104 127 538 47 3025
internal_value=0.000105362 0.0034484 -0.00852625 -0.0107875 0.00806003 0.0139859 0.0177922 0.059175 0.100201 0.0047273 -0.0210026 -0.0250764 0.0251385 0.0346895 0.0128575 0.0144675 0.0608736 -0.0127172 0.0950141 -0.0154186 0.0706028 -0.020075 0.0816796 -0.02369 -0.0183517 -0.0358919 0.0227042 -0.0481615 -0.0388131 -0.03988
internal_weight=9119.87 8344.89 3906.09 3782.83 1329.61 4438.8 3930.07 418.713 238.787 179.926 2453.22 2254.2 199.021 582.738 3511.36 3421.09 123.256 746.875 86.1371 508.732 26.1238 482.608 16.5573 466.05 37.119 774.983 36.8013 90.2628 738.182 729.986
internal_count=57394 52220 25568 24905 8385 26652 23354 2400 1346 1054 16520 15341 1179 3408 20954 20352 663 4977 422 3298 159 3139 103 3036 241 5174 231 602 4943 4896
is_linear=0
shrinkage=0.05


Tree=7
num_leaves=31
num_cat=0
split_feature=30 11 26 29 30 27 25 28 25 3 6 29 15 10 29 6 22 6 28 3 30 14 8 14 20 30 10 19 10 27
split_gain=357.739 255.871 290.904 249.582 226.38 209.671 391.072 298.439 202.632 166.491 178.032 153.295 143.454 140.927 135.333 124.777 134.597 81.1872 74.3833 49.9643 34.155 18.8679 21.2824 40.5217 22.626 18.3637 17.6804 54.0884 20.0146 13.7765
threshold=78.500000000000014 1.0000000180025095e-35 6.5000000000000009 1.0000000180025095e-35 44.500000000000007 53.150000000000013 0.10500000000000002 49.500000000000007 0.015000000000000001 0.68600000000000005 69.65000000000002 15.500000000000002 1.0000000180025095e-35 10.350000000000003 49.500000000000007 58.750000000000007 1.5000000000000002 58.050000000000004 29.500000000000004 0.42500000000000004 81.500000000000014 -1.4999999999999998 19.250000000000004 2.5000000000000004 1.0000000180025095e-35 59.500000000000007 14.950000000000001 1.0350000000000004 15.750000000000002 80.500000000000014
decision_type=2 2 2 8 2 2 2 10 2 2 2 10 2 2 10 2 2 2 10 2 2 2 2 2 8 2 2 8 2 2
left_child=1 2 4 12 11 6 8 -8 -5 10 -6 18 -3 -13 -11 17 -17 -14 -1 -7 21 -2 23 24 -23 -21 -22 28 -28 -4
right_child=20 3 29 5 9 19 7 -9 -10 14 -12 13 15 -15 -16 16 -18 -19 -20 25 26 22 -24 -25 -26 -27 27 -29 -30 -31
leaf_value=0.00097264301043584645 -0.049039430674895246 0.19713488905927901 0.082369586022884911 0.0079940010703845321 -0.012167636077773797 0.064265599489620212 0.082938876187661492 -0.031819611035600541 -0.06313515376143071 -0.040953750475916872 0.063410768070664814 0.1035100665661052 0.069810869181207907 -0.028767814291553236 0.11570682379794228 0.0043788571586939624 0.14225364533691495 0.18904955637799731 0.054694263430717566 -0.025783676907790862 -0.054446906369451244 0.009339470385951381 -0.035987960515065053 0.087431009729701178 -0.032178778391343831 -0.06147552435571238 0.040883222869870325 0.096114963128696052 -0.04409907986948302 0.13292862856594279
leaf_weight=1395.6882209926844 54.85108770430088 18.194309711456299 25.362403750419617 3359.2207891792059 1832.8520751148462 10.028645053505896 290.57189251482487 70.374504327774048 103.20354500412941 668.15817059576511 81.378370806574821 73.234032407402992 45.03381659090519 27.770837053656578 14.075986832380293 121.77425143122673 20.712106928229332 20.901155665516853 67.553039267659187 51.865955755114555 226.47060091793537 63.096259027719498 86.273562476038933 11.051735848188398 68.374605372548103 118.09338706731796 7.334697797894477 7.7980066537857047 125.05540962517262 28.742703437805176
leaf_count=8811 376 99 109 20565 12053 58 1569 418 634 4591 527 381 235 164 91 699 103 111 392 338 1578 427 593 72 457 790 49 47 859 127
internal_value=4.31749e-06 0.0027561 -0.00596289 0.0114438 -0.00746081 0.00855422 0.0110369 0.0605642 0.00587387 -0.0165133 -0.00895462 0.00756519 0.0624915 0.0671409 -0.0377215 0.0507377 0.0244206 0.107609 0.00345279 -0.0441843 -0.03573 -0.0227019 -0.0163878 -0.00452322 -0.0122531 -0.0505836 -0.0458085 -0.0318533 -0.0393909 0.109228
internal_weight=9095.1 8444.79 4214.82 4229.97 4160.71 4003.36 3823.37 360.946 3462.42 2596.46 1914.23 1564.25 226.616 101.005 682.234 208.421 142.486 65.935 1463.24 179.988 650.306 283.647 228.796 142.523 131.471 169.959 366.659 140.188 132.39 54.1051
internal_count=57323 52865 27246 25619 27010 24372 23186 1987 21199 17262 12580 9748 1247 545 4682 1148 802 346 9203 1186 4458 1925 1549 956 884 1128 2533 955 908 236
is_linear=0
shrinkage=0.05


Tree=8
num_leaves=31
num_cat=0
split_feature=9 29 7 5 16 5 0 3 25 14 28 29 10 28 10 5 28 29 18 10 14 6 14 0 8 3 22 28 8 13
split_gain=361.194 241.075 196.061 256.184 219.483 150.631 169.97 153.106 148.223 143.639 257.676 153.069 141.65 459.236 197.289 146.385 134.582 133.609 124.415 124.2 204.924 151.417 116.269 126.726 113.202 147.847 95.0602 88.8847 86.1698 112.394
threshold=12.350000000000003 22.500000000000004 29.000000000000004 5.5000000000000009 2.5000000000000004 6.5000000000000009 2.5000000000000004 0.92000000000000015 0.77500000000000013 1.0000000180025095e-35 19.500000000000004 9.5000000000000018 6.7500000000000009 30.500000000000004 6.4500000000000011 2.5000000000000004 44.500000000000007 12.500000000000002 1.5000000000000002 13.65 -1.0000000180025095e-35 57.050000000000004 2.5000000000000004 4.5000000000000009 16.100000000000005 0.63400000000000012 1.5000000000000002 35.500000000000007 17.400000000000002 1.0000000180025095e-35
decision_type=2 10 2 2 2 2 2 2 2 2 10 10 2 8 2 2 10 10 8 2 2 2 2 2 2 2 2 10 2 2
left_child=9 2 3 4 8 7 -7 -3 -2 12 18 22 13 -1 15 -15 -8 -6 26 21 -21 -5 23 -12 25 -13 -11 -14 29 -29
right_child=1 5 -4 19 17 6 16 -9 -10 10 11 24 27 14 -16 -17 -18 -19 -20 20 -22 -23 -24 -25 -26 -27 -28 28 -30 -31
leaf_value=0.11255053502618056 0.016120019598840973 -0.037707200274545022 -0.026981989942202883 0.080942572470543983 -0.044346211518465878 0.20356569514405423 -0.057623703744468728 0.176078078547655 -0.05443834846875905 0.038477769083675124 0.0092414460890137256 -0.015487591154262376 -0.045754146377459788 -0.022904526945951256 0.10349663537343386 0.015292221320921305 0.13653364941101018 0.094535868073646542 -0.010417875078322225 0.20178475773042753 0.057936288948693626 -0.013933297599688943 -0.057000939463843818 0.10814112133279841 -0.054423858307613628 0.16876671238336644 0.14092973344291906 0.088409813659305808 -0.057607159106089594 -0.015108767481604508
leaf_weight=72.818941906094551 3273.2085254043341 436.1628171056509 289.66275362670422 64.85548023879528 232.04868987202644 14.10921275615692 28.693915665149689 8.5387944281101209 76.163532584905624 352.98275631666183 288.99233816564083 178.59862571954727 569.28577899932861 1704.9194422364235 34.39137464761734 294.1005517989397 12.954777300357817 18.713958635926247 138.11849150061607 27.589060887694359 241.31049969792366 119.61405475437641 57.146891519427299 36.478801518678665 275.06625463068485 11.593953341245649 24.192921757698059 39.080086454749107 53.221063688397408 79.687601238489151
leaf_count=375 19232 2984 1953 361 1464 78 194 42 527 2170 1785 1183 3994 11732 155 1881 78 105 863 150 1308 719 381 224 1920 68 113 247 362 528
internal_value=-0.000339341 0.00897181 0.0127583 0.0155982 0.0111375 -0.0238891 0.0535792 -0.0336023 0.0145155 -0.0110501 0.00229698 -0.01465 -0.0174397 -0.0108239 -0.0152421 -0.0172849 0.00276871 -0.0339817 0.030182 0.0510194 0.0726951 0.019423 0.00877674 0.0203261 -0.0339157 -0.00425563 0.0450493 -0.0362376 -0.00473771 0.0189537
internal_weight=9054.3 4843.63 4343.17 4053.5 3600.13 500.46 55.7579 444.702 3349.37 4210.68 1363.17 847.877 2847.5 2106.23 2033.41 1999.02 41.6487 250.763 515.294 453.369 268.9 184.47 382.618 325.471 465.259 190.193 377.176 741.275 171.989 118.768
internal_count=57176 29195 25819 23866 21328 3376 350 3026 19759 27981 8707 5561 19274 14143 13768 13613 272 1569 3146 2538 1458 1080 2390 2009 3171 1251 2283 5131 1137 775
is_linear=0
shrinkage=0.05


Tree=9
num_leaves=31
num_cat=0
split_feature=30 9 26 23 30 1 4 14 28 28 25 25 30 25 29 8 30 29 6 27 30 4 28 28 30 13 14 21 21 23
split_gain=341.449 360.959 192.216 221.597 190.233 179.592 174.569 410.866 234.732 200.487 164.226 154.519 329.905 248.126 192.279 191.429 146.062 108.248 108.192 88.2229 64.925 63.9749 113.116 79.2115 56.9985 51.8399 76.7507 58.6763 44.2003 41.4353
threshold=74.500000000000014 12.15 5.5000000000000009 1.5000000000000002 43.500000000000007 2.5000000000000004 1.1250000000000002 1.5000000000000002 56.500000000000007 11.000000000000002 0.37500000000000006 0.10500000000000002 47.500000000000007 1.0000000180025095e-35 1.5000000000000002 8.4500000000000011 46.500000000000007 11.500000000000002 37.050000000000004 52.750000000000007 57.500000000000007 2.1000000000000001 67.500000000000014 72.500000000000014 79.500000000000014 1.0000000180025095e-35 2.5000000000000004 0.69050000000000011 0.52250000000000008 17.500000000000004
decision_type=2 2 2 2 2 2 2 2 8 8 2 2 2 2 10 2 2 10 2 2 2 2 8 10 2 2 2 10 8 2
left_child=1 2 3 4 5 -1 11 9 -9 -8 -11 13 15 14 -3 -13 -6 -14 20 -10 -4 24 -23 -24 25 26 28 -27 -2 -5
right_child=21 6 18 29 16 -7 7 8 19 10 -12 12 17 -15 -16 -17 -18 -19 -20 -21 -22 22 23 -25 -26 27 -28 -29 -30 -31
leaf_value=-0.0080400813104298443 0.0028024896052102764 0.017570118961558842 0.10397122729251379 -0.05734242659389184 -0.029082892742820429 0.030632395245710271 -0.059364822144723453 -0.04537659723727 0.08584258565073867 0.10513429228990417 -0.0037362001416349267 -0.060748951776809348 -0.02795923465653162 -0.062090173464868864 -0.0078612946213805993 0.11249503839758711 -0.0024262924960204678 0.11516300873708957 -0.023320467749401906 -0.063186237243306922 -0.0089567692618909463 -0.050934243245048694 0.1856675779170206 0.017091698362019167 -0.041507474356729773 -0.039011523336076048 0.11148403442488136 0.093633136821750493 -0.052544710557578755 0.018447879528976432
leaf_weight=670.81994487345219 181.3974864333868 2239.8504686355591 70.959928780794144 267.79007413983345 1023.1280073225498 543.38707634806633 24.540739968419075 156.17168675363064 62.993461519479752 242.89794462919235 40.399858430027962 17.967137485742569 123.03709794580936 126.91978827118874 1112.3492396473885 141.6928071975708 1032.4692513793707 14.800608694553373 32.475343286991119 11.789266586303709 15.509524196386336 24.926427975296974 13.027046561241152 14.98349669575691 509.13966891914606 226.57309730350971 14.236559167504309 8.6557727456092817 45.026139944791794 19.335762575268745
leaf_count=4498 1186 13108 306 2010 7236 3084 185 1000 326 1255 221 90 769 771 6861 727 6972 79 217 73 96 171 68 85 3634 1528 85 55 301 128
internal_value=-2.27846e-05 0.00348142 -0.00803245 -0.0101233 -0.00642509 0.00926679 0.013289 0.0399136 -0.0104953 0.0777326 0.0896087 0.00949055 0.0440767 0.00653311 0.0091313 0.0929992 -0.015694 -0.0125912 0.054492 0.0623487 0.083716 -0.0270016 0.0265445 0.0954924 -0.0298793 -0.0174387 -0.00112346 -0.0341306 -0.00820374 -0.0522385
internal_weight=9029.25 7991.29 3675.87 3556.93 3269.8 1214.21 4315.41 538.793 230.954 307.839 283.298 3776.62 297.498 3479.12 3352.2 159.66 2055.6 137.838 118.945 74.7827 86.4695 1037.97 52.937 28.0105 985.029 475.889 240.66 235.229 226.424 287.126
internal_count=57125 50012 24547 23928 21790 7582 25465 3060 1399 1661 1476 22405 1665 20740 19969 817 14208 848 619 399 402 7113 324 153 6789 3155 1572 1583 1487 2138
is_linear=0
shrinkage=0.05


Tree=10
num_leaves=31
num_cat=0
split_feature=30 5 30 28 3 27 8 8 1 4 30 14 2 29 8 26 16 16 4 8 29 4 2 6 7 28 15 16 29 19
split_gain=323.546 388.39 341.752 227.902 208.966 242.614 219.993 196.836 171.149 187.419 170.281 171.398 162.426 141.779 250.897 147.831 133.434 116.356 288.317 105.541 102.57 100.936 98.5006 185.803 100.426 141.114 100.235 98.177 87.7989 86.7748
threshold=74.500000000000014 1.5000000000000002 44.500000000000007 36.500000000000007 0.8620000000000001 21.700000000000006 12.700000000000001 13.15 3.5000000000000004 0.21500000000000002 35.500000000000007 1.5000000000000002 6.5000000000000009 14.500000000000002 11.850000000000001 7.5000000000000009 1.0000000180025095e-35 1.5000000000000002 1.0550000000000004 22.800000000000001 1.0000000180025095e-35 0.015000000000000001 2.5000000000000004 39.350000000000001 23.500000000000004 15.500000000000002 1.0000000180025095e-35 1.0000000180025095e-35 30.500000000000004 0.2599999999999999
decision_type=2 2 2 8 2 2 2 2 2 2 2 2 2 10 2 2 2 2 2 2 8 2 2 2 2 8 2 2 10 10
left_child=1 7 22 17 6 -6 -5 8 13 16 11 21 20 15 -15 -1 -10 -4 -19 -14 -12 -9 23 26 25 -24 -3 -26 -11 -25
right_child=-2 2 3 4 5 -7 -8 10 9 28 12 -13 19 14 -16 -17 -18 18 -20 -21 -22 -23 24 29 27 -27 -28 -29 -30 -31
leaf_value=-0.021986850542255746 -0.026459838825647515 0.089016121157495076 -0.033668942754865053 -0.012511330000719433 -0.045393536769225258 0.15073569700000744 0.023940844568760444 0.022096692862978825 -0.0061519989743172377 -0.014033089232115071 0.030286388314894632 0.086703835849513522 0.014526407565198754 0.127901809251283 -0.059855280239948121 0.091403526529802104 0.086846458487762582 -0.036930287357888739 0.14254141059241643 0.1475982240801576 -0.028940445393616135 -0.015504250434853723 0.15922241187209019 -0.02007838608756855 -0.031625261685515951 0.055252230243841696 -0.024481044207460962 0.091279818789027231 0.13169475137545267 0.12166022840011644
leaf_weight=486.48923003673553 1024.1943879202008 99.98505499958992 450.87605081498623 519.57016696035862 227.9219453856349 16.939708918333054 2035.2578204572201 273.23007330298424 49.44531574845314 151.42065866291523 76.253741636872292 57.848254337906837 73.189898863434792 47.673061564564705 28.387668326497078 30.549480095505714 175.37217918038368 63.363373890519142 34.596047565340996 18.708795845508575 1767.950131803751 514.6753541380167 35.225720062851906 180.19658914208412 58.280936792492867 443.86691302061081 24.152096420526505 22.529474318027496 11.092993587255476 11.486692562699316
leaf_count=3319 7150 590 3042 3226 1447 84 12024 1671 312 964 425 325 440 229 207 123 1045 414 175 88 12160 3261 179 1023 358 2439 145 114 72 65
internal_value=-2.52696e-06 0.00339036 0.0137962 0.00652327 0.0122987 -0.0318252 0.0165276 -0.00829315 0.0109712 0.0368219 -0.0150826 0.00363403 -0.0232587 -0.00591084 0.0578264 -0.0152871 0.0663928 -0.022938 0.0264532 0.0416173 -0.0264915 -0.00246498 0.0416057 0.0192781 0.0541999 0.0628967 0.0669341 0.00263996 -0.00408588 -0.0115846
internal_weight=9010.73 7986.54 4224.25 3348.53 2799.69 244.862 2554.83 3762.29 980.431 387.331 2781.86 845.754 1936.1 593.099 76.0607 517.039 224.817 548.835 97.9594 91.8987 1844.2 787.905 875.723 315.82 559.903 479.093 124.137 80.8104 162.514 191.683
internal_count=57116 49966 25325 20412 16781 1531 15250 24641 6271 2393 18370 5257 13113 3878 436 3442 1357 3631 589 528 12585 4932 4913 1823 3090 2618 735 472 1036 1088
is_linear=0
shrinkage=0.05


Tree=11
num_leaves=31
num_cat=0
split_feature=9 7 5 28 14 8 8 6 5 28 28 4 5 28 28 6 4 28 14 9 4 15 8 4 3 28 15 14 3 28
split_gain=278.363 201.574 187.305 166.041 165.343 141.172 184.961 231.744 140.665 139.848 137.442 135.517 139.281 133.459 129.563 120.149 176.783 162.723 141.005 139.379 120.273 119.339 119.242 131.157 207.063 143.211 118.859 86.1433 126.762 96.3781
threshold=12.350000000000003 29.000000000000004 5.5000000000000009 48.500000000000007 -2.4999999999999996 10.150000000000002 9.9000000000000021 25.350000000000005 3.5000000000000004 19.500000000000004 52.500000000000007 0.90500000000000014 1.5000000000000002 24.500000000000004 44.500000000000007 70.050000000000011 0.29500000000000004 28.500000000000004 1.0000000180025095e-35 10.250000000000002 0.94500000000000006 1.5000000000000002 26.700000000000003 1.3950000000000002 0.72900000000000009 50.500000000000007 1.5000000000000002 1.5000000000000002 0.56800000000000006 40.500000000000007
decision_type=2 2 2 10 2 2 2 2 2 8 8 2 2 10 10 2 2 10 2 2 2 2 2 2 2 10 2 2 2 8
left_child=5 2 3 4 -2 6 10 8 -8 11 13 12 -7 -1 -6 16 19 18 -17 -11 -19 -9 23 24 -4 -25 -15 -3 -29 -30
right_child=1 27 22 -5 14 9 7 21 -10 15 -12 -13 -14 26 -16 17 -18 20 -20 -21 -22 -23 -24 25 -26 -27 -28 28 29 -31
leaf_value=-0.023445772925282944 -0.041449821984458984 -0.048734164432300671 0.034470430755114065 -0.024581030983624047 0.0098448165192923914 0.00070968260773918417 -0.058598127657807531 0.12022701363167039 0.11016989063248683 -0.01968124951294304 -0.01994422921972587 -0.057369475249159578 0.090732734272540569 0.084273633445237112 0.054012277739488204 -0.012288440813102399 -0.037012141170272378 0.036601608069397544 0.13350368665354878 0.012589172592755639 -0.033829450811179537 0.0050470428414214914 0.16952623750169965 0.12600958316949384 -0.060048708000830113 0.031704669216180745 -0.061473674598057929 0.10114483482656683 0.081323468425239021 -0.041435020353562863
leaf_weight=69.846711248159409 150.43932951241732 214.39980224519968 317.80367387831211 388.38817668706179 3233.8109528496861 89.758327886462212 55.219211049377918 93.456233367323875 15.902141809463499 1234.7044113874435 444.10003527253866 40.976159624755383 82.418454110622406 100.33335039019585 175.02797738462687 26.675098203122616 1054.7434681430459 97.155260816216469 43.843566387891769 458.98345078527927 161.16527653485537 29.615461632609367 16.503782495856285 68.108901038765907 70.86353425681591 98.447135478258133 16.25481241941452 26.058902159333229 19.186214029788971 95.940938226878643
leaf_count=433 996 1570 1780 2446 19056 489 445 461 66 8837 3016 289 437 548 947 184 7545 635 255 2927 1094 177 92 309 476 557 110 157 113 649
internal_value=-0.000600313 0.00748318 0.0103351 0.00646135 0.0098487 -0.0101764 0.00832153 0.0509886 -0.020863 -0.0148128 -0.00481913 0.0243533 0.0438024 0.0312098 0.0121126 -0.0175257 -0.0209431 0.011037 0.0783549 -0.0109361 -0.00734008 0.0925106 0.0370824 0.0331455 0.0172373 0.0702683 0.0639534 -0.0287635 0.00156317 -0.020977
internal_weight=8990.13 4874.98 4519.39 3947.67 3559.28 4115.15 824.728 194.193 71.1214 3290.42 630.535 213.153 172.177 186.435 3408.84 3077.27 2748.43 328.839 70.5187 1693.69 258.321 123.072 571.727 555.223 388.667 166.556 116.588 355.586 141.186 115.127
internal_count=57096 29148 26659 23445 20999 27948 5256 1149 511 22692 4107 1215 926 1091 20003 21477 19309 2168 439 11764 1729 638 3214 3122 2256 866 658 2489 919 762
is_linear=0
shrinkage=0.05


Tree=12
num_leaves=31
num_cat=0
split_feature=30 5 30 9 28 4 8 30 29 14 8 19 28 2 4 4 9 14 3 8 4 4 28 18 8 8 4 19 3 29
split_gain=281.56 330.443 291.787 253.602 180.824 203.628 141.8 141.629 135.3 115.859 104.243 102.282 95.3496 91.583 84.3165 123.606 81.1792 85.4484 76.4963 162.176 189.552 155.468 110.996 105.466 62.5533 52.2701 45.5484 58.3589 29.0216 27.863
threshold=78.500000000000014 1.5000000000000002 43.500000000000007 12.15 22.500000000000004 1.1250000000000002 13.15 33.500000000000007 1.0000000180025095e-35 1.5000000000000002 13.000000000000002 -1.0000000180025095e-35 29.500000000000004 6.5000000000000009 0.81500000000000006 0.80500000000000016 7.0500000000000007 1.5000000000000002 0.27950000000000003 11.850000000000001 0.52500000000000013 0.03500000000000001 15.500000000000002 -1.0000000180025095e-35 9.9000000000000021 19.800000000000004 2.1000000000000001 0.115 0.74450000000000005 1.0000000180025095e-35
decision_type=2 2 2 2 8 2 2 2 8 2 2 10 10 2 2 2 2 2 2 2 2 2 8 10 2 2 2 8 2 8
left_child=1 6 18 14 28 -6 10 9 11 12 16 -9 -8 -10 15 -4 24 -18 21 20 -20 23 -21 -3 -1 -11 29 -28 -5 -2
right_child=26 2 3 4 5 -7 7 8 13 25 -12 -13 -14 -15 -16 -17 17 -19 19 22 -22 -23 -24 -25 -26 -27 27 -29 -30 -31
leaf_value=0.0020140747974162062 0.027666151068391126 0.17117864975648531 -0.0096274703208269093 -0.05434233114243206 0.0097323179865566132 0.046981121570931643 -0.0038672858547554399 0.11161172151409481 -0.026765812244705235 0.018276296077538733 0.14648802377394698 0.001192134022591213 0.13664837125533283 0.026274296736772076 -0.040702680172765113 0.15677804243240623 0.018980661444518227 -0.056009326757208655 0.16518228687958017 0.099124391399536382 -0.03885011836775161 -0.05986603989572066 0.029029976228248568 -0.026705498592170824 -0.0456305744448205 0.12343157375139646 0.08895165624075195 -0.04276864942320819 0.01889452460296899 -0.038861968964258552
leaf_weight=172.03319434821606 16.199734814465046 15.806404218077661 917.10759565979242 108.59909908473492 1968.5104773268104 450.95768252760172 692.69793274998665 30.610641315579414 1878.9407977536321 20.596180364489555 13.24712799489498 66.60764454305172 12.286992937326429 85.07011466473341 242.68866169452667 11.29690772294998 648.47572707384825 40.350960090756416 49.411295101046562 61.905701965093613 14.790851026773451 52.377844497561455 644.14817269146442 11.730367377400396 114.90462253987789 27.72659732401371 16.772416487336159 16.863595187664032 15.45164057612419 552.53328435868025
leaf_count=1101 109 87 6332 820 11256 2447 4358 146 13203 110 59 390 66 494 1732 65 4070 260 256 292 81 302 3562 67 866 145 88 121 101 4142
internal_value=-0.000606866 0.00176972 0.0108392 0.00479153 0.0136563 0.016675 -0.00911493 -0.0148378 -0.0216183 0.00371548 0.00717114 0.0359594 -0.00141828 -0.0244684 -0.014462 -0.00760263 0.00527975 0.0145878 0.0372631 0.0420941 0.118177 -0.00929993 0.0351757 0.0868821 -0.0170653 0.0786122 -0.0336233 0.022913 -0.04522 -0.036967
internal_weight=8970.7 8368.33 4564.78 3714.61 2543.52 2419.47 3803.55 2814.54 2061.23 753.308 989.012 97.2183 704.985 1964.01 1171.09 928.405 975.765 688.827 850.171 770.256 64.2021 79.9146 706.054 27.5368 286.938 48.3228 602.369 33.636 124.051 568.733
internal_count=57128 52668 27400 22753 14624 13703 25268 18912 14233 4679 6356 536 4424 13697 8129 6397 6297 4330 4647 4191 337 456 3854 154 1967 255 4460 209 921 4251
is_linear=0
shrinkage=0.05


Tree=13
num_leaves=31
num_cat=0
split_feature=30 5 30 9 28 3 8 30 28 28 3 0 10 29 19 0 10 1 15 26 3 29 1 10 7 19 16 28 3 19
split_gain=279.619 285.355 260.846 210.025 157.258 154.151 136.98 137.869 121.12 217.206 202.206 113.964 109.548 104.869 118.881 100.278 128.858 90.8784 184.876 106.496 89.9296 89.4841 71.6257 115.073 90.6336 73.8466 73.5672 69.6636 39.7655 31.103
threshold=79.500000000000014 1.5000000000000002 42.500000000000007 12.15 22.500000000000004 0.89450000000000018 13.15 39.500000000000007 36.500000000000007 26.500000000000004 0.36050000000000004 4.5000000000000009 1.0000000180025095e-35 1.0000000180025095e-35 -1.0000000180025095e-35 5.5000000000000009 19.900000000000002 3.5000000000000004 1.0000000180025095e-35 7.5000000000000009 0.7945000000000001 1.0000000180025095e-35 6.5000000000000009 14.100000000000001 21.000000000000004 0.27500000000000002 1.0000000180025095e-35 33.500000000000007 0.74450000000000005 0.97500000000000009
decision_type=2 2 2 2 8 2 2 2 8 10 2 2 2 8 10 2 2 2 2 2 2 8 2 2 2 10 2 10 2 10
left_child=1 6 22 15 28 -6 8 11 9 10 -1 12 -8 14 -9 21 -17 19 -19 -10 -15 -4 23 25 27 -3 -26 -24 -5 -2
right_child=29 2 3 4 5 -7 7 13 17 -11 -12 -13 -14 20 -16 16 -18 18 -20 -21 -22 -23 24 -25 26 -27 -28 -29 -30 -31
leaf_value=0.065443118152140697 -0.037863508206557608 0.028471151213838655 0.033895142322446468 -0.053009922124884958 0.018157383291739604 -0.038791472229256038 0.021720070219818428 0.11653113471810857 -0.020922947472596487 0.12723455521185989 -0.050431650501707427 0.18545514998923623 -0.012821718388158938 -0.017854888247815556 -0.0081459848897511237 0.099549215286131254 -0.060897792425517044 0.052985437224150791 -0.024286248253553494 0.078315315278095154 -0.043513118499054426 -0.019747969843879654 0.091410891694990962 -0.0572481943915941 -0.022160677766861276 0.12947918615245613 0.094957424906927212 0.01633734045341129 0.03152084646034671 0.072853728013421756
leaf_weight=80.073973461985588 494.65768647193909 498.39664505422115 83.908066883683205 108.61705651879311 2415.6381772384048 124.9748510196805 353.12163673341274 27.690323561429977 448.69351860135794 54.703115954995155 71.060359321534634 8.2862015068531019 655.87523182481527 1207.808037519455 61.770950451493263 41.282050654292107 17.95711861550808 179.36293367296457 136.17591327428818 28.767616033554077 476.11730036884546 1057.9861841201782 148.91278061270714 38.699811175465584 50.711626008152962 18.776728928089142 18.227928519248962 38.992242440581322 15.956790477037428 6.425658553838729
leaf_count=404 3795 2729 516 847 13591 730 2128 125 3131 277 516 43 4201 8570 363 246 123 1095 857 118 3520 7509 740 213 299 100 80 203 102 36
internal_value=-0.000151316 0.0019961 0.0102559 0.00484335 0.0126666 0.015356 -0.0082026 -0.0138898 0.00768704 0.0418618 0.0109611 0.000783556 -0.000733026 -0.0223071 0.0304445 -0.0125156 0.0509131 -0.00118364 0.0196376 -0.0149437 -0.0251096 -0.0158062 0.0360051 0.0259153 0.0578418 0.0321384 0.00880588 0.0758324 -0.0421823 -0.0364437
internal_weight=8969.63 8468.55 4679.04 3866.32 2665.19 2540.61 3789.51 2790.67 998.837 205.837 151.134 1017.28 1009 1773.39 89.4613 1201.13 59.2392 793 315.539 477.461 1683.93 1141.89 812.718 555.873 256.845 517.173 68.9396 187.905 124.574 501.083
internal_count=57207 53376 28028 23664 15270 14321 25348 18950 6398 1197 920 6372 6329 12578 488 8394 369 5201 1952 3249 12090 8025 4364 3042 1322 2829 379 943 949 3831
is_linear=0
shrinkage=0.05


Tree=14
num_leaves=31
num_cat=0
split_feature=30 5 30 28 28 5 13 3 4 8 13 5 16 0 2 28 1 29 8 4 26 8 28 2 6 4 0 28 29 14
split_gain=265.84 269.22 226.557 178.554 190.335 179.483 136.892 472.265 165.096 135.925 136.354 155.674 168.539 131.741 121.648 119.755 117.209 135.234 192.44 133.382 94.6859 93.8686 83.5405 72.2819 141.257 90.1554 80.503 86.0474 71.5367 70.8718
threshold=74.500000000000014 1.5000000000000002 43.500000000000007 36.500000000000007 39.500000000000007 5.5000000000000009 1.0000000180025095e-35 0.55400000000000016 2.7050000000000005 13.15 1.0000000180025095e-35 1.0000000180025095e-35 1.5000000000000002 5.5000000000000009 7.5000000000000009 28.500000000000004 3.5000000000000004 14.500000000000002 11.850000000000001 0.21500000000000002 7.5000000000000009 9.7500000000000018 24.500000000000004 2.5000000000000004 35.850000000000001 0.10500000000000002 3.5000000000000004 15.500000000000002 15.500000000000002 -1.0000000180025095e-35
decision_type=2 2 2 8 8 2 2 2 2 2 2 2 2 2 2 8 2 10 2 2 2 2 10 2 2 2 2 8 10 2
left_child=1 9 23 6 -5 -6 7 -4 -8 16 13 12 -12 29 -15 -13 17 20 -19 21 -1 -18 -21 24 25 -3 27 -25 -28 -11
right_child=-2 2 3 4 5 -7 8 -9 -10 10 11 15 -14 14 -16 -17 19 18 -20 22 -22 -23 -24 26 -26 -27 28 -29 -30 -31
leaf_value=-0.020218585672086092 -0.025018763777862343 0.033299009439717933 0.16461161064603499 0.1102033710839363 0.0031604400729629925 0.037668632422341079 -0.050599210426353174 -0.023550436917024048 0.1390913949540131 -0.041660948209946078 0.033560430959356714 0.067209636830219618 -0.057143474045438084 0.11566562589938079 -0.053846576054937895 -0.019081485119118443 0.018477169354282261 0.10884450717476557 -0.05813508153346103 -0.03831218560148527 0.076388852530729329 0.082028868332062715 0.034104016421227755 0.11987650939409898 -0.0096778516102569503 0.13574584529138409 -0.046514564293379468 0.045309527959778738 0.054586509924630759 -0.018077716788606531
leaf_weight=478.53997378051281 976.95252767205238 81.577851638197899 39.813357710838318 46.881609529256821 2379.3667831644416 447.70673304796219 293.0212444588542 205.33069790899754 11.937921747565268 488.77631360292435 403.52056212723255 42.482643768191338 58.658734813332558 31.385278269648552 15.968882158398626 750.58327931165695 104.97596278786659 53.707155525684357 25.422212190926075 87.771636933088303 26.78271396458149 130.13156305253506 72.90716090798378 42.344695553183556 207.35670998692513 29.14823754131794 42.409720256924629 448.10826888680458 29.78495866805315 914.83960680663586
leaf_count=3362 7177 465 202 226 14429 2365 2114 1360 52 3608 2653 243 440 155 101 4954 606 237 212 568 111 723 449 186 1152 145 251 2309 156 6370
internal_value=-0.000398208 0.00261173 0.0111044 0.00528694 0.0102823 0.0086253 -0.0208108 0.00700859 -0.0431736 -0.00730545 -0.0130837 -0.00101704 0.0220485 -0.0235227 0.0585023 -0.0144591 0.00864709 -0.00558077 0.0551983 0.0296572 -0.0150983 0.0536529 -0.00545371 0.0337213 0.0146705 0.0602678 0.0444912 0.0517475 -0.00480385 -0.02629
internal_weight=8968.19 7991.24 4304.79 3424.06 2873.96 2827.07 550.103 245.144 304.959 3686.45 2706.22 1255.25 462.179 1450.97 47.3542 793.066 980.238 584.452 79.1294 395.786 505.323 235.108 160.679 880.73 318.083 110.726 562.648 490.453 72.1947 1403.62
internal_count=57381 50204 25412 20748 17020 16794 3728 1562 2166 24792 18524 8290 3093 10234 256 5197 6268 3922 449 2346 3473 1329 1017 4664 1762 610 2902 2495 407 9978
is_linear=0
shrinkage=0.05


Tree=15
num_leaves=31
num_cat=0
split_feature=30 5 30 26 24 29 3 7 5 8 13 28 29 28 28 28 3 0 15 15 1 26 1 28 28 30 18 26 0 20
split_gain=258.39 237.599 249.726 169.026 154.487 153.596 194.507 188.562 128.337 119.432 121.787 143.98 185.774 141.209 93.5958 185.825 177.974 78.0728 131.231 74.0474 126.164 72.9338 62.8178 106.076 77.3741 71.7458 61.4428 57.8046 56.6305 22.9408
threshold=80.500000000000014 1.5000000000000002 43.500000000000007 3.5000000000000004 4.5000000000000009 1.5000000000000002 0.29300000000000004 21.000000000000004 3.5000000000000004 13.15 1.0000000180025095e-35 28.500000000000004 5.5000000000000009 22.500000000000004 36.500000000000007 26.500000000000004 0.36050000000000004 5.5000000000000009 2.5000000000000004 1.5000000000000002 3.5000000000000004 3.5000000000000004 5.5000000000000009 13.000000000000002 15.500000000000002 29.500000000000004 1.5000000000000002 1.0000000180025095e-35 1.5000000000000002 9.5000000000000018
decision_type=2 2 2 2 2 8 2 2 2 2 2 8 10 10 8 10 2 2 2 2 2 2 2 10 8 2 10 2 2 10
left_child=1 9 22 5 28 7 -7 -4 -6 14 17 13 -13 -12 15 16 -1 21 -19 20 -16 -11 24 26 -3 -25 -24 -26 -5 -2
right_child=29 2 3 4 8 6 -8 -9 -10 10 11 12 -14 -15 19 -17 -18 18 -20 -21 -22 -23 23 25 27 -27 -28 -29 -30 -31
leaf_value=0.056858308158006556 -0.040855343588821723 0.13755546201380051 0.069177335442051735 0.0038593013755983114 -0.055850130583497831 -0.043755190883148949 0.0016700500969062282 -0.0067552553834028129 0.074665790300377038 -0.028006572936027797 0.026024612287706847 0.0020348705040171729 -0.05065908672698291 0.17287381005814681 -0.013056286173158019 0.11131458687061886 -0.051277255009610861 0.17696228985086782 -0.0083654568297200412 -0.059434043394501992 0.028949683148195928 0.020319967455618336 0.082242444882475868 -0.041805363993251597 0.013849222009094695 0.035147084476011545 0.00010374387999449746 0.13571705923996205 0.12562076458446789 0.057488067666628687
leaf_weight=82.833409518003464 397.45403411984444 13.61448450386524 176.76824685931206 11.267320618033407 40.134745560586452 254.67824120074511 3155.3912947401404 152.11685818433762 35.490544639527798 1341.7178697362542 89.65084020793438 967.69229246675968 202.21689181774855 20.027445837855339 469.30118013173342 59.476457208395004 70.380479007959366 12.70886482298374 38.454677328467369 50.762750893831253 288.72582784295082 82.895931139588356 183.89481587707996 36.449730694293976 437.64807842671871 179.21948298811913 25.984597787261009 9.9515149593353254 62.626617774367332 6.0198581591248503
leaf_count=405 3202 59 959 61 281 1633 19693 851 170 9722 518 6404 1464 111 3288 279 531 63 218 333 1720 580 900 194 2374 927 139 46 279 36
internal_value=-0.000286853 0.00155788 0.00896968 0.00350935 0.0556389 0.00142471 -0.0017225 0.0340568 0.00540029 -0.00781319 -0.0132269 -0.00193785 -0.00707319 0.0528395 0.00678976 0.0363037 0.00718505 -0.0230151 0.0376694 -0.000971631 0.00294342 -0.0251945 0.0329133 0.0467676 0.0201304 0.0221415 0.0720731 0.0165587 0.107055 -0.0393881
internal_weight=8955.56 8552.08 4775.24 3888.47 149.519 3738.95 3410.07 328.885 75.6253 3776.84 2755.36 1279.59 1169.91 109.678 1021.48 212.69 153.214 1475.78 51.1635 808.79 758.027 1424.61 886.763 425.549 461.214 215.669 209.879 447.6 73.8939 403.474
internal_count=57440 54202 28566 23927 791 23136 21326 1810 451 25636 19080 8497 7868 629 6556 1215 936 10583 281 5341 5008 10302 4639 2160 2479 1121 1039 2420 340 3238
is_linear=0
shrinkage=0.05


Tree=16
num_leaves=31
num_cat=0
split_feature=30 9 30 26 3 28 29 6 14 23 8 8 10 0 0 25 23 14 8 23 0 20 10 6 6 29 30 28 8 9
split_gain=221.979 200.19 180.937 171.707 167.801 273.965 185.042 169.332 150.56 119.832 117.426 155.134 94.6679 94.0844 92.0601 86.23 120.737 115.292 80.1043 75.0676 83.6736 47.9932 27.6078 30.3044 75.4884 30.483 24.2 13.7961 25.5205 10.9103
threshold=79.500000000000014 10.750000000000002 44.500000000000007 5.5000000000000009 0.78200000000000014 26.500000000000004 49.500000000000007 80.750000000000014 -3.4999999999999996 1.5000000000000002 10.600000000000001 9.9000000000000021 2.8500000000000001 1.5000000000000002 5.5000000000000009 0.10500000000000002 1.0000000180025095e-35 1.5000000000000002 26.700000000000003 17.500000000000004 1.0000000180025095e-35 14.000000000000002 14.950000000000001 70.750000000000014 72.450000000000017 1.0000000180025095e-35 56.500000000000007 27.500000000000004 21.250000000000004 8.1500000000000004
decision_type=2 2 2 2 2 8 10 2 2 2 2 2 2 2 2 2 2 2 2 2 2 10 2 2 2 10 2 8 2 2
left_child=1 3 14 9 5 -4 7 -6 -7 10 11 -1 -5 -14 15 16 -3 -17 -12 -11 -21 22 27 -24 -25 -26 -15 28 -2 -29
right_child=21 2 4 12 6 8 -8 -9 -10 19 18 -13 13 26 -16 17 -18 -19 -20 20 -22 -23 23 24 25 -27 -28 29 -30 -31
leaf_value=-0.0003970794777255155 -0.057370739016674305 0.01820018829871305 -0.047707249014655666 0.1074878897013373 -0.035587565131708417 0.14272141738090041 0.19383882999318253 0.014768447432946658 0.0082880988988213149 -0.055492476433684969 -0.021489186230367108 0.08081715626384027 -0.058656060952781197 0.08247493636433674 0.14591773707226205 0.088176983533378911 -0.057965331998508798 -0.066796474082887983 0.016245517449094138 -0.059434607193764137 0.13912177340698834 0.093081923374914055 -0.05815184795374554 0.14099228134853733 0.041206033782857407 -0.027969490654586343 -0.0032818130157841099 -0.023991238583231909 0.081217307315803788 -0.051731688551660715
leaf_weight=388.72564318031073 7.4594102501869184 1681.3585648015141 226.46963787823915 42.760045424103737 610.1615647226572 20.960576638579369 10.066804140806196 229.82906741648912 3279.6440201848745 227.02198826521635 1252.2013709843159 69.280212044715881 27.66109012812376 31.226359188556671 14.257964804768561 80.101982280611992 53.69255131483078 14.116141825914381 158.43652365356684 10.305047586560249 10.93746030330658 7.3649219200015059 40.349464654922485 7.9190564379096022 18.596851170063019 110.86684989929199 11.169071175158022 41.789923340082169 5.9887542799115181 233.44162976741791
leaf_count=2573 67 9369 1790 181 4048 122 58 1323 19726 1925 9531 389 228 135 66 362 329 82 1090 78 70 40 338 56 123 886 63 340 44 1962
internal_value=-0.000255026 0.00161218 0.00621962 -0.011242 0.000685537 0.0054916 -0.0192559 -0.0218097 0.00914182 -0.0144452 -0.0101091 0.0118878 0.0488619 0.0130787 0.0193593 0.0183729 0.0158432 0.0649582 -0.017251 -0.0470822 0.0427992 -0.0335588 -0.0355586 -0.0200552 -0.00886619 -0.0180328 0.0598823 -0.0451036 0.00434547 -0.0475197
internal_weight=8924.16 8450.38 6220.66 2229.72 4377.13 3527.07 850.057 839.991 3300.6 2116.91 1868.64 458.006 112.817 70.0565 1843.53 1829.27 1735.05 94.2181 1410.64 248.264 21.2425 473.777 466.412 177.732 137.383 129.464 42.3954 288.68 13.4482 275.232
internal_count=57394 53538 37275 16263 27067 21638 5429 5371 19848 15656 13583 2962 607 426 10208 10142 9698 444 10621 2073 148 3856 3816 1403 1065 1009 198 2413 111 2302
is_linear=0
shrinkage=0.05


Tree=17
num_leaves=31
num_cat=0
split_feature=30 29 15 1 30 3 28 2 4 14 29 28 1 29 4 7 1 6 4 28 30 3 3 19 15 19 4 19 28 13
split_gain=214.278 158.224 222.05 130.959 181.611 158.226 162.896 162.003 139.223 145.793 162.9 115.083 107.318 98.4663 92.0996 132.418 131.055 88.6216 45.616 61.0527 59.747 45.0542 44.4445 34.3297 32.549 31.5725 40.9374 30.3838 19.1461 36.676
threshold=79.500000000000014 1.0000000180025095e-35 1.0000000180025095e-35 2.5000000000000004 44.500000000000007 0.89450000000000018 35.500000000000007 11.500000000000002 0.19500000000000003 1.0000000180025095e-35 14.500000000000002 30.500000000000004 5.5000000000000009 21.500000000000004 1.6650000000000003 21.000000000000004 10.500000000000002 35.150000000000013 1.6950000000000001 61.500000000000007 83.500000000000014 0.58100000000000007 0.84800000000000009 0.020000000000000014 2.5000000000000004 0.33500000000000002 0.41500000000000004 0.97500000000000009 47.500000000000007 1.0000000180025095e-35
decision_type=2 8 2 2 2 2 8 2 2 2 10 8 2 10 2 2 2 2 2 8 2 2 2 10 2 10 2 10 8 2
left_child=1 2 22 8 12 6 -6 -7 9 10 -3 -11 13 -5 15 16 -4 -14 27 -20 23 -17 -1 -21 -16 -10 -27 28 29 -2
right_child=18 3 14 4 5 7 -8 -9 25 11 -12 -13 17 -15 24 21 -18 -19 19 20 -22 -23 -24 -25 -26 26 -28 -29 -30 -31
leaf_value=0.15227201336904939 0.018464171526166823 -0.019574492755586183 0.015188297247906726 0.0049990002204720538 -0.022691562750709014 -0.055567453066345564 0.0037384942942522512 0.12402422828738589 -0.05039223632329979 -0.029674973289043019 0.1111202584157046 0.053163770436271129 0.12520663557673126 0.10637924151097949 0.13246393990250382 -0.055988098208744265 0.11201357423022013 0.029490934087177539 -0.057868060570995528 0.15063966039684959 -0.032348395125207305 0.0052432767145665421 0.048427286467041204 0.029416376705268116 0.027083217844202589 0.10781751769235957 -0.059515031608141228 0.071857047360531542 -0.047368984254359328 -0.04836096493873366
leaf_weight=40.058203727006912 35.265179611742496 792.93161787837744 205.34487830847502 1043.8291595727205 680.36363315582275 198.47466947138309 4073.0420231223106 13.405287981033323 256.48311273753643 57.41649354994297 24.581219241023064 155.40314526855946 25.183548361063004 24.513315469026566 22.109694138169289 74.971673518419266 42.114918202161789 608.77974244952202 23.128868661820889 12.674111589789392 15.230925545096396 50.129158660769463 13.871593967080114 10.831680677831171 10.959728062152861 7.3979651853442174 7.2245110720396042 6.0025835037231436 303.04911058396101 49.148003868758678
leaf_count=183 278 5856 1129 5868 4907 1382 25742 59 2167 371 100 968 111 111 100 444 189 3206 199 75 106 283 72 73 63 51 54 33 2606 436
internal_value=-8.87168e-05 0.00171614 0.0302434 7.10183e-05 0.00290282 -0.00192892 -4.4488e-05 -0.044205 -0.014437 -0.00604832 -0.0156447 0.0308148 0.016996 0.00732519 0.0175706 0.0104724 0.0316669 0.0332931 -0.0334982 0.00641284 0.0447936 -0.0314521 0.125562 0.0947789 0.0975391 -0.0463181 0.0251437 -0.0397736 -0.041503 -0.0204435
internal_weight=8883.92 8428.59 459.56 7969.03 6667.59 4965.29 4753.41 211.88 1301.44 1030.33 817.513 212.82 1702.31 1068.34 405.63 372.561 247.46 633.963 455.33 61.8656 38.7367 125.101 53.9298 23.5058 33.0694 271.106 14.6225 393.465 387.462 84.4132
internal_count=57222 53416 2463 50953 41386 32090 30649 1441 9567 7295 5956 1339 9296 5979 2208 2045 1318 3317 3806 453 254 727 255 148 163 2272 105 3353 3320 714
is_linear=0
shrinkage=0.05


Tree=18
num_leaves=31
num_cat=0
split_feature=30 5 30 9 6 1 25 26 26 8 13 4 13 16 30 6 2 4 16 4 13 6 24 9 18 20 30 30 8 14
split_gain=190.35 223.126 158.017 217.747 121.542 169.718 106.616 163.851 150.609 91.1844 140.279 104.158 78.2735 109.602 71.1539 59.1996 137.007 67.627 59.7377 58.1724 73.3805 54.3305 47.0411 61.5274 43.8686 40.0145 31.8379 31.1759 28.9258 36.9969
threshold=76.500000000000014 1.5000000000000002 44.500000000000007 12.15 29.950000000000003 4.5000000000000009 0.48500000000000004 7.5000000000000009 5.5000000000000009 13.15 1.0000000180025095e-35 0.22500000000000003 1.0000000180025095e-35 2.5000000000000004 48.500000000000007 37.050000000000004 2.5000000000000004 0.10500000000000002 1.0000000180025095e-35 2.1000000000000001 1.0000000180025095e-35 77.050000000000011 11.500000000000002 6.3500000000000005 -1.0000000180025095e-35 14.000000000000002 81.500000000000014 82.500000000000014 20.700000000000006 2.5000000000000004
decision_type=2 2 2 2 2 2 2 2 2 2 2 2 2 2 2 2 2 2 2 2 2 2 2 2 10 10 2 2 2 2
left_child=1 6 15 12 -5 -6 8 22 9 11 -11 -1 13 -4 -14 17 18 24 -17 25 -21 -18 -8 -24 -3 26 28 -22 29 -2
right_child=19 2 3 4 5 -7 7 -9 -10 10 -12 -13 14 -15 -16 16 21 -19 -20 20 27 -23 23 -25 -26 -27 -28 -29 -30 -31
leaf_value=0.018406660752233933 -0.016224125719366666 0.072214054830251506 -0.0065806410705297599 -0.052478372288925629 0.091125406620236465 0.012562242055260762 -0.057269410451291858 0.076415973530332915 0.12698550437417205 -0.021821947141847625 0.0020515306796421596 -0.019910320025523696 -0.051154441709719146 0.08529034438878072 -0.013301795789563271 0.010872391965215287 0.041096216662496972 0.10897249562471326 -0.042827115314272711 -0.058888522516151044 0.12041221070326782 0.0019013839646991942 0.11766134779880588 -0.060885127090219288 0.0036755163416502278 0.090143455234471384 -0.042665085466425855 0.0062091370477882031 -0.040633019147054299 0.058477255609472784
leaf_weight=666.01689518988132 257.62343147397041 41.86771334707737 510.13504642993212 68.876931935548782 70.844207152724266 2318.2260546758771 220.30468747764826 28.347109600901604 21.639760464429855 1278.7053219079971 1186.0570053383708 241.72912330180407 201.04606188088655 34.670164570212364 324.59125281870365 120.30194260179996 514.81111437082291 44.082383409142494 90.940070524811745 14.132753223180769 17.746254980564121 106.74815136194229 9.2029105797410029 10.143185570836065 52.776016965508461 7.0744065120816222 269.5789217799902 9.0099108815193159 122.38530980795622 17.714486859738827
leaf_count=4147 1967 222 3510 393 379 13084 1924 121 91 9316 7739 1654 1577 216 2338 657 2521 203 502 114 92 569 63 74 298 38 2397 55 953 116
internal_value=9.84178e-05 0.00226582 0.00972361 0.00480708 0.0130041 0.0148919 -0.00689806 -0.0372588 -0.00450081 -0.0053445 -0.0103339 0.008203 -0.0140148 -0.00073418 -0.0277797 0.0275795 0.022542 0.0578203 -0.0122453 -0.0246343 0.0332744 0.0343648 -0.0507049 0.0240492 0.033995 -0.0281454 -0.0293994 0.0819553 -0.0204079 -0.011418
internal_weight=8877.33 8162.06 4499.92 3528.39 2457.95 2389.07 3662.15 267.998 3394.15 3372.51 2464.76 907.746 1070.44 544.805 525.637 971.527 832.801 138.726 211.242 715.265 40.8889 621.559 239.651 19.3461 94.6437 674.377 667.302 26.7562 397.723 275.338
internal_count=57330 51598 26469 21497 13856 13463 25129 2182 22947 22856 17055 5801 7641 3726 3915 4972 4249 723 1159 5732 261 3090 2061 137 520 5471 5433 147 3036 2083
is_linear=0
shrinkage=0.05


Tree=19
num_leaves=31
num_cat=0
split_feature=30 5 3 5 27 30 30 3 28 28 25 24 26 16 28 18 8 27 30 28 4 6 6 19 4 0 28 28 28 19
split_gain=191.424 189.021 162.353 206.602 179.114 485.984 145.303 183.108 138.494 123.364 101.853 152.81 131.484 96.7683 92.1591 89.5138 84.1807 72.2631 67.4096 63.0444 50.3671 44.4049 43.2489 30.4044 20.0368 27.2271 18.4069 20.9417 16.8096 11.863
threshold=80.500000000000014 1.5000000000000002 0.27950000000000003 5.5000000000000009 22.350000000000005 51.500000000000007 42.500000000000007 0.88200000000000012 22.500000000000004 47.500000000000007 0.48500000000000004 10.500000000000002 5.5000000000000009 2.5000000000000004 46.000000000000007 1.0000000180025095e-35 11.850000000000001 82.550000000000011 46.500000000000007 51.500000000000007 0.03500000000000001 33.650000000000013 23.250000000000004 1.0350000000000004 1.7250000000000003 3.5000000000000004 27.500000000000004 20.500000000000004 67.500000000000014 -0.14499999999999999
decision_type=2 2 2 2 2 2 2 2 8 8 2 2 2 2 10 8 2 2 2 10 2 2 2 10 2 2 8 10 8 10
left_child=1 10 3 15 6 8 16 -8 -6 -7 12 -12 13 14 -1 29 -4 21 -5 -20 -17 -13 -15 24 26 28 27 -2 -26 -3
right_child=23 2 4 18 5 9 7 -9 -10 -11 11 17 -14 22 -16 20 -18 -19 19 -21 -22 -23 -24 -25 25 -27 -28 -29 -30 -31
leaf_value=-0.0018982140430400332 -0.056883108960982802 -0.033517422185674293 0.085654272136318377 0.15830376556832715 -0.0097163118276268612 0.05951558472764687 0.0056835856475152373 -0.038428147917659652 0.090144132706690944 -0.032340128084738712 -0.05601845127528611 0.15869670245015174 0.11897683382374841 0.07052190512253935 -0.047014673121825806 0.046872358183987814 0.022051283081427557 -0.057468976657737293 -0.059338384440664353 0.11271322860594522 -0.027310207698509947 0.03947952149193984 -0.046584710019524578 0.076851748718198748 -0.016332019004188573 -0.037003167150446103 -0.044688158803392108 0.067865081821158135 0.083073878001598045 -0.060172886393471993
leaf_weight=3105.7771614566445 5.8795656710863096 54.643492624163628 56.492280706763268 17.34052337706089 39.664640605449677 44.601919956505299 2903.9354841113091 255.99405910819769 278.53138811886311 202.53253802657127 215.87677975744009 10.077814549207686 21.335605353116989 8.2633835300803167 117.47129511088133 39.618161559104919 657.61327017843723 16.007717505097389 10.794486276805403 10.506908163428305 54.163459300994873 34.721351683139801 171.76976235210896 5.9052477627992621 7.2211075872182873 28.358446851372719 297.9249704554677 7.8637679815292358 10.345851607620714 176.77460408210754
leaf_count=21053 56 346 268 81 232 236 17897 1752 1246 1301 1950 58 88 53 796 213 3354 144 66 51 322 183 1308 28 63 226 2741 64 64 1184
internal_value=-0.000144086 0.00137465 0.00791817 -0.0241917 0.0105498 0.0368407 0.00671326 0.00210998 0.0776961 -0.0157623 -0.00711693 -0.0362975 -0.00475935 -0.00553507 -0.00354248 -0.0371795 0.0270829 0.0337158 0.0851099 0.025526 0.00402831 0.0662981 -0.0412096 -0.0356768 -0.0375351 -0.00670256 -0.0420784 0.0144963 0.0422119 -0.0538789
internal_weight=8868.01 8504.51 4803.21 363.842 4439.37 565.33 3874.04 3159.93 318.196 247.134 3701.3 276.684 3424.62 3403.28 3223.25 325.2 714.106 60.8069 38.6419 21.3014 93.7816 44.7992 180.033 363.499 357.594 45.9254 311.668 13.7433 17.567 231.418
internal_count=57424 54182 28549 2263 26286 3015 23271 19649 1478 1537 25633 2335 23298 23210 21849 2065 3622 385 198 117 535 241 1361 3242 3214 353 2861 120 127 1530
is_linear=0
shrinkage=0.05


Tree=20
num_leaves=31
num_cat=0
split_feature=30 5 30 3 28 13 2 15 28 8 2 30 29 3 1 29 2 13 8 4 7 15 28 1 19 4 28 3 29 28
split_gain=168.955 173.144 140.223 122.877 132.677 153.224 125.14 110.372 98.7606 118.206 109.144 130.964 91.1885 164.622 94.1138 88.0791 53.199 93.842 79.9926 73.3567 67.2231 54.5281 53.1617 41.3358 26.3903 22.8803 27.3571 40.5357 19.9133 21.1703
threshold=80.500000000000014 1.5000000000000002 42.500000000000007 0.89450000000000018 35.500000000000007 1.0000000180025095e-35 11.500000000000002 1.0000000180025095e-35 50.500000000000007 13.15 6.5000000000000009 33.500000000000007 6.5000000000000009 0.39450000000000007 3.5000000000000004 14.500000000000002 2.5000000000000004 1.0000000180025095e-35 19.350000000000005 0.28500000000000009 21.000000000000004 1.5000000000000002 14.500000000000002 1.5000000000000002 1.0350000000000004 1.7250000000000003 61.500000000000007 0.71000000000000008 1.0000000180025095e-35 47.500000000000007
decision_type=2 2 2 2 8 2 2 2 10 2 2 2 10 2 2 10 2 2 2 2 2 2 10 2 10 2 8 2 8 8
left_child=1 8 16 4 5 -4 23 -6 9 12 11 -11 14 -14 -1 -12 17 19 21 -3 -20 -18 -19 -5 25 28 -27 -28 -2 -30
right_child=24 2 3 6 7 -7 -8 -9 -10 10 15 -13 13 -15 -16 -17 18 22 20 -21 -22 -23 -24 -25 -26 26 27 -29 29 -31
leaf_value=-0.012334082754514699 0.04296447267192896 0.031511413781291568 0.011049031655247458 0.04182521886396829 -0.0013209938355541655 -0.043528475590433886 0.10424419730874457 0.017407475911069611 -0.050195170222946617 0.0049722287005172817 0.065976685368822466 -0.02013422080249511 0.084985847606727005 -0.0087259679338721041 0.023716770520922206 -0.059497160519949521 0.067974506362122378 0.0010094503521683924 0.030106892084485665 0.16079957664018579 -0.026820611218564796 0.010068311348160656 -0.064994567654153249 -0.052839666496346895 0.068317042059848967 -0.05673978735191415 -0.022757076703088085 0.093586871472140024 -0.017699156385021755 -0.050348522642991049
leaf_weight=450.85922439396381 6.8749269917607299 103.32430773973465 242.38929665088654 12.375027097761629 1374.3820427954197 273.93541216850281 14.921130388975142 1839.6762317195535 126.6313883215189 736.32498919218779 75.138285495340824 1763.288970708847 99.961378253996372 88.226129256188869 302.49787369370461 17.185330294072628 197.94942085444927 163.76448158919811 244.78068880736828 12.274794682860373 65.797244712710381 51.162329003214836 37.490945354104042 169.19078327715397 6.1759951412677756 16.045908212661743 18.796788975596431 12.442488253116606 63.720424629747868 224.84375229477882
leaf_count=3214 55 555 1589 95 8382 2094 65 10627 880 4641 401 13353 459 650 1755 132 907 861 1169 60 369 244 214 1241 29 155 141 65 579 2165
internal_value=-2.25936e-05 0.00138307 0.00762574 0.00358957 0.00561946 -0.017907 -0.0349487 0.00939889 -0.00680959 -0.00525476 -0.0107666 -0.0127385 0.00991858 0.0410518 0.00214153 0.0426207 0.0257075 0.0093364 0.0349756 0.0452398 0.0180466 0.0560818 -0.0112861 -0.0463876 -0.0341209 -0.0359669 -0.00367447 0.0235823 -0.0411353 -0.0431389
internal_weight=8812.43 8463.53 4803.41 3926.87 3730.38 516.325 196.487 3214.06 3660.11 3533.48 2591.94 2499.61 941.545 188.188 753.357 92.3236 876.544 316.855 559.69 115.599 310.578 249.112 201.255 181.566 348.9 342.724 47.2852 31.2393 295.439 288.564
internal_count=57146 53957 28472 24093 22692 3683 1401 19009 25485 24605 18527 17994 6078 1109 4969 533 4379 1690 2689 615 1538 1151 1075 1336 3189 3160 361 206 2799 2744
is_linear=0
shrinkage=0.05


Tree=21
num_leaves=31
num_cat=0
split_feature=30 5 3 5 3 10 30 9 10 25 23 26 18 9 13 8 5 8 30 28 6 1 30 10 19 10 28 19 6 6
split_gain=154.688 148.658 135.472 210.344 182.058 129.75 129.168 180.257 121.608 97.3199 167.298 132.874 86.5563 89.702 82.3449 173.285 160.327 75.8473 60.7021 62.8935 57.2505 50.4754 68.766 26.3136 44.2439 33.2073 14.4718 12.9825 10.7694 29.3181
threshold=80.500000000000014 1.5000000000000002 0.27950000000000003 5.5000000000000009 0.34300000000000003 2.1500000000000008 44.500000000000007 12.050000000000002 7.5500000000000007 0.48500000000000004 15.500000000000002 5.5000000000000009 1.0000000180025095e-35 9.4500000000000011 1.0000000180025095e-35 11.000000000000002 1.0000000180025095e-35 11.850000000000001 46.500000000000007 51.500000000000007 38.350000000000001 3.5000000000000004 65.500000000000014 14.950000000000001 1.0850000000000002 15.65 27.500000000000004 -0.14499999999999999 71.050000000000011 74.65000000000002
decision_type=2 2 2 2 2 2 2 2 2 2 2 2 8 2 2 2 2 2 2 10 2 2 2 2 8 2 8 10 2 2
left_child=1 9 3 12 5 20 17 -8 -7 11 -11 14 27 -14 15 -1 -16 -6 -5 -20 -4 22 -12 26 25 -25 -2 -3 -27 -30
right_child=23 2 4 18 6 8 7 -9 -10 10 21 -13 13 -15 16 -17 -18 -19 19 -21 -22 -23 -24 24 -26 28 -28 -29 29 -31
leaf_value=0.021791484234584095 0.012782554629943002 -0.030729558287937737 -0.04708414527122811 0.1428855248582041 0.11937454038095974 0.1143151283890852 -0.015452729104882905 0.010174558157919379 0.02006736742271464 -0.056326980053824388 0.031640794091847009 0.11257981927178645 0.13655879957663128 -0.013455032800093567 0.023608124387102539 -0.019397383898681925 -0.0089843192471174942 0.022625650997240468 -0.059044014743554057 0.10589398915639932 0.064795785869672093 -0.05682720224715801 0.18229129816252171 0.081918879585379051 0.089202380006186854 -0.05663490451586161 -0.047636225060756633 -0.058722564852275852 0.071586874508845502 -0.029957088251588687
leaf_weight=309.50844940543175 10.453366078436373 53.974942661821842 35.793781526386738 20.709248647093773 20.776650056242943 94.238375380635262 949.04186741262674 2477.1857220977545 53.746180564165115 208.23893877863884 38.563763439655304 24.30111126601696 11.396647006273268 79.330086149275303 610.61729212850332 1459.3804521411657 987.5976295620203 810.8821848705411 11.338499434292318 11.789041742682455 16.80182746052742 11.158716820180414 9.4263864010572416 7.0316183120012274 9.2826304435729963 28.681494124233723 191.04284679889679 178.04746071994305 7.7401080355048171 87.087609469890594
leaf_count=1862 90 352 226 92 90 444 6933 14113 307 1994 204 99 67 453 3970 10873 6460 4036 71 54 94 106 50 55 48 282 1903 1240 60 772
internal_value=6.58794e-05 0.00139364 0.00715714 -0.0220607 0.0095595 0.0561112 0.00736655 0.00307597 0.0800855 -0.006207 -0.0352486 -0.00391727 -0.036019 0.00538897 -0.00475806 -0.0121904 0.00346802 0.0250426 0.0807078 0.0250315 -0.0113438 0.0389596 0.0612321 -0.032937 -0.0162714 -0.0237715 -0.0445018 -0.0522106 -0.0297887 -0.0216688
internal_weight=8825.16 8483.85 4825.05 366.586 4458.47 200.58 4257.89 3426.23 147.985 3658.79 267.388 3391.4 322.749 90.7267 3367.1 1768.89 1598.21 831.659 43.8368 23.1275 52.5956 59.1489 47.9901 341.32 139.823 130.541 201.496 232.022 123.509 94.8277
internal_count=57400 54190 28572 2329 26243 1071 25172 21046 751 25618 2354 23264 2112 520 23165 12735 10430 4126 217 125 320 360 254 3210 1217 1169 1993 1592 1114 832
is_linear=0
shrinkage=0.05


Tree=22
num_leaves=31
num_cat=0
split_feature=30 9 26 10 7 5 24 21 14 8 23 8 21 19 30 19 23 16 0 0 8 6 19 6 10 19 10 28 0 28
split_gain=138.756 139.996 129.128 119.659 126.343 119.562 142.179 100.23 90.3356 109.787 90.0192 104.255 117.513 101.096 66.859 58.8243 53.2601 53.2508 51.1539 47.0464 45.0918 37.813 34.5707 23.5647 18.8711 25.8775 40.6782 16.402 40.3045 10.7406
threshold=80.500000000000014 9.7500000000000018 5.5000000000000009 19.600000000000005 29.000000000000004 5.5000000000000009 4.5000000000000009 0.29300000000000004 1.5000000000000002 20.550000000000004 1.5000000000000002 11.850000000000001 1.0000000180025095e-35 0.15999999999999984 58.500000000000007 0.09999999999999995 17.500000000000004 1.0000000180025095e-35 1.0000000180025095e-35 5.5000000000000009 19.800000000000004 45.050000000000004 1.0750000000000004 92.050000000000011 14.950000000000001 -0.030000000000000009 15.550000000000002 1.0000000180025095e-35 2.5000000000000004 27.500000000000004
decision_type=2 2 2 2 2 2 2 8 2 2 2 2 8 10 2 8 2 2 2 2 2 2 10 2 2 10 2 10 2 8
left_child=1 2 10 4 5 6 -3 -7 23 -10 11 12 -1 -13 20 27 -12 19 -18 -17 -4 -22 24 -6 29 -26 -27 28 -5 -2
right_child=22 3 14 15 8 7 -8 -9 9 -11 16 13 -14 -15 -16 17 18 -19 -20 -21 21 -23 -24 -25 25 26 -28 -29 -30 -31
leaf_value=0.040557860027398578 0.0066091306092021978 0.0062829661011866078 0.082420742349059176 -0.058794025297598501 -0.052958181857860144 0.016738654205328326 -0.045099439080493617 0.064298850564200732 0.098793966043498258 -0.017066875787354302 -0.053733949903300583 -0.020376859382975669 -0.013276197292361867 0.07186242098650733 -0.048911686327153703 0.0041583173541056883 -0.058344454451363881 -0.054874822801527251 0.091858314421455645 0.10195169018411077 -0.056760636852325255 0.09723304743244876 0.094852748222991001 0.041415809529443397 0.080889739824860987 0.1069403272638338 -0.030642029388915772 -0.050735897115552077 0.091161255348775783 -0.046774009157213414
leaf_weight=187.98073623329401 9.9283920302987081 5286.7354537323117 64.136838912963867 11.731457248330118 167.54478590190411 440.20640037953854 138.14964055269957 148.02794758230448 25.556579530239105 102.2544075474143 188.34246237576008 1112.6946752294898 220.01735416054726 30.520684815943241 16.024954877793789 57.656759440898895 10.006970629096031 29.153559550642967 13.074424743652344 15.632940888404844 12.282417610287668 5.9018292501568785 5.2739592343568793 6.8863795250654212 6.1197694689035407 5.626808524131774 118.86950916051865 156.35338643193245 7.2502610310912123 184.87380590289831
leaf_count=1124 86 31512 281 94 1238 2398 1068 709 136 645 1878 8870 1517 219 131 359 83 223 67 78 121 30 22 50 35 39 1099 1246 43 1911
internal_value=-0.000363286 0.000879532 -0.0112311 0.0042979 0.00571058 0.00729611 0.00497447 0.0287071 -0.0258336 0.0061002 -0.0143422 -0.0101706 0.0115273 -0.0179143 0.0445274 -0.0278199 -0.0449488 0.00228188 0.0267377 0.025018 0.0627166 -0.00678087 -0.0321358 -0.0492324 -0.0341939 -0.0194895 -0.0244238 -0.0454075 -0.00151708 -0.0440533
internal_weight=8784.82 8454.12 1860.98 6593.14 6315.36 6013.12 5424.89 588.234 302.242 127.811 1762.64 1551.21 407.998 1143.22 98.346 277.778 211.424 102.443 23.0814 73.2897 82.3211 18.1842 330.692 174.431 325.418 130.616 124.496 175.335 18.9817 194.802
internal_count=57312 54120 14321 39799 37756 35687 32580 3107 2069 781 13758 11730 2641 9089 563 2043 2028 660 150 437 432 151 3192 1288 3170 1173 1138 1383 137 1997
is_linear=0
shrinkage=0.05


Tree=23
num_leaves=31
num_cat=0
split_feature=30 9 0 4 15 14 29 5 14 29 14 26 26 6 10 27 8 30 8 30 13 4 29 30 4 6 29 19 2 14
split_gain=148.005 141.959 105.488 121.856 121.825 110.678 102.051 100.54 117.517 120.02 99.748 98.4866 90.7191 87.8439 177.722 87.599 74.8205 68.8484 86.024 54.7407 49.6668 48.8036 69.8654 51.0097 28.1956 26.0083 63.0149 24.4702 21.2344 18.5021
threshold=77.500000000000014 12.15 5.5000000000000009 0.96500000000000008 2.5000000000000004 1.0000000180025095e-35 52.500000000000007 5.5000000000000009 -2.4999999999999996 18.500000000000004 1.0000000180025095e-35 2.5000000000000004 6.5000000000000009 57.050000000000004 13.65 60.650000000000013 21.750000000000004 63.500000000000007 21.350000000000005 61.500000000000007 1.0000000180025095e-35 1.6950000000000001 20.500000000000004 83.500000000000014 1.905 70.350000000000009 38.500000000000007 1.0350000000000004 9.5000000000000018 2.5000000000000004
decision_type=2 2 2 2 2 2 10 2 2 10 2 2 2 2 2 2 2 2 2 2 2 2 10 2 2 2 8 10 2 2
left_child=1 2 3 5 10 12 -7 8 17 15 20 13 -1 19 -15 -10 -11 -3 -19 -9 -4 27 23 24 -23 -5 -27 29 -26 -2
right_child=21 7 4 25 -6 6 -8 11 9 16 -12 -13 -14 14 -16 -17 -18 18 -20 -21 -22 22 -24 -25 28 26 -28 -29 -30 -31
leaf_value=-0.012350683293284577 -0.034724825585607973 -0.06105948994736371 -0.029038724865339927 -0.053975356161377303 -0.054398992545075388 0.0081617411201759422 0.19011422720012425 0.022176304880348205 0.0098015126972300082 -0.039668675237889667 0.13939722117607159 0.094294867500354207 0.055947172827011997 -0.029881370869284163 0.037570335841091401 -0.048144643801436793 0.0054708873246048142 0.086304157623868338 -0.060231609024469702 0.10555358406995019 0.094953129880443299 0.14522009295690733 -0.057322161302201226 -0.034708839518183099 -0.0098075843497762109 -0.042844962751717938 0.042694769740105942 0.067600355113608554 0.082118163364671135 0.0029994182052208024
leaf_weight=2236.5786047205329 455.75254543870687 105.36902583390474 20.863909058272839 149.10163429379463 22.433784127235413 907.86408749222755 7.7721798717975608 35.454421758651733 3531.9273799583316 220.67084178328514 34.731410875916481 49.741286978125572 49.701572023332119 160.71844058483839 248.87837481498718 66.448413632810116 157.19485120475292 20.846786543726921 19.276642084121704 44.262234881520271 13.177422963082789 10.480609774589537 24.652042299509048 14.540425240993498 9.8763453662395495 91.250418871641159 28.17883326113224 6.2408421635627738 17.262157395482063 34.998641647398472
leaf_count=16855 4228 736 133 1232 157 5769 41 168 19759 1655 176 202 236 962 1219 532 1036 139 146 214 78 64 232 108 67 687 195 28 96 294
internal_value=-0.000499196 0.00121413 -0.00630133 -0.0076963 0.046778 -0.00498303 0.00970621 0.00695725 0.00430151 0.00591648 0.0797822 0.0272636 -0.010866 0.0204496 0.0111035 0.00873147 -0.0208903 -0.0398349 0.0159035 0.0684711 0.0189586 -0.0250507 0.0120409 0.0448238 0.0755645 -0.0400488 -0.0226622 -0.0307833 0.0486642 -0.0320345
internal_weight=8796.25 8222.44 3561.65 3470.45 91.2065 3201.92 915.636 4660.79 4121.73 3976.24 68.7727 539.055 2286.28 489.313 409.597 3598.38 377.866 145.492 40.1234 79.7167 34.0413 573.804 76.8116 52.1595 37.6191 268.531 119.429 496.992 27.1385 490.751
internal_count=57444 52327 25559 25015 544 22901 5810 26768 24003 22982 387 2765 17091 2563 2181 20291 2691 1021 285 382 211 5117 567 335 227 2114 882 4550 163 4522
is_linear=0
shrinkage=0.05


Tree=24
num_leaves=31
num_cat=0
split_feature=30 5 3 5 27 30 3 30 18 14 29 5 8 13 4 1 14 29 4 1 29 4 13 3 13 14 21 20 4 29
split_gain=140.201 128.009 116.341 180.879 139.724 406.651 104.59 125.388 100.199 89.0288 87.4607 80.6434 80.0285 102.33 110.962 99.2749 225.287 101.344 79.6116 78.2053 67.803 64.5015 85.4341 64.6854 79.271 144.911 83.5641 70.6418 45.7471 41.9683
threshold=73.500000000000014 1.5000000000000002 0.27950000000000003 5.5000000000000009 22.350000000000005 53.500000000000007 0.8620000000000001 37.500000000000007 1.0000000180025095e-35 -2.4999999999999996 29.500000000000004 5.5000000000000009 13.15 1.0000000180025095e-35 1.0000000180025095e-35 3.5000000000000004 -1.4999999999999998 14.500000000000002 1.7650000000000003 2.5000000000000004 21.500000000000004 2.0650000000000004 1.0000000180025095e-35 0.69600000000000006 1.0000000180025095e-35 2.5000000000000004 0.91650000000000009 1.0000000180025095e-35 0.62500000000000011 54.500000000000007
decision_type=2 2 2 2 2 2 2 2 8 2 10 2 2 2 2 2 2 10 2 2 10 2 2 2 2 2 10 8 2 10
left_child=1 9 3 8 6 20 10 -8 -3 -1 -4 -7 15 18 -15 17 -17 -11 -14 -10 -6 23 -23 24 25 27 -26 -2 -28 -25
right_child=21 2 4 -5 5 11 7 -9 19 12 -12 -13 13 14 -16 16 -18 -19 -20 -21 -22 22 -24 29 26 -27 28 -29 -30 -31
leaf_value=-0.043710270497496852 0.018006564205944261 -0.052564631442916801 0.01195828028945699 0.085581576478851118 0.070923662259480866 -0.049973360432564951 0.030664716095272267 -0.033335364862159905 0.14978039749190677 -0.013270336823937415 -0.024925862184704644 0.022624469243251729 -0.020357239400502207 0.025927976304483513 -0.0075490103271133834 0.14257617935367881 0.015820915307660173 0.048680549805169428 0.046838600337748476 -0.004789250543091087 -0.053798847791579688 -0.055119138872819412 0.077803791432248123 -0.046665128469404821 -0.037181074996990852 0.1329116864977343 -0.010433175580054705 -0.029433856136321587 0.14581971482360595 0.082280598454576151
leaf_weight=141.48789873719215 165.743269354105 205.85331310331821 2897.9142855852842 35.734418958425522 327.01967850327492 120.25496672093868 102.47938930988312 302.23750783503056 9.1507386118173581 468.42153614014387 170.15857052057981 56.096901476383209 1211.2405844032764 355.80745512992144 813.36436877399683 38.965277820825577 349.27283007651567 76.844519138336182 45.743696421384811 77.402829349040985 11.272418446838854 17.928894005715847 37.109118573367596 237.47016926854849 302.60021045058966 20.446499146521091 8.9325448870658892 149.02546842396259 9.8495381474494916 6.4825269952416411
leaf_count=1170 1327 1443 16427 163 1450 812 511 2068 48 3379 1300 263 9378 2183 5667 208 2017 440 241 435 94 159 195 2033 2585 116 68 1189 55 45
internal_value=3.58602e-05 0.00224596 0.00800916 -0.0206085 0.0103642 0.0346776 0.00676114 -0.0171297 -0.0335857 -0.00485786 0.00991265 -0.0268802 -0.00322164 -0.00800842 0.00263885 0.00921909 0.0285426 -0.00453958 -0.0179119 0.0115524 0.0667677 -0.0180428 0.0345035 -0.0212542 -0.0130861 0.0039248 -0.0308291 -0.00445383 0.0715076 -0.0432387
internal_weight=8772.31 7816.72 4315.58 328.141 3987.43 514.644 3472.79 404.717 292.407 3501.15 3068.07 176.352 3359.66 2426.16 1169.17 933.504 388.238 545.266 1256.98 86.5536 338.292 955.588 55.038 900.55 656.598 335.215 321.382 314.769 18.7821 243.953
internal_count=57469 49697 25014 2089 22925 2619 20306 2579 1926 24683 17727 1075 23513 17469 7850 6044 2225 3819 9619 483 1544 7772 354 7418 5340 2632 2708 2516 123 2078
is_linear=0
shrinkage=0.05


Tree=25
num_leaves=31
num_cat=0
split_feature=30 9 7 29 5 4 15 14 13 26 26 30 30 3 29 14 3 0 3 24 30 5 30 6 16 14 29 7 3 3
split_gain=124.803 106.173 116.634 105.765 137.397 126.159 187.803 139.356 106.766 97.3048 134.032 102.013 146.825 91.3908 86.8135 86.1569 79.9434 52.6693 50.5663 48.3687 49.6381 37.069 39.2654 31.4825 28.0293 21.4055 30.8293 25.2147 24.5946 19.0776
threshold=80.500000000000014 12.15 29.000000000000004 18.500000000000004 6.5000000000000009 1.155 2.5000000000000004 1.5000000000000002 1.0000000180025095e-35 5.5000000000000009 1.0000000180025095e-35 44.500000000000007 45.500000000000007 0.92000000000000015 19.500000000000004 1.5000000000000002 0.56800000000000006 4.5000000000000009 0.74450000000000005 11.500000000000002 66.500000000000014 1.0000000180025095e-35 59.500000000000007 90.050000000000011 1.0000000180025095e-35 1.0000000180025095e-35 1.5000000000000002 21.000000000000004 0.76700000000000013 0.56800000000000006
decision_type=2 2 2 10 2 2 2 2 2 2 2 2 2 2 10 2 2 2 2 2 2 2 2 2 2 2 8 2 2 2
left_child=1 9 3 5 13 6 -3 -7 -6 10 11 14 -13 -5 -1 23 24 -18 21 -12 -21 -11 -23 -4 -17 26 -2 28 29 -27
right_child=25 2 15 4 8 7 -8 -9 -10 18 19 12 -14 -15 -16 16 17 -19 -20 20 -22 22 -24 -25 -26 27 -28 -29 -30 -31
leaf_value=0.0033127566303501883 0.063224607364710306 0.0093425948473494693 -0.054096575459255537 -0.028840679082481641 0.14664906249379911 0.055479023407989991 -0.050476797869347771 0.0014527612592313537 0.0015253584539912178 -0.041229123981043218 -0.053266912524179734 -0.027320339137311151 -6.7536804125272119e-05 0.11240610478118558 0.059004933290835705 0.042328864173330955 0.044285119236995019 -0.035801736321198617 -0.057346559027354839 -0.061510239168285345 0.08567616599012895 0.07444278094995796 -0.01723044105683607 0.039447980185723278 0.14719626786751105 0.034572559811440605 -0.046674300562703885 -0.031185621259496518 0.090413960136736915 -0.040359390644707026
leaf_weight=1193.3431289792061 6.6263129487633696 3400.8193551599979 155.4167121052742 395.67904720455408 21.555452823638916 299.1138452142477 136.47306184470654 198.61421501636505 30.757344096899033 9.825831472873686 194.05722264200449 851.38638500869274 1178.0707434490323 11.793441355228422 74.333003833889961 16.759863063693047 28.08096931874752 76.338969759643078 12.002104699611662 9.998453341424467 13.412222690880297 79.069686129689217 13.705211415886877 9.5469129458069784 10.280487567186357 16.628045625984669 172.67093295603991 89.423845894634724 8.7217913642525655 17.365220040082932
leaf_count=7635 62 19102 1202 2887 101 1417 869 1126 187 104 2020 6804 8729 48 360 89 158 501 111 72 84 364 98 71 49 137 1891 883 52 176
internal_value=-0.000277367 0.00087223 0.00575867 0.00776204 -0.0149591 0.0103511 0.00703469 0.0339203 0.0613235 -0.00557879 -0.00705718 -0.00454955 -0.0115005 -0.0247526 0.00657839 -0.0246192 0.00557717 -0.0142645 0.0397602 -0.0450767 0.0228144 0.0511196 0.0609003 -0.0486829 0.0821985 -0.0313595 -0.0426128 -0.0160902 0.015512 -0.0037059
internal_weight=8731.87 8420.43 4791.23 4494.81 459.785 4035.02 3537.29 497.728 52.3128 3629.2 3514.6 3297.13 2029.46 407.472 1267.68 296.424 131.46 104.42 114.603 217.468 23.4107 102.601 92.7749 164.964 27.0404 311.436 179.297 132.139 42.7151 33.9933
internal_count=57389 54188 27807 25737 3223 22514 19971 2543 288 26381 25704 23528 15533 2935 7995 2070 797 659 677 2176 156 566 462 1273 138 3201 1953 1248 365 313
is_linear=0
shrinkage=0.05


Tree=26
num_leaves=31
num_cat=0
split_feature=10 30 5 26 6 6 28 25 26 26 20 6 28 1 1 5 28 24 21 28 28 28 8 0 30 16 19 0 1 17
split_gain=112.253 115.144 114.411 134.974 214.001 247.055 133.101 111.86 182.444 103.398 61.1139 50.6322 115.854 45.1345 43.3962 69.3579 40.2581 22.9496 21.1646 19.6308 15.7669 20.2524 46.6769 13.1417 8.70058 8.19425 6.88062 5.15553 9.77197 2.67641
threshold=19.600000000000005 81.500000000000014 2.5000000000000004 3.5000000000000004 29.050000000000004 36.95000000000001 48.500000000000007 0.48500000000000004 3.5000000000000004 8.5000000000000018 11.500000000000002 70.950000000000017 80.500000000000014 14.500000000000002 9.5000000000000018 1.0000000180025095e-35 72.500000000000014 9.5000000000000018 0.52250000000000008 27.500000000000004 44.500000000000007 46.000000000000007 17.400000000000002 3.5000000000000004 83.500000000000014 1.0000000180025095e-35 0.030000000000000023 1.5000000000000002 6.5000000000000009 1.0000000180025095e-35
decision_type=2 2 2 2 2 2 10 2 2 2 10 2 8 2 2 2 10 2 8 8 10 10 2 2 2 2 10 2 2 8
left_child=1 2 6 4 29 -6 7 8 -1 -9 11 27 14 16 15 -13 -8 25 -19 -3 -21 22 -22 -16 -23 -5 -14 28 -2 -4
right_child=10 19 3 17 5 -7 13 9 -10 -11 -12 12 26 -15 23 -17 -18 18 -20 20 21 24 -24 -25 -26 -27 -28 -29 -30 -31
leaf_value=0.00027896831431676081 -0.056050850457401505 0.037405939750962507 -0.059581234589226539 0.060075460993115663 0.085454912297144039 0.0078203502376515428 -0.049074748009059886 -0.040436841403550992 0.099699491659218015 0.069806805278833192 0.10691794211223971 0.1147523487943793 0.11901863253845697 0.062253339529713458 -0.0012050024631163417 -0.026545234755727828 0.029885431412306436 0.073616052272020324 -0.020682014082371518 -0.053447839264788702 0.14630668634160326 -0.017471161956799906 -0.055851082665219869 -0.053694183949039347 -0.04740660034066884 0.097039570815260198 0.064072987970062709 -0.057733287063654916 0.011921853729092342 -0.033906480411053951
leaf_weight=4457.7135601490736 14.946567744016649 8.9227298349142057 109.82563383132219 22.554280251264572 106.34801106154919 2814.7357466593385 214.86186914145947 256.31954615563154 46.626957006752491 23.193543747067451 8.1158724874258024 11.987252518534659 11.313390880823137 10.622317828238009 13.692570507526396 31.525879040360451 17.454061537981033 12.175942972302437 11.637726306915283 93.354507513344288 5.2973123490810377 47.236799471080303 6.1941215172410011 92.36430237442255 49.928267672657967 44.722146824002266 11.478674516081808 123.10918036848307 8.1820278987288457 11.183974519371985
leaf_count=29591 158 86 799 101 560 16447 1448 2566 199 113 34 53 51 66 115 243 126 54 68 1070 41 484 68 772 537 192 68 1052 73 74
internal_value=0.000179224 0.00130142 0.00224425 0.0097434 0.00794763 0.0106468 -0.00242995 -0.000596473 0.00130813 -0.031289 -0.028573 -0.0320244 -0.0136645 -0.0385341 -0.0296665 0.0123803 -0.0431424 0.0697159 0.0275326 -0.035172 -0.0383777 -0.0254299 0.0373395 -0.0469175 -0.0328535 0.0846474 0.0913466 -0.0536641 -0.0320047 -0.0572083
internal_weight=8697.62 8370.91 8159.98 3133.18 3042.09 2921.08 5026.79 4783.85 4504.34 279.513 326.716 318.6 172.362 242.938 149.57 43.5131 232.316 91.0901 23.8137 210.934 202.011 108.657 11.4914 106.057 97.1651 67.2764 22.7921 146.238 23.1286 121.01
internal_count=57309 54690 52404 18295 17880 17007 34109 32469 29790 2679 2619 2585 1302 1640 1183 296 1574 415 122 2286 2200 1130 109 887 1021 293 119 1283 231 873
is_linear=0
shrinkage=0.05


Tree=27
num_leaves=31
num_cat=0
split_feature=30 10 5 3 3 4 5 26 18 28 14 6 1 29 6 30 15 4 4 1 3 30 6 29 10 10 6 6 17 28
split_gain=113.992 106.935 108.433 116.779 145.644 132.285 125.283 94.1219 89.1142 83.1304 103.736 177.265 130.551 76.2413 85.9731 52.5325 35.2889 52.6035 26.7467 22.8213 22.5344 21.4814 26.491 18.4728 15.7717 19.8562 13.0038 33.2509 14.6359 12.1452
threshold=81.500000000000014 19.600000000000005 1.5000000000000002 0.27950000000000003 0.35500000000000004 0.115 5.5000000000000009 1.5000000000000002 1.0000000180025095e-35 50.500000000000007 1.0000000180025095e-35 55.650000000000013 3.5000000000000004 4.5000000000000009 73.950000000000017 46.500000000000007 1.5000000000000002 1.1850000000000003 1.0250000000000001 12.500000000000002 0.7945000000000001 44.500000000000007 70.950000000000017 1.0000000180025095e-35 14.950000000000001 15.550000000000002 74.65000000000002 70.950000000000017 1.0000000180025095e-35 27.500000000000004
decision_type=2 2 2 2 2 2 2 2 8 10 2 2 2 10 2 2 2 2 2 2 2 2 2 10 2 2 2 2 10 8
left_child=1 2 9 6 5 -5 8 -6 -4 10 12 -12 -1 14 16 -8 17 -3 -15 20 -16 22 -20 -11 29 -26 27 28 -27 -2
right_child=24 13 3 4 7 -7 15 -9 -10 23 11 -13 -14 18 19 -17 -18 -19 21 -21 -22 -23 -24 -25 25 26 -28 -29 -30 -31
leaf_value=-0.020020344926425803 0.012819267307356795 -0.052802780885609607 -0.050810022111135625 -0.011621414811373318 0.0056369487057928123 0.078683561165788243 0.1204140843970839 0.043034230506933509 0.0080687106068781569 0.0060850817905993698 0.030344604210058981 -0.011464540707361113 0.0036068120817357632 0.030975636325403094 0.11445669767924932 0.0083325355942489195 -0.058722518970608532 0.12828697050333987 -0.054985414936806955 -0.0099084629307649406 0.030871641728840323 -0.057117479681108058 0.055493352296596091 -0.056454906325876887 0.073643594738046422 -0.055328500121296045 -0.038362737734584207 0.07138700756381347 0.042070350969061254 -0.049261960717059461
leaf_weight=1262.1527515128255 8.3986311629414541 8.8916684016585368 206.59505020827055 57.904323115944862 3978.9803784191608 135.33692770451307 19.264708131551743 175.67654382437468 93.280653588473797 13.550154760479925 522.29828124493361 492.66571820527315 1089.1802675351501 10.52958834171295 19.68020885437727 22.859733857214451 39.643357992172241 7.3046624809503546 11.841013148427011 8.9006350859999639 13.660863220691679 164.59012157469988 10.015524446964262 91.810759536921978 5.4391808137297621 17.845181331038479 61.075578033924103 11.063781224191187 4.9205360561609259 127.12504722177982
leaf_count=10161 74 78 1530 352 23330 647 80 1025 532 77 3187 3301 7404 83 93 122 305 40 97 58 86 1520 47 714 36 210 609 80 31 1538
internal_value=-4.75512e-06 0.000951495 0.00202055 0.00697905 0.00919186 0.0516239 -0.0211527 0.00721826 -0.0324949 -0.00467795 -0.00330913 0.0100504 -0.00907582 -0.0286195 0.00739899 0.0595906 -0.0333163 0.02887 -0.0465543 0.0612209 0.0802093 -0.0509329 -0.0043597 -0.0484118 -0.0342894 -0.0192636 -0.0245883 0.000279986 -0.0342769 -0.0454147
internal_weight=8692.48 8456.61 8161.56 4689.9 4347.9 193.241 342 4154.66 299.876 3471.66 3366.3 1014.96 2351.33 295.058 98.0814 42.1244 55.8397 16.1963 196.976 42.2417 33.3411 186.447 21.8565 105.361 235.868 100.344 94.9051 33.8295 22.7657 135.524
internal_count=57447 54869 52462 27618 25354 999 2264 24355 2062 24844 24053 6488 17565 2407 660 202 423 118 1747 237 179 1664 144 791 2578 966 930 321 241 1612
is_linear=0
shrinkage=0.05


Tree=28
num_leaves=31
num_cat=0
split_feature=29 15 8 15 7 5 28 8 26 3 6 3 4 16 5 28 0 14 3 14 28 6 20 15 3 16 20 3 3 21
split_gain=107.128 214.573 98.2992 89.5724 86.8914 113.909 155.971 108.675 107.818 167.076 100.942 97.915 76.549 90.4375 83.6909 70.7812 82.0382 69.4248 79.2292 66.8371 49.8474 105.579 60.3711 36.9626 32.3924 25.7734 53.5181 25.1667 20.9623 61.7626
threshold=1.0000000180025095e-35 1.0000000180025095e-35 22.800000000000001 1.5000000000000002 29.000000000000004 5.5000000000000009 48.500000000000007 26.700000000000003 2.5000000000000004 0.72900000000000009 88.750000000000014 0.78200000000000014 1.6650000000000003 1.0000000180025095e-35 3.5000000000000004 59.500000000000007 5.5000000000000009 1.5000000000000002 0.56800000000000006 1.5000000000000002 40.500000000000007 77.950000000000017 2.5000000000000004 2.5000000000000004 0.58100000000000007 1.0000000180025095e-35 1.0000000180025095e-35 0.84800000000000009 0.71000000000000008 0.19100000000000003
decision_type=8 2 2 2 2 2 10 2 2 2 2 2 2 2 2 10 2 2 2 2 8 2 10 2 2 2 8 2 2 10
left_child=1 27 12 -4 5 6 10 8 9 -7 11 -2 13 14 -3 -8 -17 28 25 -12 21 -20 -22 -14 -15 26 -19 -1 -6 -30
right_child=4 2 3 -5 17 7 15 -9 -10 -11 19 -13 23 24 -16 16 -18 18 20 -21 22 -23 -24 -25 -26 -27 -28 -29 29 -31
leaf_value=0.13329108217744723 0.0021208784644181529 -0.001741724282898721 0.11217445448451675 -0.014768893066983816 -0.056553703176227738 0.022351588670070484 -0.049665018112689592 0.13991829677919729 0.079874457858450265 -0.050257709316130418 0.065237337415117794 -0.012184589440589682 0.097816334622368203 -0.049789106800333847 0.081249171207758722 -0.02529700817009195 0.040921123788753844 0.12023804641499745 -0.049162667720665555 -0.014386352457220275 -0.054295313701800713 0.1481706901728283 0.098636215486680112 -0.0047444068622086479 -0.0051256656713194225 0.13297470029152766 -0.054610059161501613 0.053734605534188844 -0.058655034081811754 0.10152496951952071
leaf_weight=42.70545382797718 5015.5697618797421 115.58155192434788 40.679436787962914 21.105963937938213 144.34259188920259 434.95540344715118 227.18628284335136 18.326408103108406 59.918514423072338 96.870999671518803 94.487199917435646 1570.7531324252486 27.788970023393631 104.85911654680967 41.208600446581841 248.3142528757453 57.62904667109251 9.0130594223737699 15.47467888146639 36.550857953727245 72.79571320861578 12.061318174004553 7.0809126943349829 12.846002094447611 66.240122817456722 11.004359290003778 8.5072212070226687 12.956583350896834 19.603605188429359 8.6836948022246343
leaf_count=186 33137 697 178 119 1245 2436 1566 94 260 721 528 11072 121 599 185 1905 384 53 107 230 546 58 42 76 356 49 49 69 166 71
internal_value=-0.000411222 0.0223958 0.0104465 0.0688105 -0.00176798 -0.000746294 -0.00249223 0.0200035 0.0162898 0.00912597 -0.000426255 -0.00129079 0.000661437 -0.00736075 0.0200705 -0.0285232 -0.0128238 -0.0277949 -0.00106844 0.0430277 -0.0207394 0.0372733 -0.0407382 0.0653936 -0.0324979 0.0730047 0.0353381 0.114773 -0.0488406 -0.00948264
internal_weight=8655.1 485.972 430.31 61.7854 8169.13 7860.56 7250.49 610.071 591.745 531.826 6717.36 6586.32 368.524 327.889 156.79 533.13 305.943 308.567 135.937 131.038 107.413 27.536 79.8766 40.635 171.099 28.5246 17.5203 55.662 172.63 28.2873
internal_count=57305 2586 2331 297 54719 52333 48822 3511 3417 3157 44967 44209 2034 1837 882 3855 2289 2386 904 758 753 165 588 197 955 151 102 255 1482 237
is_linear=0
shrinkage=0.05


Tree=29
num_leaves=31
num_cat=0
split_feature=29 15 30 3 26 24 25 2 8 1 9 29 15 28 6 14 4 16 14 29 3 18 6 15 3 16 4 4 6 3
split_gain=111.331 181.829 113.331 187.04 124.481 149.72 144.321 115.34 106.221 101.405 94.5712 91.5294 87.507 75.6999 72.4709 66.716 64.5437 80.0858 72.3809 54.1345 78.8819 55.1125 39.5501 34.567 30.1954 28.5238 29.2877 92.2224 25.3493 23.1851
threshold=1.0000000180025095e-35 1.0000000180025095e-35 44.500000000000007 0.96650000000000014 3.5000000000000004 4.5000000000000009 0.43000000000000005 2.5000000000000004 22.800000000000001 5.5000000000000009 12.050000000000002 19.500000000000004 1.5000000000000002 14.500000000000002 35.150000000000013 1.5000000000000002 1.6650000000000003 1.0000000180025095e-35 2.5000000000000004 8.5000000000000018 0.27950000000000003 1.5000000000000002 33.650000000000013 2.5000000000000004 0.58100000000000007 1.0000000180025095e-35 0.22500000000000003 0.13500000000000004 51.550000000000004 0.84800000000000009
decision_type=8 2 2 2 2 2 2 2 2 2 2 10 2 8 2 2 2 2 2 8 2 8 2 2 2 2 2 2 2 2
left_child=1 29 9 4 6 22 10 -7 16 11 -4 13 -10 -2 -11 -15 17 18 -3 21 -21 -16 -6 -18 -19 26 27 -5 -13 -1
right_child=2 8 3 25 5 7 -8 -9 12 14 -12 28 -14 15 19 -17 23 24 -20 20 -22 -23 -24 -25 -26 -27 -28 -29 -30 -31
leaf_value=0.12266875994771327 -0.061010208003755118 0.035992785819089622 -0.013023143103367558 -0.032155480065557199 -0.01147741911098976 0.030218552382801529 -0.048455766194169525 -0.056956837830279994 0.11156805737775116 0.10415363935461651 0.0015800615883244794 0.094643565080625047 -0.013597685204428785 -0.0010858971821722883 -0.034060316817017253 0.04431538299167144 0.089477803693549907 -0.047099983271338901 -0.050924995934559639 -0.050699455450267411 0.034098692196106443 0.024863355803819081 0.090419647888757837 -0.0082123418222289114 -0.0041115337870106022 -0.057699716894653502 -0.046611660914516267 0.13776112080637781 0.012756549883065084 0.0468410070040296
leaf_weight=45.260379940271378 50.467541590332985 127.24952587485313 1725.5332159698009 36.709539204835892 10.701024785637854 115.41339921951294 186.59002586454153 56.526425950229168 43.292219892144203 26.981389865279198 3101.2522956840694 32.564387604594231 20.612780697643757 1686.219473041594 79.923237279057503 84.994543671607971 29.379427954554558 102.10570858418941 29.506234705448151 29.214086338877678 447.78852711617947 78.818672433495522 86.488249890506268 13.089748367667196 68.088142648339272 173.42765272408724 67.594624496996403 10.205605767667292 13.31540462374687 12.969363600015638
leaf_count=193 283 693 13893 323 70 784 1764 575 185 115 19257 148 116 10635 418 485 126 604 189 173 2236 393 393 78 366 1645 562 86 78 66
internal_value=-0.00028126 0.0228234 -0.00168325 -0.00566912 -0.00353006 0.0295972 -0.00530841 0.00155903 0.0116758 0.00709164 -0.00364046 0.00112893 0.0711954 -0.000627733 0.0238946 0.00109276 0.00137959 -0.00615283 0.0196322 0.0204883 0.0289052 -0.00480348 0.0792003 0.059368 -0.0299019 -0.0449122 -0.0255452 0.00480704 0.070878 0.10578
internal_weight=8592.28 491.554 8100.73 5570.44 5282.5 269.129 5013.38 171.94 433.324 2530.29 4826.79 1867.56 63.905 1821.68 662.726 1771.21 369.419 326.95 156.756 635.745 477.003 158.742 97.1893 42.4692 170.194 287.937 114.51 46.9151 45.8798 58.2297
internal_count=56932 2616 54316 39352 36736 1822 34914 1359 2357 14964 33150 11629 301 11403 3335 11120 2056 1852 882 3220 2409 811 463 204 970 2616 971 409 226 259
is_linear=0
shrinkage=0.05


Tree=30
num_leaves=29
num_cat=0
split_feature=30 10 10 9 8 6 7 27 14 14 20 6 28 28 29 10 19 10 29 28 29 4 29 1 9 0 11 7
split_gain=97.477 95.781 181.022 97.4695 114.332 169.48 90.4614 87.168 78.1364 75.9082 55.7042 59.309 77.5256 77.128 40.2723 14.486 26.1056 30.158 13.4466 13.6312 7.54637 7.81844 6.39858 12.2113 1.63701 4.60029 1.60843 0.00399121
threshold=81.500000000000014 18.700000000000006 18.300000000000001 9.7500000000000018 11.850000000000001 24.750000000000004 29.000000000000004 60.650000000000013 1.5000000000000002 1.0000000180025095e-35 11.500000000000002 70.950000000000017 39.500000000000007 20.500000000000004 1.0000000180025095e-35 14.950000000000001 1.0850000000000002 15.450000000000001 1.5000000000000002 27.500000000000004 1.0000000180025095e-35 2.1250000000000004 1.0000000180025095e-35 9.5000000000000018 8.6500000000000004 2.5000000000000004 3.5000000000000004 32.500000000000007
decision_type=2 2 2 2 2 2 2 2 2 2 10 2 10 8 10 2 8 2 8 8 8 2 8 2 2 2 2 2
left_child=1 2 3 4 5 -1 7 -5 -8 -6 11 22 13 -13 -14 18 17 -17 -2 -20 -19 -22 23 -3 25 -21 -24 -26
right_child=15 10 -4 6 9 -7 8 -9 -10 -11 -12 12 14 -15 -16 16 -18 20 19 24 21 -23 26 -25 27 -27 -28 -29
leaf_value=-0.0076893810505106013 0.025799403255869914 0.027888676567694927 0.19231009455301276 0.0067430310161670894 -0.024095493870527222 0.056772944319441132 -0.046029965355180502 -0.036865903391783132 0.0057833852833632203 0.0033404773471065541 0.11882352130430024 -0.052907778760577943 0.029634056663951067 0.062009731113430458 -0.056267162640773631 0.093436806056019325 0.064566570299986886 0.026672585178859211 0.015619725622229647 -0.052027559519379256 -0.044051264736158925 -0.002248325816993235 -0.056774168942729956 -0.058701292496610893 -0.054843114789969727 0.00074058260823686251 -0.036582969005123929 -0.053876546195506525
leaf_weight=333.54751390218735 6.6512196362018576 7.0162280648946771 12.4712788015604 5889.4220625907183 924.74569445848465 146.85706772655249 160.43118457496166 116.86361963301897 133.15475411713123 346.60076873749495 6.5020388662815085 20.190663985908031 16.921174630522728 52.739626578986645 70.453580103814602 4.9891448169946662 8.744903236627577 4.9660531952977172 8.0607399791479093 17.872952580451969 65.187264814972878 13.502041421830652 123.57306063920259 9.7015172243118286 78.013578746467829 5.3716496899723998 10.718719251453875 12.374254647642372
leaf_count=2480 67 41 72 34621 8371 849 1331 1007 824 2518 27 169 107 345 590 30 42 32 71 230 754 103 1174 79 987 66 94 186
internal_value=2.95525e-05 0.000902736 0.00196382 0.00166899 -0.00876361 0.0120164 0.00456989 0.00589454 -0.0225302 -0.0166158 -0.0260205 -0.0290457 -0.00786409 0.030195 -0.0396314 -0.0323934 -0.0178529 -0.0259837 -0.0434269 -0.0472105 -0.0331058 -0.0368784 -0.0515312 -0.0223606 -0.0516674 -0.0398332 -0.0551626 -0.0547108
internal_weight=8607.64 8381.91 8064.09 8051.62 1751.75 480.405 6299.87 6006.29 293.586 1271.35 317.817 311.315 160.305 72.9303 87.3748 225.734 97.3894 88.6445 128.344 121.693 83.6554 78.6893 151.01 16.7177 113.632 23.2446 134.292 90.3878
internal_count=57267 54699 52073 52001 14218 3329 37783 35628 2155 10889 2626 2599 1211 514 697 2568 961 919 1607 1540 889 857 1388 120 1469 296 1268 1173
is_linear=0
shrinkage=0.05


Tree=31
num_leaves=31
num_cat=0
split_feature=30 5 3 5 3 0 28 9 19 10 1 0 14 1 1 28 10 10 1 9 10 5 29 13 21 13 10 30 28 10
split_gain=92.811 86.9996 97.3389 126.093 103.507 100.174 143.288 128.031 94.9831 82.9214 123.522 122.031 219.872 182.632 133.273 112.811 84.3632 121.873 70.9748 66.5681 64.4137 67.189 51.1627 49.2859 47.7954 74.1809 43.1417 35.9009 42.7331 14.4383
threshold=81.500000000000014 1.5000000000000002 0.27950000000000003 5.5000000000000009 0.34300000000000003 3.5000000000000004 44.500000000000007 12.15 0.12000000000000001 4.0500000000000007 2.5000000000000004 2.5000000000000004 1.0000000180025095e-35 3.5000000000000004 10.500000000000002 20.500000000000004 6.1500000000000012 6.7500000000000009 8.5000000000000018 12.350000000000003 0.65000000000000002 2.5000000000000004 3.5000000000000004 1.0000000180025095e-35 0.91650000000000009 1.0000000180025095e-35 2.8500000000000001 46.500000000000007 51.500000000000007 14.950000000000001
decision_type=2 2 2 2 2 2 8 2 8 2 2 2 2 2 2 8 2 2 2 2 2 2 8 2 10 2 2 2 10 2
left_child=1 9 3 20 8 7 -7 -6 23 11 24 12 13 -1 26 -14 19 -18 -10 -12 21 -3 -22 -4 -11 -26 -13 -5 -29 -2
right_child=29 2 4 27 5 6 -8 -9 18 10 16 14 15 -15 -16 -17 17 -19 -20 -21 22 -23 -24 -25 25 -27 -28 28 -30 -31
leaf_value=-0.015633767702859649 -0.043817538694389591 0.04906922113369018 0.090686876176260159 0.10577769893404357 -0.005166681281320239 -0.029038600153263972 0.0065149394924964472 0.016955941855449488 -0.026841292300584508 -0.056694995916219043 -0.0027274940116179059 -0.049443828150221442 -0.021577936549726104 0.02155073020032322 0.075424273592117494 0.051102271320707604 0.067074854429029357 -0.0059704574295338445 0.094770401901023135 -0.053363970005160161 0.084964910208917624 -0.037203224897283199 -0.052832870113924325 0.027689146839685898 -0.058353315844572734 0.15879427649599387 0.079573627669130342 -0.060189450650715216 0.073577017053189836 -0.017545386525423052
leaf_weight=992.63377419859171 121.65301461145282 41.812575079500675 82.931134104728699 20.67197747528553 938.1648678407073 450.85203030705452 762.96041388809681 2159.260477297008 61.160255447030067 194.13596452772617 108.76245043426752 206.69496867805719 63.98397696018219 494.81939704716206 25.556862138211727 322.44679068028927 61.076818645000458 877.79514870047569 14.925448536872862 160.95940915495157 6.974763795733451 49.033551245927811 196.86589047312737 49.624023534357548 9.3653860390186328 6.7804117798805228 6.6891809105873099 10.454841770231726 13.919653408229349 91.726595278829336
leaf_count=8045 1583 251 376 85 6754 3192 4566 11182 339 1923 853 1581 371 3055 128 1912 344 6147 78 1190 33 323 1478 311 78 44 35 65 61 932
internal_value=4.04235e-05 0.000868487 0.00520864 -0.0206025 0.00714871 0.00548418 -0.00669088 0.0102553 0.0415436 -0.00510355 -0.0144527 0.00117489 0.00546578 -0.00326389 -0.0324762 0.0390681 -0.00829907 -0.00121861 -0.00298518 -0.0329454 -0.0325121 0.00250428 -0.0481179 0.0671027 -0.0498205 0.0328376 -0.0453994 0.0573081 0.0162012 -0.0325238
internal_weight=8604.69 8391.31 4859.61 339.733 4519.88 4311.24 1213.81 3097.43 208.641 3531.7 1418.88 2112.82 1873.88 1487.45 238.941 386.431 1208.59 938.872 76.0857 269.722 294.687 90.8461 203.841 132.555 210.282 16.1458 213.384 45.0465 24.3745 213.38
internal_count=57315 54800 29094 2296 26798 25694 7758 17936 1104 25706 10579 15127 13383 11100 1744 2283 8534 6491 417 2043 2085 574 1511 687 2045 122 1616 211 126 2515
is_linear=0
shrinkage=0.05


Tree=32
num_leaves=31
num_cat=0
split_feature=30 3 28 29 21 4 27 26 27 13 10 1 29 28 10 19 14 4 15 30 13 8 21 28 8 4 28 28 1 13
split_gain=104.55 160.685 157.359 153.435 160.872 90.2116 121.333 105.029 123.74 118.819 93.4376 77.3817 82.7093 80.5207 72.6021 82.5665 75.4866 68.9367 59.3655 54.9515 53.8902 80.4238 81.8159 61.6764 62.7186 50.4881 48.1087 39.319 119.024 38.33
threshold=44.500000000000007 0.78200000000000014 22.500000000000004 49.500000000000007 0.15500000000000003 0.56500000000000006 53.150000000000013 3.5000000000000004 44.750000000000007 1.0000000180025095e-35 19.300000000000001 5.5000000000000009 18.500000000000004 14.500000000000002 4.0500000000000007 0.2599999999999999 1.0000000180025095e-35 2.0250000000000004 2.5000000000000004 59.500000000000007 1.0000000180025095e-35 13.400000000000002 0.58550000000000002 39.500000000000007 5.0500000000000007 1.2150000000000001 15.500000000000002 35.500000000000007 2.5000000000000004 1.0000000180025095e-35
decision_type=2 2 8 10 10 2 2 2 2 2 2 2 10 8 2 10 2 2 2 2 2 2 10 10 2 2 10 10 2 2
left_child=11 2 -2 4 27 7 10 8 -4 -9 -7 12 13 -1 16 -16 -15 25 20 -8 21 -13 -23 24 -22 -6 -14 29 -29 -3
right_child=1 3 5 -5 17 6 19 9 -10 -11 -12 18 26 14 15 -17 -18 -19 -20 -21 23 22 -24 -25 -26 -27 -28 28 -30 -31
leaf_value=-0.060531827313139767 -0.047371395740313529 -0.027047071795181388 -0.0035332235476434647 0.13910438837131908 0.010378373131672241 0.018416834754151973 0.083105093532894914 0.052564642139157597 -0.057567466080080155 -0.056181879712317286 -0.022484300684099175 0.11219455727281691 0.092203105365020022 0.0024309123855375987 -0.022670917549034875 0.032031760714710492 0.030188280993055362 0.076050117048787169 -0.052635728951316463 -0.058935878548541154 -0.061727513523094746 0.014988485200662408 -0.057816564211391433 -0.043630731122552412 0.044530585245290771 -0.060521543047786841 -0.023769988214796006 0.11340475689135741 -0.026769988199391827 -0.052322376037712219
leaf_weight=51.073737114667892 168.7590062469244 275.80139895156026 2785.6786732748151 14.701594315469263 185.93670701980591 1410.3725368864834 7.4552943259477606 147.32230048626661 110.14183875545859 30.28151049464941 154.97749932855368 16.649213925004005 39.448879465460777 1009.2247165367007 405.46174152195454 83.121975094079971 323.43261663615704 35.459179505705833 25.199502639472485 78.563975628465414 14.403323695063589 167.03247234225273 50.181164756417274 22.904977291822433 387.47803134471178 29.029735364019871 11.563524506986139 16.496843054890633 184.64476685598493 328.84456977620721
leaf_count=297 1612 2375 19248 79 1226 8499 45 829 1180 333 1343 74 176 6600 2554 461 1800 163 165 718 95 861 262 116 1831 224 72 97 1267 2720
internal_value=-0.000117834 -0.00376873 7.04362e-05 -0.0213118 -0.0235447 0.00176495 0.0111903 -0.00329936 -0.0055884 0.0340233 0.0143674 0.00823436 0.00309798 0.00138651 0.00312291 -0.0133644 0.00916756 0.0114584 0.0226805 -0.0466252 0.025562 0.00628664 -0.00183109 0.0361739 0.0407223 0.000803828 0.0659143 -0.0344231 -0.0152734 -0.0407934
internal_weight=8571.64 5964.47 4893.55 1070.91 1056.21 4724.79 1651.37 3073.42 2895.82 177.604 1565.35 2607.18 1923.33 1872.31 1821.24 488.584 1332.66 250.426 683.849 86.0193 658.649 233.863 217.214 424.786 401.881 214.966 51.0124 805.788 201.142 604.646
internal_count=57322 41958 33807 8151 8072 32195 10605 21590 20428 1162 9842 15364 11960 11712 11415 3015 8400 1613 3404 763 3239 1197 1123 2042 1926 1450 248 6459 1364 5095
is_linear=0
shrinkage=0.05


Tree=33
num_leaves=31
num_cat=0
split_feature=30 29 15 9 30 26 4 2 14 2 9 28 27 28 1 28 1 15 16 2 7 7 13 1 7 0 5 14 15 0
split_gain=93.7817 98.565 123.74 99.3643 167.417 140.041 90.9101 205.545 150.063 90.3483 78.6246 71.6533 70.4167 214.62 69.7635 66.6867 65.1265 60.845 86.6363 114.19 58.2011 55.2396 75.5571 64.0648 90.6084 74.1478 59.0381 90.9053 52.3515 50.6654
threshold=44.500000000000007 1.0000000180025095e-35 1.0000000180025095e-35 12.350000000000003 45.500000000000007 5.5000000000000009 1.1250000000000002 3.5000000000000004 1.5000000000000002 1.0000000180025095e-35 10.550000000000002 49.500000000000007 23.250000000000004 43.500000000000007 6.5000000000000009 43.500000000000007 11.500000000000002 2.5000000000000004 1.0000000180025095e-35 4.5000000000000009 21.000000000000004 11.000000000000002 1.0000000180025095e-35 1.5000000000000002 4.5000000000000009 1.0000000180025095e-35 2.5000000000000004 -1.0000000180025095e-35 1.0000000180025095e-35 5.5000000000000009
decision_type=2 8 2 2 2 2 2 2 2 2 2 10 2 8 2 8 2 2 2 2 2 2 2 2 2 2 2 2 2 2
left_child=10 2 -2 4 5 9 12 -8 -9 -3 21 14 15 -14 -6 -5 -13 18 20 -20 -4 23 -23 24 25 -1 -25 -28 -26 -12
right_child=1 3 17 6 11 -7 7 8 -10 -11 29 16 13 -15 -16 -17 -18 -19 19 -21 -22 22 -24 26 28 -27 27 -29 -30 -31
leaf_value=0.02030064421932171 0.09226339060110271 0.028977802086382967 0.079372542877162888 -0.020601539537571739 0.0087787497596979423 0.055240572271458899 0.14092388886014393 0.033995491605733917 -0.017089762855164104 -0.044134890661945328 0.012087539455454502 -0.045273614647314095 0.10499839239470964 -0.00099557763062791608 -0.017225039502694103 -0.0020215897752856389 0.026050355680511724 -0.038011915350639545 -0.043791716383747174 0.033178155978408681 0.0034526160621988454 0.11785583507738591 -0.032996177689864896 -0.032342783394706469 0.16987299780186038 -0.028768889504338247 0.11586479668616328 -0.063833606681705859 0.040290188133195515 0.10539940190486788
leaf_weight=156.99491902440786 51.46306012570858 45.294964008033276 73.474476732313633 660.5345184057951 823.48599990457296 41.652328252792358 31.82151035964489 311.22286759316921 267.1539225243032 629.50800691917539 1902.1678004413843 164.55517530813813 57.891877412796021 272.83267014101148 375.55407423526049 1796.1734764389694 39.733806625008583 56.998700894415379 88.620147034525871 105.61347128450871 38.456974066793919 20.012279838323593 14.183811008930205 298.21749386936426 11.071906752884386 151.06520034372807 17.183398202061657 11.919955089688299 26.328968390822411 14.659244388341902
leaf_count=1152 229 306 351 4584 6927 239 145 1752 1830 6126 10142 1424 239 1856 2958 10988 281 360 542 508 241 122 86 2352 78 1138 73 72 161 61
internal_value=-0.000326395 -0.00380785 0.019703 -0.00557467 -0.0140696 -0.0337353 -0.000274673 0.0172059 0.0103991 -0.0392273 0.00754468 -0.00402948 -0.00410135 0.0175582 0.000634044 -0.00701718 -0.0314012 0.00942064 0.0182512 -0.00193977 0.0532883 -0.00670719 0.0552856 -0.00985816 0.00516046 -0.00376186 -0.0257091 0.0422651 0.078651 0.0128012
internal_weight=8555.85 5932.04 414.627 5517.42 2119.78 716.455 3397.63 610.198 578.377 674.803 2623.8 1403.33 2787.43 330.725 1199.04 2456.71 204.289 363.164 306.165 194.234 111.931 706.978 34.1961 672.782 345.461 308.06 327.321 29.1034 37.4009 1916.83
internal_count=57323 41886 2231 39655 18261 6671 21394 3727 3582 6432 15437 11590 17667 2095 9885 15572 1705 2002 1642 1050 592 5234 208 5026 2529 2290 2497 145 239 10203
is_linear=0
shrinkage=0.05


Tree=34
num_leaves=31
num_cat=0
split_feature=25 25 25 28 8 28 26 26 30 30 28 30 6 29 1 29 8 26 1 4 30 1 25 1 5 22 30 14 30 27
split_gain=81.6834 156.441 207.691 150.149 128.426 115.096 113.796 102.122 82.8803 90.6512 140.928 112.013 74.1977 50.8982 50.8882 58.0606 50.441 44.4738 71.4141 46.0513 47.7351 40.0688 34.4646 19.6303 7.51431 5.74396 4.24407 3.75633 36.9732 2.26843
threshold=0.43000000000000005 0.10500000000000002 1.0000000180025095e-35 49.500000000000007 8.4500000000000011 22.500000000000004 4.5000000000000009 6.5000000000000009 40.500000000000007 45.500000000000007 43.500000000000007 72.500000000000014 29.050000000000004 9.5000000000000018 5.5000000000000009 20.500000000000004 12.700000000000001 3.5000000000000004 8.5000000000000018 0.16500000000000004 66.500000000000014 12.500000000000002 0.7350000000000001 16.500000000000004 4.5000000000000009 1.0000000180025095e-35 48.500000000000007 1.0000000180025095e-35 59.500000000000007 34.550000000000004
decision_type=2 2 2 10 2 8 2 2 2 2 10 2 2 8 2 10 2 2 2 2 2 2 2 2 2 2 2 2 2 2
left_child=1 2 8 4 25 21 -5 17 14 10 -10 -11 -7 -9 15 -1 -16 23 19 20 -19 -6 -21 27 26 -3 -15 -2 -29 -4
right_child=7 3 29 6 5 12 -8 13 9 11 -12 -13 -14 24 16 -17 -18 18 -20 22 -22 -23 -24 -25 -26 -27 -28 28 -30 -31
leaf_value=0.0034162937373611729 -0.056598842612680889 -0.064370667415834637 -0.060883912110125837 -0.059788044540643584 -0.055314357130565345 -0.05592653243700018 0.087126068461075276 -0.062896161783124752 -0.015355962412743821 0.0083721194643239082 0.02108090643330833 -0.013004151854916289 0.061100790821409429 0.066365303589793923 0.05948031059609285 0.078716935183078485 0.01577063589067542 -0.01604300931987156 0.096902499261342201 0.02319052828666324 0.088207336682888729 0.041732139391530983 -0.055706691453479631 0.021137709938982448 0.10504022864144702 -0.018188777770134446 0.024656748205319517 0.063609241940079816 -0.057974991524541192 -0.038352117177238174
leaf_weight=1566.388698913157 128.24997353181243 26.354542203247547 138.91681139916182 71.634664721786976 33.903055302798748 14.09624747186899 16.152852728962898 9.1255667582154256 2013.4386490061879 2242.2356119677424 305.65850039571524 843.33599930629134 345.89445599913597 23.370369747281078 81.296108543872833 26.024388939142227 350.88578756153584 36.300152614712715 13.61886467784643 16.613170892000198 15.742495775222777 15.498456440865992 82.972570456564426 9.6593533456325513 10.088236048817633 9.0433754324913007 8.2530669942498189 7.2989720851182929 43.623743806034327 12.147319205105303
leaf_count=9516 1505 156 983 491 228 151 67 58 14274 14643 1693 7109 1644 127 387 117 1702 312 77 97 106 87 976 44 41 57 67 41 394 95
internal_value=-0.000285653 0.000808221 -0.00103214 0.0270027 0.0387971 0.0466973 -0.0327559 -0.0222025 0.00014802 -0.00308425 -0.0105536 0.00252964 0.0565183 0.0440658 0.00877658 0.00464691 0.0239927 -0.031717 -0.0127743 -0.0226252 0.0154919 -0.0248685 -0.0425448 -0.0482939 0.0674666 -0.0525722 0.0554802 -0.052037 -0.0405478 -0.0590721
internal_weight=8517.82 8112.91 7580.33 532.578 444.79 409.392 87.7875 404.917 7429.26 5404.67 2319.1 3085.57 359.991 50.8372 2024.59 1592.41 432.182 354.079 165.247 151.628 52.0426 49.4015 99.5857 188.832 41.7117 35.3979 31.6234 179.173 50.9227 151.064
internal_count=57245 53400 50519 2881 2323 2110 558 3845 49441 37719 15967 21752 1795 293 11722 9633 2089 3552 1568 1491 418 315 1073 1984 235 213 194 1940 435 1078
is_linear=0
shrinkage=0.05


Tree=35
num_leaves=31
num_cat=0
split_feature=30 10 10 21 28 0 26 25 2 19 28 28 6 10 29 29 6 10 19 10 29 28 19 2 28 29 20 0 6 9
split_gain=82.5747 74.413 136.218 67.2975 83.0899 94.7051 79.844 127.642 65.1344 53.5283 34.7006 57.4255 65.3107 30.5174 28.1636 26.139 33.1954 15.4075 19.2885 16.3128 9.13577 21.8804 8.55091 9.79657 6.89161 6.70985 4.29976 2.14262 2.07178 1.77634
threshold=81.500000000000014 18.700000000000006 18.300000000000001 0.27950000000000003 50.500000000000007 2.5000000000000004 5.5000000000000009 0.43000000000000005 10.500000000000002 0.09999999999999995 39.500000000000007 20.500000000000004 69.050000000000011 3.0500000000000003 1.0000000180025095e-35 1.0000000180025095e-35 72.450000000000017 14.950000000000001 1.0850000000000002 15.450000000000001 43.500000000000007 24.500000000000004 0.010000000000000007 9.5000000000000018 27.500000000000004 1.5000000000000002 1.5000000000000002 6.5000000000000009 63.95000000000001 8.6500000000000004
decision_type=2 2 2 10 8 2 2 2 2 8 10 8 2 2 10 10 2 2 8 2 10 10 10 2 8 8 10 2 2 2
left_child=1 2 3 6 5 -5 7 -1 -6 15 11 -11 -13 -8 -12 16 28 24 19 -19 26 -22 23 -21 -2 -26 -17 -24 -3 -27
right_child=17 9 -4 4 8 -7 13 -9 -10 10 14 12 -14 -15 -16 20 -18 18 -20 22 21 -23 27 -25 25 29 -28 -29 -30 -31
leaf_value=-0.00086862149172949499 0.0023182984665930137 -0.024657614061532204 0.16956673566356592 0.041267369295409667 -0.002275458068122569 0.0042564064718763296 0.076104257291379068 -0.040391613298316038 0.060673613228917969 -0.051997664237906728 0.028117357709006266 -0.048048093578644563 0.0845176611918311 0.021207325748590827 -0.054595376033519084 -0.056591957355913838 0.052472331915767667 0.062850461983194134 0.049466162190901601 -0.031524259584970959 -0.056545146739275291 0.071171769019932163 -0.054083979407479311 0.020889820541968276 5.7683205125286057e-05 -0.037816642115940408 -0.015683499919760834 -0.030399621600424167 -0.057506374765939033 -0.054158583108701024
leaf_weight=5994.0116717778146 7.485016241669654 7.8248149007558849 11.98834655433893 351.88901503384113 941.14457535743713 339.69916930794716 39.153600126504898 211.49109930917621 42.969539195299149 17.818436555564404 14.675266683101652 12.264078520238398 38.325586721301079 71.630425617098808 34.453470751643181 125.99157225340605 15.472209252417086 5.0407704561948767 9.8501102030277234 25.315263405442238 9.9064150676131231 5.0696928873658171 26.770404692739248 13.760936118662356 6.9794550612568846 21.147895455360413 6.7683618664741507 14.843983206897972 12.417248755693434 77.815213445574045
leaf_count=39285 72 86 65 1876 5855 1900 185 2273 216 151 79 102 203 545 286 1321 90 31 46 319 101 50 311 126 69 298 61 147 110 1126
internal_value=-0.00054757 0.000233592 0.00115139 0.000898758 0.00980664 0.0230881 -0.00146449 -0.00221561 0.000473098 -0.0241728 0.00216984 0.025193 0.0523807 0.0406092 -0.0298882 -0.0410506 -0.00266418 -0.031587 -0.0167985 -0.0244119 -0.0503303 -0.0133106 -0.0298632 -0.0130663 -0.0440488 -0.0473247 -0.0545064 -0.0456357 -0.0448083 -0.0506664
internal_weight=8513.97 8304.96 8003.98 7991.99 1675.7 691.588 6316.29 6205.5 984.114 300.987 117.537 68.4081 50.5897 110.784 49.1287 183.45 35.7143 209.009 95.5815 85.7314 147.736 14.9761 80.6906 39.0762 113.428 105.943 132.76 41.6144 20.2421 98.9631
internal_count=57385 54840 52200 52135 9847 3776 42288 41558 6071 2640 821 456 305 730 365 1819 286 2545 980 934 1533 151 903 445 1565 1493 1382 458 196 1424
is_linear=0
shrinkage=0.05


Tree=36
num_leaves=31
num_cat=0
split_feature=30 5 28 14 7 23 1 7 8 7 14 30 1 16 28 28 23 1 28 14 9 1 29 14 28 8 29 28 30 19
split_gain=86.012 73.5178 86.0186 86.0368 156.2 200.225 140.577 81.7422 88.7627 80.9027 123.036 103.809 79.8404 101.618 104.767 79.4042 103.412 85.0881 49.4962 53.1095 43.6248 42.4817 77.9793 30.0497 23.7735 7.03595 21.5596 17.5806 7.58661 6.65196
threshold=82.500000000000014 5.5000000000000009 50.500000000000007 1.0000000180025095e-35 7.5000000000000009 2.5000000000000004 2.5000000000000004 29.000000000000004 23.700000000000003 7.5000000000000009 -1.0000000180025095e-35 32.500000000000007 11.500000000000002 1.0000000180025095e-35 69.500000000000014 43.500000000000007 1.5000000000000002 7.5000000000000009 72.500000000000014 -1.0000000180025095e-35 13.900000000000002 9.5000000000000018 42.500000000000007 2.5000000000000004 63.500000000000007 14.850000000000001 34.500000000000007 79.500000000000014 83.500000000000014 1.0000000180025095e-35
decision_type=2 2 10 2 2 2 2 2 2 2 2 2 2 2 10 8 2 2 10 2 2 2 10 2 8 2 10 10 2 10
left_child=1 2 3 9 6 -6 -5 8 15 11 -11 -1 18 20 -15 16 -3 -17 23 -20 -14 24 -23 -4 -10 26 27 -2 29 -27
right_child=25 7 12 4 5 -7 -8 -9 21 10 -12 -13 13 14 -16 17 -18 -19 19 -21 -22 22 -24 -25 -26 28 -28 -29 -30 -31
leaf_value=0.0085598038645893996 -0.054454404586672979 -0.04407846724626107 -0.042477573523265588 -0.0029524304785356003 -0.0049363566489580187 0.050308032959245255 0.046771698337992204 -0.052125978679572721 0.072693061582197072 0.016464199562993952 -0.0088284028701605538 -0.014964136166678844 0.052087652378796007 0.085337596499919233 -0.048225917334733817 -0.016405732720779005 0.064638486074809598 0.035213667405295711 0.11879983785200021 -0.012458078524314442 -0.048069235662434567 -0.065745250355759968 0.12984272916857773 0.0057686575151486771 0.15946427217630901 -0.012269215971888186 0.092425086225867051 0.045227865254588585 -0.052516396437607818 -0.055450600364977592
leaf_weight=607.7436525374651 20.472841728478677 100.18956951797009 328.6011305116117 219.33591001480818 1700.7203819826245 181.52002407610416 403.87249872088432 41.811129454523325 14.853946164250376 965.32612857967615 957.99274219945073 2053.9814229756594 13.167843997478483 57.17359472438693 19.755367375910282 101.87405873090029 27.982694193720818 368.99017214402556 10.227643601596354 31.264404661953449 62.35853622853756 10.819557271897795 9.6334967240691167 35.789126053452492 16.846210278570652 27.962123975157738 3.9495327174663535 5.64223289489746 79.377091221511364 13.095413669943808
leaf_count=3920 287 712 2426 1544 11101 931 2121 345 66 6067 6124 15793 77 321 164 559 128 1887 64 227 432 68 49 214 83 342 38 44 1050 163
internal_value=-0.00062672 4.91647e-05 -0.00136371 0.000124204 0.007575 0.000391317 0.0292715 0.0156435 0.0199948 -0.00394721 0.00386612 -0.00959299 -0.0202592 0.0105912 0.0510385 0.0145479 -0.0203433 0.0240455 -0.0318471 0.0198965 -0.0306071 0.0825578 0.0263777 -0.037739 0.118805 -0.0380895 -0.0164517 -0.0329178 -0.043491 -0.026042
internal_weight=8492.33 8341.83 7648.83 7090.49 2505.45 1882.24 623.208 693.001 651.19 4585.04 1923.32 2661.73 558.338 152.455 76.929 599.036 128.172 470.864 405.882 41.492 75.5264 52.1532 20.4531 364.39 31.7002 150.499 30.0646 26.1151 120.435 41.0575
internal_count=57347 55423 51526 47601 15697 12032 3665 3897 3552 31904 12191 19713 3925 994 485 3286 840 2446 2931 291 509 266 117 2640 149 1924 369 331 1555 505
is_linear=0
shrinkage=0.05


Tree=37
num_leaves=31
num_cat=0
split_feature=30 15 4 7 29 15 3 0 7 7 0 29 9 3 28 4 3 13 14 20 13 29 7 16 30 28 1 29 0 4
split_gain=76.2279 73.6255 154.9 107.543 100.25 98.4246 142.541 90.044 89.9688 83.4281 87.1399 136.866 105.361 77.5682 69.2545 52.4193 83.6047 92.0732 127.643 80.3304 70.129 62.4617 57.2889 100.207 40.9121 38.1355 34.7988 30.6675 28.3561 27.9184
threshold=72.500000000000014 2.5000000000000004 2.0650000000000004 29.000000000000004 1.0000000180025095e-35 1.0000000180025095e-35 0.64500000000000013 3.5000000000000004 11.000000000000002 29.000000000000004 4.5000000000000009 7.5000000000000009 12.15 0.6100000000000001 55.500000000000007 2.0250000000000004 0.69600000000000006 1.0000000180025095e-35 2.5000000000000004 1.0000000180025095e-35 1.0000000180025095e-35 57.500000000000007 4.5000000000000009 1.0000000180025095e-35 50.500000000000007 28.500000000000004 11.500000000000002 13.500000000000002 3.5000000000000004 2.7600000000000002
decision_type=2 2 2 2 8 2 2 2 2 2 2 10 2 2 10 2 2 2 2 8 2 10 2 2 2 8 2 10 2 2
left_child=1 4 3 24 5 -1 7 -7 -8 10 12 -12 -6 -5 27 16 17 18 19 -2 -17 -18 23 -19 -3 -24 -15 -11 -26 -4
right_child=15 2 29 13 9 6 8 -9 -10 14 11 -13 -14 26 -16 20 21 22 -20 -21 -22 -23 25 -25 28 -27 -28 -29 -30 -31
leaf_value=0.087692544945205897 0.025127486025977825 -0.056724415368815617 0.098090469449259809 0.093917175509522235 -0.0060224703348946626 0.018628097814531539 0.0033700706128142141 -0.048173253893154189 0.084804080272951388 -0.057174825840167254 0.075567949960112568 0.0049240600184129076 0.0071094731589083741 -0.038104461843021936 0.092700243987122372 -0.053893887374882626 -0.044617953840069786 0.091666930949796901 0.1174686085406198 -0.024483525664800786 0.067568203576397631 0.12442310143228635 0.035206568592781443 -0.033872772643438125 0.013497070244735027 -0.04258139231319711 0.072469639661508309 -0.0056229761014547101 -0.033370946155120582 0.0041087016843146919
leaf_weight=57.653708592057228 177.63263226300478 163.40762265771627 31.025705695152283 27.971136622130871 2760.2533107884228 119.97368929535151 53.469852276146412 87.046312376856804 92.752078503370285 106.3757217079401 102.843321852386 205.69057327508926 3419.9121648669243 32.385313503444195 10.018835932016371 16.612125970423222 240.81795748323202 25.943141736090183 25.978333614766598 150.91929386183619 41.751911051571369 5.5916232839226714 16.898647233843803 41.042582143098116 42.696944326162338 233.00533828884363 9.1188789010047895 39.584003448486328 132.18492906540632 10.602528713643549
leaf_count=250 1470 1173 133 134 21611 605 273 517 432 829 493 1464 19141 213 67 171 2313 173 129 1268 218 29 176 403 283 2198 53 338 815 69
internal_value=0.00019299 0.00190258 -0.0177203 -0.0270996 0.00315243 0.0271196 0.0172333 -0.00946006 0.0550256 0.00167034 0.00253899 0.0284717 0.00124434 0.0295614 -0.0344653 -0.0129504 -0.0158721 -0.00673019 0.010775 0.00233882 0.0329965 -0.040782 -0.0263147 0.014748 -0.0387362 -0.0373213 -0.0138102 -0.0431941 -0.0219282 0.0741537
internal_weight=8481.16 7504.97 449.393 407.765 7055.57 410.896 353.242 207.02 146.222 6644.68 6488.7 308.534 6180.17 69.4753 155.979 976.194 917.83 671.42 354.53 328.552 58.364 246.41 316.89 66.9857 338.289 249.904 41.5042 145.96 174.882 41.6282
internal_count=57441 48893 2873 2671 46020 2077 1827 1122 705 43943 42709 1957 40752 400 1234 8548 8159 5817 2867 2738 389 2342 2950 576 2271 2374 266 1167 1098 202
is_linear=0
shrinkage=0.05


Tree=38
num_leaves=31
num_cat=0
split_feature=30 5 26 6 6 4 30 8 28 8 5 13 2 29 8 2 24 5 6 24 29 10 4 29 0 5 29 30 4 28
split_gain=72.3542 76.0815 76.824 79.6532 230.706 89.5278 101.421 75.9237 67.1449 76.6306 91.3292 121.088 98.5643 77.8424 110.215 61.7814 60.6223 66.9632 45.3982 30.8087 29.5345 26.1525 31.1705 21.0967 19.5218 15.4808 21.8582 11.3827 12.8913 29.0578
threshold=80.500000000000014 1.5000000000000002 3.5000000000000004 29.050000000000004 35.150000000000013 0.27500000000000008 35.500000000000007 9.9000000000000021 50.500000000000007 13.15 1.0000000180025095e-35 1.0000000180025095e-35 6.5000000000000009 7.5000000000000009 11.000000000000002 1.5000000000000002 4.5000000000000009 2.5000000000000004 33.050000000000004 2.5000000000000004 11.500000000000002 14.950000000000001 0.77500000000000013 1.0000000180025095e-35 2.5000000000000004 7.5000000000000009 5.5000000000000009 84.500000000000014 1.7250000000000003 61.500000000000007
decision_type=2 2 2 2 2 2 2 2 10 2 2 2 2 10 2 2 2 2 2 2 8 2 2 10 2 2 10 2 2 8
left_child=1 8 3 5 18 6 -3 -6 9 13 11 -11 -12 15 -15 -1 19 -18 -5 24 -19 25 -23 -10 -4 -2 -27 28 -24 -30
right_child=21 2 16 4 7 -7 -8 -9 23 10 12 -13 -14 14 -16 -17 17 20 -20 -21 -22 22 27 -25 -26 26 -28 -29 29 -31
leaf_value=-0.0078439705047358751 -0.044801784487541851 0.057675534454570278 -0.0074808927635848762 0.037458740650624954 -0.027826937297326489 0.15162726866413909 -0.04705539672655111 0.0042037074612090736 0.011239503344665867 -0.01242390903371743 -0.019252348679383493 0.023312679749378264 0.038397214371985983 0.078756204819786457 0.00014830779563899702 0.024245908178617326 -0.049692704251124833 -0.028739220687864588 0.087858260905793059 0.11266320429315108 0.071261870850361328 0.10738582654628535 -0.021615913740966896 -0.054237951021119717 0.065159663913453 -0.054251314262502431 0.10565750179349452 -0.047355207049825834 -0.054983779611249776 0.047376811335782233
leaf_weight=519.05510570853949 133.19658293947577 26.7218277156353 12.320637397468088 97.597784027457237 193.89837825298309 6.7970204427838317 171.32142752408981 4034.0420572757721 14.322730697691439 526.67511229962111 1392.0665457062423 431.022236302495 78.3135906457901 86.559877216815948 91.968385450541973 210.94646293669939 30.167842417955399 9.6008153110742551 82.409184262156487 28.042999997735023 31.969242461025715 5.5258978605270377 53.753247935324907 87.189075529575348 37.10059879720211 4.333580404520033 4.2161389403045177 21.057006567716599 9.7493574731051904 24.00302704423666
leaf_count=3803 1900 136 69 561 1325 46 1392 23833 81 4398 10790 2969 436 383 694 1224 275 51 450 116 162 28 645 777 178 65 38 245 128 155
internal_value=-8.84223e-05 0.000728519 0.0048208 0.00367864 0.00509501 -0.0268003 -0.0329241 0.00273474 -0.00493953 -0.00372076 -0.00835583 0.00365974 -0.0161819 0.00866664 0.0382615 0.00142895 0.0401325 0.00701368 0.0605322 0.0708031 0.0481661 -0.0262733 -0.00845441 -0.0449995 0.0470505 -0.0406154 0.0246048 -0.0143507 -0.00640868 0.01781
internal_weight=8455.94 8200.11 4761.99 4612.79 4407.95 204.84 198.043 4227.94 3438.12 3336.61 2428.08 957.697 1470.38 908.53 178.528 730.002 149.202 71.7379 180.007 77.4642 41.5701 255.835 114.089 101.512 49.4212 141.746 8.54972 108.563 87.5056 33.7524
internal_count=57353 54149 28594 27743 26169 1574 1528 25158 25555 24697 18593 7367 11226 6104 1077 5027 851 488 1011 363 213 3204 1201 858 247 2003 103 1173 928 283
is_linear=0
shrinkage=0.05


Tree=39
num_leaves=31
num_cat=0
split_feature=30 3 29 28 6 27 28 8 28 4 30 7 30 24 28 1 1 27 14 8 14 7 8 28 29 25 8 5 6 4
split_gain=72.0806 149.308 120.341 117.442 108.358 137.773 108.187 70.5629 109.299 90.5432 112.738 105.315 72.2537 67.3537 64.2273 90.4012 55.2617 82.0009 60.4196 85.1906 52.527 65.0318 125.133 56.0399 51.1672 38.8943 38.6099 37.8636 59.7426 33.4186
threshold=41.500000000000007 0.78200000000000014 49.500000000000007 22.500000000000004 80.750000000000014 21.700000000000006 39.500000000000007 25.550000000000001 38.500000000000007 0.57500000000000007 59.500000000000007 23.500000000000004 46.500000000000007 1.5000000000000002 43.500000000000007 2.5000000000000004 5.5000000000000009 35.250000000000007 1.5000000000000002 17.950000000000003 1.0000000180025095e-35 11.000000000000002 12.700000000000001 14.500000000000002 19.500000000000004 0.38500000000000006 23.700000000000003 1.5000000000000002 69.950000000000017 0.47500000000000003
decision_type=2 2 10 8 2 2 8 2 8 2 2 2 2 2 10 2 2 2 2 2 2 2 2 10 10 2 2 2 2 2
left_child=13 3 4 27 14 6 -6 9 -9 11 -11 -5 -10 16 29 -16 17 18 24 -20 21 22 -18 -23 -1 -7 -22 28 -2 -3
right_child=1 2 -4 7 5 25 -8 8 12 10 -12 -13 -14 -15 15 -17 20 -19 19 -21 26 23 -24 -25 -26 -27 -28 -29 -30 -31
leaf_value=-0.00025428106000564805 -0.020681511490430432 -0.027839745061540008 0.12073561799423382 -0.0011012445483419763 0.039516253321002219 0.09331908442438025 -0.042796767319821571 -0.061405290259550632 0.0020482651663439734 0.023599828506399495 -0.002784486796495672 -0.030088357062447987 0.063762945194457521 -0.045934570275018176 0.08920734238434358 -0.018613254735122927 0.084992766577194123 0.14577032583431032 -0.05070487140544995 0.065537137610573518 0.013884528035670089 0.094053067988409289 -0.011732669808309736 0.0044198857161847063 0.064378451311333032 -0.0099014563456167378 -0.050113309352982728 -0.048938192810497431 0.15621690979216649 -0.050265039327825257
leaf_weight=1548.0434812828898 27.793056011199951 455.44334172084928 14.985852569341658 2632.6452312730253 61.15117996186018 48.236566498875618 114.97042722627521 29.459011122584343 74.071298152208328 792.87931038439274 827.34807642176747 355.6776263602078 131.84539733827114 57.971588972955942 24.528875581920147 93.71780900657177 49.325079753994942 10.171599619090555 19.82229109108448 76.944870077073574 256.59001534432173 71.42504046857357 103.80823855102062 23.070723205804825 31.239424347877502 11.255871575325726 25.950715690851212 153.39644442126155 5.7623920664191237 261.52861353009939
leaf_count=9480 250 3952 75 18739 380 200 813 209 400 4522 5952 2785 863 526 130 687 209 52 115 391 1247 321 520 127 146 80 134 1482 45 2221
internal_value=-0.000331264 -0.00315707 -0.0199721 0.000472124 -0.0219412 0.00800481 -0.0142169 0.00197294 0.028676 0.000609114 0.010127 -0.00455136 0.0415633 0.00726849 -0.0303889 0.00375285 0.00866006 0.00423306 0.0033741 0.0417255 0.0227403 0.0395513 0.0194231 0.0721695 0.0010242 0.0737899 0.00800647 -0.038414 0.00969681 -0.0360198
internal_weight=8391.06 6116.7 1085.82 5030.88 1070.83 235.614 176.122 4843.93 235.376 4608.55 1620.23 2988.32 205.917 2274.36 835.219 118.247 2216.39 1686.22 1676.05 96.7672 530.17 247.629 153.133 94.4958 1579.28 59.4924 282.541 186.952 33.5554 716.972
internal_count=57053 43785 8538 35247 8463 1473 1193 33470 1472 31998 10474 21524 1263 13268 6990 817 12742 10184 10132 506 2558 1177 729 448 9626 280 1381 1777 295 6173
is_linear=0
shrinkage=0.05


Tree=40
num_leaves=29
num_cat=0
split_feature=14 29 15 10 10 4 3 30 8 16 4 14 29 6 20 15 4 30 3 14 2 8 19 30 0 30 19 4
split_gain=66.9078 69.834 133.159 70.2376 100.404 77.8456 125.618 86.6406 67.5431 54.8034 78.4806 57.7237 52.9113 82.526 56.5776 52.4718 49.0661 19.8147 17.4027 4.66491 2.91725 1.87971 0.632033 0.0353821 0.0320397 0.0301711 0.0115254 0.00987569
threshold=3.5000000000000004 1.0000000180025095e-35 1.0000000180025095e-35 18.900000000000002 18.300000000000001 1.1250000000000002 0.59200000000000008 44.500000000000007 22.800000000000001 1.0000000180025095e-35 1.6650000000000003 2.5000000000000004 38.500000000000007 70.950000000000017 11.500000000000002 1.5000000000000002 1.0450000000000002 44.500000000000007 0.84800000000000009 -1.0000000180025095e-35 9.5000000000000018 14.850000000000001 1.0000000180025095e-35 70.500000000000014 6.5000000000000009 51.500000000000007 0.12500000000000003 1.8450000000000004
decision_type=2 8 2 2 2 2 2 2 2 2 2 2 8 2 10 2 2 2 2 2 2 2 8 2 2 2 10 2
left_child=1 2 18 4 5 7 -7 -3 9 11 -11 -4 14 26 17 19 -15 -5 21 -10 23 22 -1 25 -25 -2 -14 -27
right_child=20 3 8 12 -6 6 -8 -9 15 10 -12 -13 13 16 -16 -17 -18 -19 -20 -21 -22 -23 -24 24 -26 27 -28 -29
leaf_value=0.089952496355995865 -0.060224128838304608 0.0059088340182827988 0.034210689214436547 -0.018560609023616944 0.12803142868931461 0.0494774514331306 0.0014638423447233201 -0.0057943644345568746 0.10873407631836847 -0.030042507847036343 0.063768374301406389 -0.042849351975930823 -0.055027056262849643 0.14647569707410851 0.09442312177797435 -0.011063619854676347 0.023434862638682764 -0.055052462425001725 0.043217981806628586 0.07487973050793699 -0.028112510619597769 0.11814742386328443 0.10504819216302111 -0.062010925649025397 -0.057417362266195628 -0.064904926661618789 -0.057719039222811068 -0.062721467138495676
leaf_weight=15.405887857079506 7.5335895866155651 2433.2683963663876 143.86292481422424 51.208790272474289 15.302541010081766 199.31945830956101 430.36716118082404 4517.4160000011325 16.92350472509861 167.39623623341322 25.719862543046474 29.241129666566849 25.216168086975816 10.426724784076212 7.5628456473350516 19.296656206250191 36.350109469145536 135.97579510882497 15.640371292829512 25.519191920757294 7.4838725030422202 16.190607979893684 12.608749344944954 8.4958209618926031 6.8620887212455264 11.421400904655458 4.7203470692038527 9.4745977073907834
leaf_count=64 55 14384 744 339 89 1094 2746 33422 69 960 115 203 315 63 31 108 266 1564 75 107 58 68 55 58 66 66 42 59
internal_value=-1.83003e-05 0.000331141 0.0186888 -0.000807133 8.60015e-05 -0.000172283 0.016662 -0.00169735 0.00891986 0.000764014 -0.0175485 0.0211935 -0.0257977 0.00937381 -0.0396522 0.057298 0.0508611 -0.0450692 0.088547 0.0883787 -0.0569616 0.104585 0.0967467 -0.0618922 -0.0599585 -0.0629369 -0.0554515 -0.0639149
internal_weight=8406.21 8354.94 487.805 7867.13 7595.67 7580.37 629.687 6950.68 427.96 366.22 193.116 173.104 271.461 76.7133 194.747 61.7394 46.7768 187.185 59.8456 42.4427 51.2714 44.2052 28.0146 43.7875 15.3579 28.4296 29.9365 20.896
internal_count=57285 56923 2568 54355 51735 51646 3840 47806 2306 2022 1075 947 2620 686 1934 284 329 1903 262 176 362 187 119 304 124 180 357 125
is_linear=0
shrinkage=0.05


Tree=41
num_leaves=31
num_cat=0
split_feature=30 10 10 4 14 28 28 15 29 28 29 6 14 19 28 28 10 4 19 5 28 4 14 28 8 5 30 6 0 6
split_gain=76.3069 69.5402 86.9856 75.9357 146.44 170.048 125.092 75.046 69.0515 55.6838 45.4984 58.5225 25.6344 23.0935 37.3517 53.9018 21.8933 31.4649 30.9541 15.4281 34.6848 14.7805 20.9396 14.4408 14.1064 11.71 10.7732 9.66293 18.8658 13.5383
threshold=79.500000000000014 18.500000000000004 18.300000000000001 1.1250000000000002 1.5000000000000002 56.500000000000007 63.500000000000007 2.5000000000000004 1.0000000180025095e-35 36.500000000000007 1.5000000000000002 73.950000000000017 1.5000000000000002 0.09999999999999995 39.500000000000007 24.500000000000004 14.950000000000001 0.77500000000000013 1.0850000000000002 7.5000000000000009 27.500000000000004 2.1000000000000001 1.5000000000000002 62.500000000000007 17.850000000000005 5.5000000000000009 68.500000000000014 53.650000000000013 2.5000000000000004 52.95000000000001
decision_type=2 2 2 2 2 8 10 2 8 8 10 2 2 10 10 10 2 2 8 2 8 2 2 8 2 2 2 2 2 2
left_child=1 2 3 7 6 -6 -5 8 -1 -9 11 12 -3 25 15 -15 19 -18 21 27 -21 23 -23 -19 -13 -12 -26 28 29 -2
right_child=16 10 -4 4 5 -7 -8 9 -10 -11 13 24 -14 14 -16 -17 17 18 -20 20 -22 22 -24 -25 26 -27 -28 -29 -30 -31
leaf_value=0.022929011596082006 -0.037777166996635692 0.02746621482388132 0.13983120229383189 0.045642216080145216 -0.043848504948016731 0.038377978343444981 -0.055992966029322667 -0.059011144082497941 -9.4440986652573889e-05 -0.011175448351653487 -0.052816092295771666 0.0050121576251857822 -0.059483959075251835 -0.054691363732755884 -0.057554396980902728 0.068295301948101253 0.099647629453838163 -0.011738102735657735 0.059446332352328018 0.13103563167063165 -0.054196383966414734 -0.058260762048126871 0.04088488748044497 -0.050957202408832239 0.049412511748103252 0.020331957154709243 0.11612123682688238 -0.049027865703982161 0.081236239891887621 0.052150943889488557
leaf_weight=342.93163795769215 57.63190233707428 12.101895019412039 11.376853071153162 359.67955116927624 158.11404494196177 104.38810159265995 33.057162754237652 83.631605871021748 6468.2678988464177 223.19998330622911 121.87828610092402 10.652176752686499 28.296568594872952 14.735158674418924 27.007891610264778 22.531833566725254 6.3284313529729834 46.427522867918015 12.789476320147513 4.3494454324245426 6.0323277749121198 7.5821597389876869 17.893327049911022 47.468904715031385 16.985730074346069 5.7284947410225859 9.4025199115276319 102.26033066213131 3.9655924811959258 4.5128878019750109
leaf_count=1742 781 94 53 1736 1174 541 189 649 43220 1464 1401 61 250 135 253 125 32 588 63 29 93 76 109 559 97 50 41 1424 40 47
internal_value=-0.000134937 0.000812496 0.00167666 0.00147446 0.0177626 -0.0111499 0.0370874 -2.49146e-05 0.00106475 -0.0242138 -0.0241661 0.00818363 -0.0334369 -0.0372217 -0.0127809 0.0196671 -0.0241878 -0.00926515 -0.0144803 -0.0357493 0.0234066 -0.0224008 0.0113766 -0.0315651 0.0535774 -0.0495323 0.0731818 -0.0393968 -0.0244995 -0.0312467
internal_weight=8371.21 8053.97 7784.65 7773.27 655.239 262.502 392.737 7118.03 6811.2 306.832 269.321 77.4389 40.3985 191.882 64.2749 37.267 317.242 138.49 132.161 178.752 10.3818 119.372 25.4755 93.8964 37.0404 127.607 26.3882 168.371 66.1104 62.1448
internal_count=57116 53275 50768 50715 3640 1715 1925 47075 44962 2113 2507 543 344 1964 513 260 3841 1427 1395 2414 122 1332 185 1147 199 1451 138 2292 868 828
is_linear=0
shrinkage=0.05


Tree=42
num_leaves=31
num_cat=0
split_feature=14 3 28 16 19 21 14 5 8 4 4 28 3 8 13 3 14 8 4 4 28 4 29 8 8 16 29 29 2 6
split_gain=65.8331 55.8565 140.764 127.282 113.276 101.214 100.076 92.9757 199.418 132.259 88.4581 83.8359 183.586 92.2514 80.6362 164.428 85.8186 68.2555 65.148 58.4693 53.7596 37.2951 19.5012 45.8526 7.24708 4.43913 3.27384 2.03669 1.44716 0.0826468
threshold=3.5000000000000004 0.78200000000000014 24.500000000000004 1.0000000180025095e-35 0.2950000000000001 0.15500000000000003 2.5000000000000004 1.5000000000000002 26.700000000000003 0.13500000000000004 2.0250000000000004 33.500000000000007 0.69600000000000006 25.550000000000001 1.0000000180025095e-35 0.48700000000000004 1.0000000180025095e-35 17.250000000000004 2.3250000000000006 0.8650000000000001 20.500000000000004 1.0550000000000004 14.500000000000002 26.700000000000003 20.400000000000002 1.0000000180025095e-35 1.5000000000000002 22.500000000000004 9.5000000000000018 79.850000000000009
decision_type=2 2 8 2 8 8 2 2 2 2 2 8 2 2 2 2 2 2 2 2 8 2 10 2 2 2 10 10 2 2
left_child=1 2 4 6 14 20 7 8 -3 -9 11 12 -4 -13 16 -16 -1 25 19 -7 -5 -22 29 -24 -19 -12 -6 -28 -2 -8
right_child=28 3 10 5 26 18 22 9 -10 -11 17 13 -14 -15 15 -17 -18 24 -20 -21 21 -23 23 -25 -26 -27 27 -29 -30 -31
leaf_value=0.062084773312337985 -0.061184692634987804 -0.026921291591820714 0.043806460499762556 0.061707903957133894 -0.034417179586336728 -0.0003905287827931509 -0.057335541373460697 -0.048818436785306479 0.039705178846238552 0.038239392040126163 -0.0036170736622515784 0.00035257924345043727 -0.040734530251132384 0.029247339109801807 -0.053158673639064118 0.060983477791409973 -0.043739901278181281 0.10280376340766546 0.083588487760786201 -0.061645540250852698 -0.046659843081148136 -0.0018477217895992632 -0.057973826187313005 0.11489540453330765 0.063022721331228437 -0.060639474052419075 -0.070114734979669191 -0.0577389683724015 -0.037634326488310298 -0.060890729088681199
leaf_weight=21.907683443278074 42.5071731954813 341.91186494380236 304.2355630658567 13.048647593706844 10.352581039071081 307.39830558001995 44.19567197561264 49.918443471193314 167.24227671325207 346.11030906066298 6.021558962762354 5300.1293430551887 81.39723102003336 291.4208839610219 48.777126625180244 89.345674000680447 152.63178519159555 33.280221417546272 20.476750992238522 44.610468402504921 386.50062046200037 52.769381541758776 11.256937734782698 5.8186924569308749 17.452207438647747 7.8789565861225128 63.208197936415672 70.129020158201456 7.705723710358142 25.942842870950699
leaf_count=123 307 2632 1789 94 50 2211 373 319 1071 2037 51 35719 663 1690 424 541 1184 143 92 312 3467 378 99 49 92 66 333 674 64 186
internal_value=-0.000491499 -0.000146823 0.00202024 -0.00789608 -0.0247563 -0.0224112 0.00416774 0.00909626 -0.00503644 0.027266 0.00404274 0.00341362 0.025962 0.00185852 -0.00786882 0.020675 -0.0304571 0.0622231 -0.00311009 -0.00815345 -0.0383056 -0.0412766 -0.0469847 0.0009331 0.0891189 -0.035938 -0.0615027 -0.0636057 -0.0575706 -0.0586505
internal_weight=8365.58 8315.37 6498.17 1817.2 456.352 824.804 992.397 905.183 509.154 396.029 6041.82 5977.18 385.633 5591.55 312.662 138.123 174.539 64.6329 372.486 352.009 452.319 439.27 87.2141 17.0756 50.7324 13.9005 143.69 133.337 50.2129 70.1385
internal_count=57233 56862 43542 13320 3329 6554 6766 6059 3703 2356 40213 39861 2452 37409 2272 965 1307 352 2615 2523 3939 3845 707 148 235 117 1057 1007 371 559
is_linear=0
shrinkage=0.05


Tree=43
num_leaves=31
num_cat=0
split_feature=30 15 4 28 27 14 0 23 14 10 4 8 29 5 24 19 14 14 2 8 2 28 19 19 29 8 6 8 29 21
split_gain=60.4992 65.7989 121.512 69.7907 78.5641 71.6114 67.7161 66.6106 68.5507 65.9046 82.389 130.773 61.9062 56.1499 53.3859 42.947 39.4168 56.6295 45.2857 52.0939 42.0335 32.7072 33.1205 40.7486 30.8131 79.9649 23.9919 15.4857 15.4621 20.0696
threshold=72.500000000000014 2.5000000000000004 2.0650000000000004 47.500000000000007 32.45000000000001 3.5000000000000004 6.5000000000000009 2.5000000000000004 1.5000000000000002 19.600000000000005 1.155 17.050000000000004 1.0000000180025095e-35 2.5000000000000004 12.500000000000002 0.46500000000000014 -3.4999999999999996 -1.4999999999999998 3.5000000000000004 9.9000000000000021 5.5000000000000009 21.500000000000004 0.15999999999999984 0.33000000000000002 14.500000000000002 26.700000000000003 69.350000000000009 20.550000000000004 26.500000000000004 0.23600000000000002
decision_type=2 2 2 8 2 2 2 2 2 2 2 2 8 2 2 8 2 2 2 2 2 8 10 8 10 2 2 2 8 10
left_child=1 6 3 24 5 -5 9 -8 -9 10 12 -12 -1 14 21 -11 -15 -18 19 -19 -20 -2 27 -24 -3 -26 -17 -23 29 -4
right_child=13 2 28 4 -6 -7 7 8 -10 15 11 -13 -14 16 -16 26 17 18 20 -21 -22 22 23 -25 25 -27 -28 -29 -30 -31
leaf_value=0.022441517719873783 0.08292948818075932 -0.056883482723260409 -0.01901251612335773 0.036229392779586839 -0.067733707088809242 -0.061310967200336144 0.10821254307613891 0.11573012567040641 -0.060096964308733784 -0.042919066832537711 0.084787334444993048 0.010091999953875785 0.00058181411540073286 0.084168055364480021 0.089523575764841337 -0.033213952705977226 -0.04561847773476705 -0.024385930672000813 -0.036442539967707542 0.067696965291278041 0.0027763289547460021 -0.031634489209940546 0.079467483899731239 -0.058163431585110371 -0.038999841527542246 0.10571335728231611 0.055101709798274057 -0.057550695839744717 0.098876291568379002 0.0842178590596563
leaf_weight=342.03761699050665 6.0853053033351889 150.78743220120668 8.9552566185593623 100.71418831497431 34.067320354282856 23.140671506524086 29.981022521853447 8.2654637098312396 16.832838356494904 125.65958301723003 76.23915634304285 253.21387949585915 6101.4588195569813 12.739046853035687 9.3147846125066263 12.418778792023657 73.975442953407764 22.551271092146635 84.641060411930084 48.160045802593231 354.29781071841717 215.80721760541201 13.46293158084154 8.9553694203495997 65.781395673751831 11.166498169302939 20.195994332432747 78.646676424890757 19.329938434064388 9.9280407428741437
leaf_count=1725 65 1175 65 552 198 158 138 34 126 1400 332 1426 40474 96 78 106 728 233 710 372 2938 2160 113 93 502 64 101 831 79 47
internal_value=1.44552e-05 0.00152211 -0.017606 -0.0260329 -0.000490552 0.0180052 0.00268264 0.0579035 -0.00219295 0.00224383 0.00298914 0.0273773 0.00174218 -0.012016 -0.0284874 -0.02965 -0.0028388 -0.00473793 0.00119585 0.0383299 -0.00478629 -0.0318911 -0.0340962 0.0244885 -0.0437452 -0.0179994 0.0214736 -0.0385565 0.0674407 0.0352617
internal_weight=8338.81 7410.17 423.871 385.658 157.922 123.855 6986.3 55.0793 25.0983 6931.22 6772.95 329.453 6443.5 928.637 332.272 158.274 596.365 583.626 509.65 70.7113 438.939 322.958 316.872 22.4183 227.735 76.9479 32.6148 294.454 38.2132 18.8833
internal_count=57119 48702 2840 2649 908 710 45862 298 160 45564 43957 1758 42199 8417 3340 1607 5077 4981 4253 605 3648 3262 3197 206 1741 566 207 2991 191 112
is_linear=0
shrinkage=0.05


Tree=44
num_leaves=31
num_cat=0
split_feature=30 5 8 13 5 16 8 30 16 4 6 6 9 28 0 30 30 4 25 8 4 2 4 19 5 13 1 28 0 4
split_gain=69.593 59.2436 64.6644 82.5083 103.293 123.31 98.3735 78.046 79.17 75.1088 59.3537 195.912 65.7262 82.8693 77.8967 59.9922 58.8282 62.9342 71.9616 52.5438 44.0803 111.785 71.3276 38.6801 36.9737 34.5842 70.5754 101.677 79.3809 66.7517
threshold=74.500000000000014 1.5000000000000002 13.15 1.0000000180025095e-35 1.0000000180025095e-35 1.5000000000000002 19.450000000000003 52.500000000000007 1.0000000180025095e-35 0.48500000000000004 29.050000000000004 35.150000000000013 12.050000000000002 16.500000000000004 5.5000000000000009 66.500000000000014 35.500000000000007 0.27500000000000008 0.7350000000000001 13.000000000000002 0.22500000000000003 1.5000000000000002 0.36500000000000005 1.0000000180025095e-35 2.5000000000000004 1.0000000180025095e-35 6.5000000000000009 65.500000000000014 1.5000000000000002 2.1000000000000001
decision_type=2 2 2 2 2 2 2 2 2 2 2 2 2 8 2 2 2 2 2 2 2 2 2 8 2 2 2 8 2 2
left_child=1 2 19 7 5 -5 -6 8 -4 -9 16 15 14 -14 -13 23 -3 18 -18 20 21 -1 -22 -12 -2 26 28 -28 -26 -27
right_child=24 10 3 4 6 -7 -8 9 -10 -11 11 12 13 -15 -16 -17 17 -19 -20 -21 22 -23 -24 -25 25 29 27 -29 -30 -31
leaf_value=0.0019191970787984605 -0.030190653451640511 0.048318583555585312 -0.011243741228169209 0.029109548968411659 -0.033263714095440433 -0.056626521488740846 0.0046437345799640517 -0.0084284185332198606 -0.039798442798790606 0.055740374111303607 0.077896426464511948 -0.010440354442873825 -0.059787961087236191 0.0089427863427328919 0.056113724161544358 0.12942996220443373 -0.047725073671784975 0.12327028950776174 0.048569194331213789 0.098086885987945377 -0.04973063734782298 0.051908173644807709 0.0069443554155104352 0.025683123532503706 -0.057552629535212022 -0.029778754874042985 0.038630789976059579 -0.03446209219120238 0.1361246829941023 0.044365897158560673
leaf_weight=524.24047505110502 256.75481290742755 27.12566089630127 579.95965475961566 403.29741638153791 283.4947921782732 46.805659420788288 431.86567357927561 166.35435771197081 417.47719377651811 62.823362071067095 58.584711588919163 907.4485651217401 44.533512331545353 2883.7617567628622 46.20381710678339 25.406412616372108 158.5530264750123 6.4277330785989752 22.106861129403114 15.714198827743528 83.55239624530077 142.16054780036211 165.44118994474411 89.901848576962948 7.247777312994006 215.13562664017081 84.152826849371195 109.47397511824965 19.590991545468569 35.342785984277725
leaf_count=3723 2822 135 4435 2642 2176 453 2972 1515 3821 478 311 6690 398 15384 266 146 1315 40 129 63 651 752 1088 487 69 2159 674 1056 155 184
internal_value=-0.000155937 0.00125962 -0.00374667 -0.00809816 0.0014284 0.020194 -0.0103789 -0.0171498 -0.0231953 0.00916186 0.00515579 0.00651054 0.00418472 0.00789753 -0.00721585 0.0584316 -0.0204946 -0.0304718 -0.0359418 0.00743258 0.00587636 0.0125831 -0.0120735 0.0462836 -0.0149267 -0.00660499 0.0078374 -0.00269494 0.0838224 -0.0193169
internal_weight=8320.94 7593.24 3323.19 2392.08 1165.46 450.103 715.36 1226.61 997.437 229.178 4270.05 4055.84 3881.95 2928.3 953.652 173.893 214.213 187.088 180.66 931.109 915.395 666.401 248.994 148.487 727.699 470.944 220.466 193.627 26.8388 250.478
internal_count=57189 50070 24769 18492 8243 3095 5148 10249 8256 1993 25301 23682 22738 15782 6956 944 1619 1484 1444 6277 6214 4475 1739 798 7119 4297 1954 1730 224 2343
is_linear=0
shrinkage=0.05


Tree=45
num_leaves=31
num_cat=0
split_feature=7 9 27 26 14 29 13 10 28 28 29 4 6 10 3 29 27 23 14 30 30 3 18 28 28 10 21 6 3 24
split_gain=64.666 67.442 68.5501 102.474 63.0543 112.675 88.9647 81.2085 153.476 83.8602 95.1239 75.0088 81.5827 71.3618 63.6984 61.0929 58.5493 91.6818 51.9075 66.8127 65.6908 62.5983 49.7997 49.691 65.2106 49.3733 42.4782 34.8155 33.8788 17.5214
threshold=29.000000000000004 12.15 60.650000000000013 3.5000000000000004 1.0000000180025095e-35 1.0000000180025095e-35 1.0000000180025095e-35 6.7500000000000009 30.500000000000004 35.500000000000007 12.500000000000002 1.0250000000000001 69.65000000000002 2.5500000000000003 0.74450000000000005 14.500000000000002 53.150000000000013 3.5000000000000004 1.5000000000000002 68.500000000000014 53.500000000000007 0.56800000000000006 2.5000000000000004 40.500000000000007 49.500000000000007 15.050000000000002 0.23600000000000002 94.850000000000009 0.27000000000000007 2.5000000000000004
decision_type=2 2 2 2 2 10 2 2 8 10 10 2 2 2 2 10 2 2 2 2 2 2 8 8 10 2 10 2 2 2
left_child=1 4 3 16 7 6 14 8 15 26 -11 12 -7 -10 -6 -1 17 -3 27 20 21 -20 -13 -22 -25 -8 -9 -2 -4 -5
right_child=18 2 28 29 5 11 25 9 13 10 -12 22 -14 -15 -16 -17 -18 -19 19 -21 23 -23 -24 24 -26 -27 -28 -29 -30 -31
leaf_value=0.0060337635325094551 -0.047956536838850587 0.0037143801684063672 0.050338154956581262 0.042633112502736915 0.068096918285706742 -0.0067090839493628056 -0.01419936502305913 -0.045957855389580603 -0.015183153032319575 -0.029003470750147087 0.055443779380712502 -0.046819361477668783 0.046110903287117755 0.0069822792694590229 0.015176212543802796 0.094681352828883764 -0.052158330175246709 0.046710015212105223 0.065594582890583772 -0.055819530728395676 0.14374087960357002 -0.061159041804988802 0.046717681115374367 -0.057270069975700472 0.076333331858440212 0.038328382046261787 -0.0066433389211551777 0.076734484362145458 -0.050128223158275115 0.091673137570772487
leaf_weight=30.855919323861599 148.8914571814239 4259.5651989504695 9.4017325490713102 42.775820899754763 134.69396754354239 507.1167001798749 152.52792653813958 324.96000270918012 1074.2138595096767 76.792362984269857 58.943358391523361 144.75812943652272 85.41751566901803 548.55278503894806 98.401992030441761 52.511602096259594 45.31941606476903 127.70368926972151 13.929514482617376 40.061542186886072 12.90398560464382 32.389751866459846 15.78111509978771 13.795998975634573 27.022730275988579 63.301953591406345 87.128604669123888 5.8168314322829238 78.073685456067324 31.720895752310753
leaf_count=155 1515 24850 43 234 744 3441 994 3249 9063 599 500 1698 524 4606 694 228 346 733 64 387 57 221 83 96 145 435 700 53 857 142
internal_value=-0.000302907 0.000539354 0.00450839 0.00535923 -0.00473733 0.00451102 0.0243383 -0.00966932 -0.00429143 -0.0264181 0.00766782 -0.0073085 0.000905248 -0.00769045 0.0457563 0.0618712 0.00438184 0.00496589 -0.0233028 -0.00125603 0.0205938 -0.0230406 -0.0376246 0.058215 0.0311778 0.00120679 -0.0376455 -0.0432683 -0.0393302 0.0635145
internal_weight=8345.33 8050.52 4594.56 4507.09 3455.96 1202 448.926 2253.96 1706.13 547.824 135.736 753.073 592.534 1622.77 233.096 83.3675 4432.59 4387.27 294.812 140.104 100.042 46.3193 160.539 53.7227 40.8187 215.83 412.089 154.708 87.4754 74.4967
internal_count=57456 54918 27205 26305 27713 8613 2867 19100 14052 5048 1099 5746 3965 13669 1438 383 25929 25583 2538 970 583 285 1781 298 241 1429 3949 1568 900 376
is_linear=0
shrinkage=0.05


Tree=46
num_leaves=31
num_cat=0
split_feature=7 25 27 26 21 30 15 30 25 23 6 27 6 27 19 28 28 30 15 28 28 29 24 9 14 23 26 1 29 27
split_gain=63.1699 68.7439 142.61 87.1947 82.5327 84.5235 75.3541 113.277 78.0337 103.598 75.2313 72.5414 49.6352 48.6921 105.529 44.0006 52.0444 41.5992 37.76 40.18 54.4383 37.7121 31.3167 52.9727 25.0868 23.1215 21.1766 20.2477 17.0816 16.9013
threshold=29.000000000000004 0.37500000000000006 35.550000000000004 6.5000000000000009 0.64600000000000013 20.500000000000004 2.5000000000000004 52.500000000000007 0.22500000000000003 4.5000000000000009 70.950000000000017 29.650000000000002 76.65000000000002 47.850000000000001 0.02 48.500000000000007 22.500000000000004 68.500000000000014 1.5000000000000002 40.500000000000007 48.500000000000007 9.5000000000000018 11.500000000000002 6.3500000000000005 -1.0000000180025095e-35 7.5000000000000009 5.5000000000000009 12.500000000000002 14.500000000000002 39.500000000000007
decision_type=2 2 2 2 8 2 2 2 2 2 2 2 2 2 8 10 8 2 2 8 10 8 2 2 2 2 2 2 8 2
left_child=1 2 6 13 15 -6 8 27 11 -10 -9 -1 -2 14 28 16 -4 18 -14 -20 -21 -5 26 -24 -19 -17 -15 -8 -3 -16
right_child=12 3 4 21 5 -7 7 10 9 -11 -12 -13 17 22 29 25 -18 24 19 20 -22 -23 23 -25 -26 -27 -28 -29 -30 -31
leaf_value=0.0021180477657910413 -0.048528211176564223 -0.072856690798550783 -0.0024308609770625593 -0.050965965556603078 0.07909827387387186 -0.061893928651108335 -0.057916941329542816 0.064390757401001184 0.096639627927510796 -0.058679860540528705 -0.011284209636416138 -0.04172625967439135 -0.04110765507944824 -0.048112432991487208 0.080770770199555711 -0.060939524380575517 0.082269091640411227 0.041363834517735169 0.098117570007894506 -0.024809603504680179 0.062983912208151291 0.063384421151038567 0.074327619276449375 -0.058099787849643786 -0.053520892005225876 0.049099460897337951 -0.012641442190702743 0.033574194921485459 -0.016318762574973882 0.025417737496168675
leaf_weight=6799.7200186289847 114.7570974715054 29.025479704141617 21.358212783932686 8.6977650523185712 15.936248518526552 31.92374075949192 146.59301006793976 38.899288173764944 44.703828498721123 14.129049107432364 210.92121141776443 95.668144658207893 26.602341264486313 219.41461436450481 26.094090707600117 10.529983058571815 120.22491152584553 8.0767302550375444 16.156970962882042 43.30007116496563 29.815386824309826 42.156581491231918 16.112876273691658 14.212456442415712 50.661957997828722 8.7328306287527084 52.061359185725451 6.3074484914541236 24.752000335603952 29.247221071273088
leaf_count=45413 1137 146 169 59 89 198 1201 249 183 131 1490 653 241 2707 114 66 562 90 74 290 163 256 106 149 565 46 465 33 225 168
internal_value=-3.29992e-05 0.000794345 0.00193746 -0.0179343 0.0426945 -0.0149468 0.000781242 -0.0202467 0.00199898 0.0593388 0.00049906 0.00150974 -0.0229843 -0.0255777 0.00304636 0.0598458 0.0694919 -0.00619674 0.0111789 0.0267598 0.0109913 0.0438267 -0.035927 0.0122634 -0.040474 -0.0110532 -0.0413101 -0.0541427 -0.0468341 0.0515174
internal_weight=8316.79 8027.42 7565.65 461.774 208.706 47.86 7356.94 402.721 6954.22 58.8329 249.82 6895.39 289.371 410.92 109.119 160.846 141.583 174.613 115.875 89.2724 73.1155 50.8543 301.801 30.3253 58.7387 19.2628 271.476 152.9 53.7775 55.3413
internal_count=57438 54878 50483 4395 1130 287 49353 2973 46380 314 1739 46066 2560 4080 653 843 731 1423 768 527 453 315 3427 255 655 112 3172 1234 371 282
is_linear=0
shrinkage=0.05


Tree=47
num_leaves=31
num_cat=0
split_feature=30 3 28 3 6 3 6 26 25 25 6 2 29 4 28 30 24 1 25 5 28 28 18 28 21 5 5 19 19 30
split_gain=57.3312 122.28 66.9666 163.979 101.693 103.556 86.5011 80.6675 102.473 76.8003 71.235 65.4945 64.0255 65.0767 57.7137 82.9875 55.5307 52.1463 61.5904 55.8292 91.3757 65.7124 50.6626 47.415 88.1932 68.6909 53.8383 38.4307 39.2313 21.1449
threshold=43.500000000000007 0.89450000000000018 35.500000000000007 0.52750000000000019 69.950000000000017 0.39450000000000007 23.650000000000002 3.5000000000000004 0.49500000000000005 0.75000000000000011 81.65000000000002 11.500000000000002 1.5000000000000002 0.13500000000000004 28.500000000000004 64.500000000000014 1.5000000000000002 5.5000000000000009 0.15500000000000003 1.0000000180025095e-35 22.500000000000004 37.500000000000007 1.0000000180025095e-35 14.500000000000002 0.69050000000000011 1.5000000000000002 1.5000000000000002 0.83500000000000019 0.41000000000000014 44.500000000000007
decision_type=2 2 8 2 2 2 2 2 2 2 2 2 8 2 10 2 2 2 2 2 8 8 10 10 10 2 2 10 8 2
left_child=16 2 3 4 5 -2 22 8 -8 -9 -6 12 13 -3 15 -5 17 18 19 20 -1 -21 -4 24 25 -19 -26 28 -25 -16
right_child=1 11 6 14 10 -7 7 9 -10 -11 -12 -13 -14 -15 29 -17 -18 23 -20 21 -22 -23 -24 27 26 -27 -28 -29 -30 -31
leaf_value=-0.03131859453956419 0.043688965316943738 0.084698012800187669 -0.038498941416054214 -0.035445886770240055 0.11636111451876163 -0.034980734538290953 0.0019017114895697744 0.065005025873190833 -0.044942675851067537 0.0050742876924731572 -0.028336502479747713 0.07429963637765459 -0.044034388618081059 -0.059271119179712686 0.027540666775006759 0.027997922518018151 -0.039958321021313012 0.0015303459443574833 0.1138098832387221 0.019995382937776272 0.019885541020858065 -0.011319941425135349 0.076091364459432292 0.014469487112635973 0.060236779219710407 0.05796417254224049 -0.061456359579233122 0.096884603200321953 -0.024852077029515991 -0.055399010182688647
leaf_weight=101.3013980910182 77.70699168369174 20.379190504550934 179.72020113095641 174.14703157916665 37.480103507637978 90.606990247964859 4229.0166226737201 96.774076499044895 120.05837813019753 119.4269244633615 11.002648107707499 13.86132627725601 295.84749363362789 12.766255982220171 7.9867992848157874 73.21281573176384 64.429722804576159 72.840473040938377 12.400674179196356 207.80580154061317 622.76072638481855 864.18581309914589 10.19269912317395 193.67836502939463 12.222345501184462 207.6020130366087 35.448363840579987 10.983640745282171 94.325223922729492 203.09408037737012
leaf_count=611 517 94 1811 1596 182 813 28639 471 1446 1063 97 61 3156 84 49 610 612 411 58 1102 4119 5105 82 988 59 904 163 46 500 1862
internal_value=-0.000466773 -0.00320572 -0.00137731 -0.0161119 0.0197184 0.0013394 0.000715002 0.00209044 0.000608549 0.0319 0.0835235 -0.0321658 -0.0366514 0.0292471 -0.033056 -0.016668 0.00585836 0.00707039 0.00276217 0.00199545 0.0127217 -0.00524946 -0.0323488 0.0194946 0.0326188 0.0433064 -0.0302553 0.00509184 0.00159112 -0.0522608
internal_weight=8273.27 5773.28 5430.43 675.237 216.797 168.314 4755.19 4565.28 4349.08 216.201 48.4828 342.854 328.993 33.1454 458.441 247.36 2499.98 2435.55 1808.45 1796.05 724.062 1071.99 189.913 627.1 328.113 280.442 47.6707 298.987 288.004 211.081
internal_count=57311 42633 39238 5726 1609 1330 33512 31619 30085 1534 279 3395 3334 178 4117 2206 14678 14066 10995 10937 4730 6207 1893 3071 1537 1315 222 1534 1488 1911
is_linear=0
shrinkage=0.05


Tree=48
num_leaves=31
num_cat=0
split_feature=30 7 10 10 5 3 10 14 5 3 15 29 6 21 19 28 6 21 3 5 3 18 14 6 6 3 28 3 19 13
split_gain=64.4989 55.2089 57.7554 74.1533 59.6502 92.2411 71.9761 44.852 60.5893 76.3349 79.8546 43.7051 54.3686 30.7453 24.4218 34.3814 22.4649 23.6745 14.3312 13.7284 13.6988 11.3065 7.07905 11.634 18.2772 8.3464 7.25889 6.10269 2.71571 5.53081
threshold=82.500000000000014 29.000000000000004 18.900000000000002 18.300000000000001 1.5000000000000002 0.27950000000000003 4.0500000000000007 1.5000000000000002 2.5000000000000004 0.76100000000000012 3.5000000000000004 1.5000000000000002 73.950000000000017 0.91650000000000009 0.09999999999999995 39.500000000000007 83.950000000000017 0.23600000000000002 0.72450000000000003 5.5000000000000009 0.74450000000000005 2.5000000000000004 1.0000000180025095e-35 74.050000000000011 70.750000000000014 0.44100000000000006 27.500000000000004 0.71000000000000008 0.024999999999999915 1.0000000180025095e-35
decision_type=2 2 2 2 2 2 2 2 2 2 2 10 2 10 10 10 2 10 2 2 2 8 2 2 2 2 8 2 8 2
left_child=1 2 3 4 6 -6 -1 16 20 10 -10 12 13 -4 19 -16 -3 -18 -19 -13 -9 -11 26 24 25 -24 -2 -14 29 -25
right_child=22 7 11 -5 5 -7 -8 8 9 21 -12 14 27 -15 15 -17 17 18 -20 -21 -22 -23 23 28 -26 -27 -28 -29 -30 -31
leaf_value=0.0024011393346217219 0.013393286728862612 -0.052514579924066412 -0.047981655313318279 0.11139552004292497 -0.020449286871344674 0.0076337848014450763 -0.01304598579875816 -0.059945947264303648 0.092438762107371189 -0.050913612220283511 -0.062351888079123924 -0.052631487670733973 0.019767372923259807 0.067014528736497367 0.020720068406101834 -0.053322595556967882 -0.053438585339837141 -0.0071242152182042096 0.09498039708377419 0.019453863041530205 0.011517045594626636 0.020226370750431943 0.026003498349994204 0.01866111747836308 0.063923438852920261 -0.049615019263650716 -0.050052388739406206 0.065183796207129358 -0.05101996077315666 -0.048403495976598994
leaf_weight=2016.5052064172924 4.8422097824513903 107.44718178734183 36.007438514381647 15.460815005004404 315.22901820391417 4037.2621559649706 1204.5813151597977 38.161378666758537 41.618120662868023 26.02137553691864 10.417658954858778 113.30954208225012 10.125883273780344 6.9311794564127913 37.444689400494099 26.97140097245574 11.342201039195063 6.8434008397161943 6.9033793397247791 7.0137167870998374 8.1355860605835897 7.1116686612367621 5.2822185419499936 5.0201863311231136 8.3776990026235563 11.80253082513809 65.362256765365601 27.44280743598938 23.059089172631502 7.9311645925045013
leaf_count=14873 53 1140 345 81 2273 23776 9428 303 197 201 78 1485 57 35 268 274 104 61 44 60 66 45 52 55 62 184 1114 144 312 103
internal_value=-0.000114702 0.000448343 0.00120429 0.00200587 0.00178256 0.00559987 -0.00337558 -0.0220418 -0.00134905 0.0236773 0.0614494 -0.0217298 0.0090151 -0.0294189 -0.0351281 -0.010282 -0.0425674 3.27105e-05 0.0441508 -0.0484296 -0.047388 -0.0356441 -0.0348281 -0.0224389 0.00342876 -0.0262355 -0.0456764 0.0529427 -0.0407295 -0.022408
internal_weight=8249.96 8118.29 7854.29 7589.04 7573.58 4352.49 3221.09 264.002 131.466 85.1688 52.0358 265.247 80.5073 42.9386 184.739 64.4161 132.536 25.089 13.7468 120.323 46.297 33.133 131.677 61.4729 25.4624 17.0847 70.2045 37.5687 36.0104 12.9514
internal_count=57273 55338 53099 50431 50350 26049 24301 2239 890 521 275 2668 581 380 2087 542 1349 209 105 1545 369 246 1935 768 298 236 1167 201 470 158
is_linear=0
shrinkage=0.05


Tree=49
num_leaves=31
num_cat=0
split_feature=10 29 30 26 27 25 23 11 9 8 5 3 22 3 10 3 0 30 1 28 28 28 8 30 29 29 28 29 8 3
split_gain=50.5693 52.4947 52.4622 49.3422 147.34 91.0639 65.826 50.5452 37.9731 71.1884 60.5784 37.7341 42.2414 33.3086 28.799 25.381 38.6684 18.988 19.2592 17.67 9.40417 11.8849 11.8197 8.24712 7.95293 7.8184 25.8818 5.50792 5.48517 43.4318
threshold=19.600000000000005 4.5000000000000009 82.500000000000014 3.5000000000000004 53.150000000000013 0.97500000000000009 14.500000000000002 2.0000000000000004 9.7500000000000018 11.850000000000001 1.0000000180025095e-35 0.24050000000000002 3.5000000000000004 0.84800000000000009 2.2500000000000004 0.65950000000000009 1.5000000000000002 44.500000000000007 6.5000000000000009 39.500000000000007 20.500000000000004 28.500000000000004 14.850000000000001 69.500000000000014 19.500000000000004 38.500000000000007 27.500000000000004 1.0000000180025095e-35 17.050000000000004 0.55400000000000016
decision_type=2 10 2 2 2 2 2 2 2 2 2 2 2 2 2 2 2 2 2 10 10 10 2 2 10 10 10 10 2 2
left_child=2 13 3 4 8 11 14 -8 9 -1 -10 -5 -13 15 -7 16 -2 18 -3 23 -4 -22 24 -17 -23 -19 -27 -24 29 -6
right_child=1 17 20 5 28 6 7 -9 10 -11 -12 12 -14 -15 -16 19 -18 25 -20 -21 21 22 27 -25 -26 26 -28 -29 -30 -31
leaf_value=0.012258674164051136 0.093161196653276102 -0.037703746493522428 -0.053534926062686186 -0.047344204156773567 -0.056656116471804491 0.064938876300340745 0.051325575253308324 -0.041067221642525881 0.017469102346756315 -0.012543399703231118 0.0016229938866239556 0.070288045571333516 -0.031067230931597852 -0.048505781421105065 -0.055105207562741058 0.047358187776544367 -0.03969180623841468 -0.054621954001823084 0.059795268436088379 0.0077140526302165672 0.059168686991161873 -0.015973896428964334 0.014656789516469947 0.1040538781081165 0.079736397408880166 -0.055878029339344604 0.048446009546862054 -0.039834532810549307 -0.05704412623906522 0.073956802630922511
leaf_weight=401.01230637729168 6.9850420504808417 11.958828072994949 37.284025799483061 8.6994079425930959 40.766949042677879 5.4907004386186591 53.681227765977383 20.438897509127855 679.19987542927265 1038.7072077281773 5385.3213002420962 106.98236200213432 11.372613877058027 21.303755208849907 55.47055322304368 13.795937776565554 25.371524687856436 99.111883156001568 8.7863076329231244 16.712634205818176 4.1763108596205702 4.8786923177540285 5.0510233230888835 11.987652853131292 3.9099045842885971 20.018948994576935 8.4566014073789102 56.627816401422024 92.69274577498436 7.5421829447150222
leaf_count=2829 32 126 682 56 529 25 333 227 4296 9390 32663 547 146 241 767 66 224 1389 40 98 35 68 39 50 44 240 95 878 1148 48
internal_value=0.000280501 -0.0221202 0.000963445 0.00144459 0.000713233 0.0227748 -0.00580617 0.0258479 0.0016647 -0.00563515 0.00339769 0.0531615 0.0605489 0.00665553 -0.044293 0.0223549 -0.0110119 -0.0407741 0.00359058 0.0477603 -0.0330282 -0.0227852 -0.0276423 0.0737179 0.0266061 -0.0479876 -0.0248961 -0.0353721 -0.0499247 -0.0362644
internal_weight=8263.8 244.489 8019.31 7907.38 7645.24 262.136 135.081 74.1201 7504.24 1439.72 6064.52 127.054 118.355 96.1565 60.9613 74.8528 32.3566 148.333 20.7451 42.4962 111.928 74.6437 70.4674 25.7836 8.7886 127.587 28.4756 61.6788 141.002 48.3091
internal_count=57351 2601 54750 53004 50903 2101 1352 560 49178 12219 36959 749 693 711 792 470 256 1890 166 214 1746 1064 1029 116 112 1724 335 917 1725 577
is_linear=0
shrinkage=0.05


Tree=50
num_leaves=31
num_cat=0
split_feature=14 3 28 28 19 9 5 4 16 4 4 1 4 2 3 8 28 28 8 10 14 29 29 28 29 20 19 0 28 29
split_gain=55.3913 45.0415 134.245 128.764 96.9485 90.3447 77.405 82.7836 77.3584 73.6307 69.7915 80.681 72.7378 68.8647 59.8767 58.3033 93.6117 60.1184 56.6281 115.404 54.9077 47.9593 25.4036 24.2449 20.3292 16.9418 30.6945 14.1864 5.13186 1.08756
threshold=3.5000000000000004 0.78200000000000014 26.500000000000004 24.500000000000004 0.12000000000000001 13.050000000000002 2.5000000000000004 0.51500000000000012 1.0000000180025095e-35 2.3250000000000006 1.6950000000000001 17.500000000000004 2.7250000000000005 8.5000000000000018 0.81500000000000006 25.550000000000001 34.500000000000007 28.500000000000004 16.650000000000002 12.900000000000002 2.5000000000000004 23.500000000000004 49.500000000000007 14.500000000000002 6.5000000000000009 2.5000000000000004 0.2950000000000001 1.5000000000000002 44.500000000000007 22.500000000000004
decision_type=2 2 8 8 8 2 2 2 2 2 2 2 2 2 2 2 8 8 2 2 2 10 10 10 10 10 8 2 10 10
left_child=1 3 5 4 18 6 7 -3 13 14 15 21 -13 20 -10 17 -17 -5 23 -20 -4 -12 -8 -1 -7 29 -27 -15 -11 -6
right_child=-2 2 8 10 25 24 22 -9 9 28 11 12 -14 27 -16 16 -18 -19 19 -21 -22 -23 -24 -25 -26 26 -28 -29 -30 -31
leaf_value=0.0053680695859504484 -0.056971055511535446 0.031434715969540138 0.0074740614759836567 0.026351161512144835 -0.065684115302882998 0.064594811388320947 0.050136907802190836 -0.054108241202982049 -0.055811595205017356 0.084874524910236546 0.060228174755503162 -0.044441929104932915 0.085140270123100062 0.012421687396301333 -0.019417937880455517 -0.06080634820593276 0.032712933590688803 0.00046455173794873966 0.06819910437922648 -0.027452677779871149 -0.040482638895945257 -0.054859800369981442 0.13386972371687436 -0.041449153956404111 0.14938682455270252 0.043668958308459759 -0.052181372077867286 -0.057165938070929789 0.03970506374376559 -0.056775541324815638
leaf_weight=39.266643024981022 42.971008084714413 69.759973272681236 674.93195535987616 234.36918961256742 67.603738591074944 12.192718610167505 30.824416376650333 47.567337304353714 139.7887149490416 11.553918063640596 136.23457627370954 48.31632712110877 13.9580667540431 8.3205714374780637 590.13658142648637 29.567768711596727 281.67695473879576 5211.7967848069966 61.523035034537315 64.690775416791439 65.476544421166182 9.6964585557579976 12.827920332551001 93.50162298977375 16.821133196353912 11.763977810740469 28.801550790667534 61.150283087044954 13.797348935157059 69.458076238632202
leaf_count=219 355 364 4607 1453 374 56 184 481 1021 49 688 360 62 49 5174 223 1607 35710 293 538 586 128 55 888 77 62 201 478 92 730
internal_value=-0.000352074 -5.38197e-05 -0.00714976 0.00189151 -0.0243194 0.0325393 0.0179017 -0.00324647 -0.0119676 -0.0234783 0.00380983 0.0322486 -0.0153976 -0.00123295 -0.0263877 0.00278139 0.0238287 0.00157855 -0.00480688 0.0191729 0.00323311 0.0525811 0.0747431 -0.0276028 0.113754 -0.0527689 -0.0243848 -0.0488314 0.0602912 -0.0611696
internal_weight=8200.35 8157.37 1755.15 6402.23 436.609 189.993 160.98 117.327 1565.16 755.277 5965.62 208.205 62.2744 809.879 729.925 5757.41 311.245 5446.17 258.982 126.214 740.408 145.931 43.6523 132.768 29.0139 177.627 40.5655 69.4709 25.3513 137.062
internal_count=57164 56809 13273 43536 3305 1217 1084 845 12056 6336 40231 1238 422 5720 6195 38993 1830 37163 1938 831 5193 816 239 1107 133 1367 263 527 141 1104
is_linear=0
shrinkage=0.05


Tree=51
num_leaves=31
num_cat=0
split_feature=7 25 25 28 6 13 24 1 29 19 8 30 9 14 30 30 8 10 10 8 23 29 6 14 28 28 4 4 28 2
split_gain=54.15 48.4125 126.716 64.8904 56.4017 52.6574 54.5488 54.3995 50.575 45.1649 51.4115 67.5584 44.9566 44.23 56.4664 47.6858 55.3956 43.4902 58.8409 43.363 40.0682 38.7181 43.586 37.7738 36.6025 49.5058 28.8413 28.3583 24.7412 22.3814
threshold=29.000000000000004 0.37500000000000006 0.22500000000000003 51.500000000000007 33.050000000000004 1.0000000180025095e-35 10.500000000000002 7.5000000000000009 1.0000000180025095e-35 0.029999999999999864 17.950000000000003 59.500000000000007 6.3500000000000005 1.5000000000000002 68.500000000000014 53.500000000000007 20.550000000000004 18.900000000000002 18.300000000000001 14.850000000000001 2.5000000000000004 4.5000000000000009 73.950000000000017 3.5000000000000004 40.500000000000007 49.500000000000007 0.14500000000000005 1.0250000000000001 65.500000000000014 7.5000000000000009
decision_type=2 2 2 10 2 2 2 2 10 8 2 2 2 2 2 2 2 2 2 2 2 10 2 2 8 10 2 2 10 2
left_child=1 2 17 4 -4 6 7 26 -9 -7 11 -11 -8 29 15 16 -15 18 23 -14 -6 22 -19 -1 -17 -26 -3 -23 -5 -2
right_child=13 5 3 28 20 9 12 8 -10 10 -12 -13 19 14 -16 24 -18 21 -20 -21 -22 27 -24 -25 25 -27 -28 -29 -30 -31
leaf_value=0.0009368835760700981 -0.053331949618671659 0.0088488560360971431 -0.05583637419388876 -0.06324164720701396 0.01657815197613632 -0.05296858288292873 0.13156056019862158 0.067397621818087686 -0.056366493525983545 0.073858476779807641 -0.051416002750484947 -0.055687711997131309 0.04923987922634486 0.066185441588141922 -0.054471612235455338 0.11892927603894453 -0.060216208527934689 -0.026049846219987512 0.092855215205960018 -0.057739226248827449 0.077721415144375749 0.011043790164550673 0.038149474482827045 -0.059512809142870882 -0.055746093903223971 0.063994497264373271 -0.044784828973633173 -0.044326779642497399 0.046386977118688728 -0.0053120237079262072
leaf_weight=7048.3785860836506 106.11806523799896 34.313450589776039 10.767111487686632 17.998527199029926 35.465720951557159 125.95172940194607 11.26786448061466 31.453368663787842 11.191416557878254 29.887473933398724 33.692216385155916 15.173257790505884 35.467347331345081 12.442018315196036 36.614303112030029 14.097971633076666 28.574372410774231 56.568487405776978 17.369548253715038 12.924159247428177 109.58772114664316 27.901618838310242 49.635413408279419 25.938075542449951 12.796654544770716 26.523727305233479 93.004886206239462 135.04568041488528 7.2073968127369872 31.458608822897077
leaf_count=46534 1144 360 127 127 151 1417 52 191 130 159 329 148 196 55 400 58 210 511 91 157 489 270 276 208 97 138 1190 1845 48 399
internal_value=-0.000469865 0.000273761 0.00120856 0.042536 0.0545761 -0.0159586 0.000479359 -0.013959 0.0349178 -0.0343975 -0.0046962 0.0302365 0.0416126 -0.02255 -0.00176216 0.0186744 -0.0218732 0.00019219 0.000940921 0.0206684 0.0627718 -0.0195356 0.00395432 0.000715244 0.0498082 0.0250254 -0.0303301 -0.0348456 -0.0318944 -0.0423516
internal_weight=8244.82 7976.19 7541.86 181.026 155.821 434.327 229.622 169.963 42.6448 204.705 78.7529 45.0607 59.6594 268.626 131.049 94.4347 41.0164 7360.84 7091.69 48.3915 145.053 269.151 106.204 7074.32 53.4184 39.3204 127.318 162.947 25.2059 137.577
internal_count=57507 55006 50677 942 767 4329 2276 1871 321 2053 636 307 405 2501 958 558 265 49735 46833 353 640 2902 787 46742 293 235 1550 2115 175 1543
is_linear=0
shrinkage=0.05


Tree=52
num_leaves=31
num_cat=0
split_feature=14 9 14 14 6 6 6 8 13 18 29 6 30 14 4 4 1 6 30 19 19 9 30 19 29 2 9 30 20 0
split_gain=50.5584 47.5065 73.1749 94.2481 65.7747 117.94 112.427 63.7091 97.2954 84.6319 61.566 79.6068 55.5155 54.9531 51.4416 135.676 84.935 82.1335 64.6581 43.5562 42.2178 38.191 37.4796 24.2874 4.69724 1.64722 0.978792 0.0225132 0.0381647 0.0148214
threshold=3.5000000000000004 10.750000000000002 -3.4999999999999996 -2.4999999999999996 41.650000000000013 42.250000000000007 41.350000000000001 10.600000000000001 1.0000000180025095e-35 1.0000000180025095e-35 19.500000000000004 25.350000000000005 61.500000000000007 -1.0000000180025095e-35 0.16500000000000004 0.13500000000000004 2.5000000000000004 21.050000000000004 48.500000000000007 0.20000000000000007 0.15000000000000011 13.450000000000001 54.500000000000007 0.33500000000000002 23.500000000000004 9.5000000000000018 12.250000000000002 69.500000000000014 1.0000000180025095e-35 6.5000000000000009
decision_type=2 2 2 2 2 2 2 2 2 10 10 2 2 2 2 2 2 2 2 8 8 2 2 10 10 2 2 2 10 2
left_child=1 7 21 12 6 -6 -5 8 10 22 11 -1 26 -11 15 17 -17 -9 23 -14 -20 -3 -10 -16 -12 27 -4 28 -2 -29
right_child=25 2 3 4 5 -7 -8 14 9 13 24 -13 19 -15 18 16 -18 -19 20 -21 -22 -23 -24 -25 -26 -27 -28 29 -30 -31
leaf_value=-0.0044605542460489749 -0.058288519779832008 0.15787582434788894 -0.041051971618651498 0.012430341684429139 -0.050219982193963279 0.0017157207043893678 0.12802232090933652 0.12928354271744122 -0.051131692630786575 0.16046352469397274 0.072945774456495902 0.048639029384487442 -0.033727502552719828 0.0069237957515337449 -0.045619507135236416 -0.0038035064018342199 0.093461552501334505 -0.013602426093766582 -0.014508120621544721 0.04650930230802941 0.046394591399220211 0.033226961258843279 0.0014532622381165767 0.013115682086337788 0.11157577581057521 -0.032510030611550743 -0.061207834750418244 -0.058986526713078719 -0.062421595112267803 -0.055543104547788928
leaf_weight=178.36581194028258 12.353891693055632 10.879692196846008 6.4537674486637107 889.35848401859403 111.74397984519601 5022.4857436157763 21.545251965522766 10.183423362672327 108.4351657256484 9.3311996161937731 26.473709903657436 116.80872320756316 42.103716883808374 15.520830452442167 255.58398937061429 38.964540027081966 52.938997447490692 812.0209384188056 183.13732022047043 28.270794913172722 33.689813274890184 14.120586857199669 49.287316430360079 18.90216438472271 11.197743229568003 6.9069309867918482 90.282442532479763 7.3993702568113786 10.194552659988402 5.4096710532903671
leaf_count=1343 105 63 43 5276 662 32238 126 94 953 45 118 711 383 107 2982 438 336 7119 1968 241 293 94 514 126 66 66 694 63 67 66
internal_value=-0.000298183 -1.56009e-05 0.00210179 0.00175823 0.00278219 0.000585366 0.0151644 -0.00689108 0.00814544 -0.0211862 0.0242346 0.0165524 -0.0352828 0.0645734 -0.0124055 -0.00539252 0.0522239 -0.0118327 -0.0254535 -0.00149483 -0.00504528 0.087472 -0.0346992 -0.0415748 0.0844284 -0.0548435 -0.0598631 -0.0592062 -0.0601572 -0.0575323
internal_weight=8200.35 8158.09 6237.24 6212.24 6045.13 5134.23 910.904 1920.84 515.421 182.575 332.846 295.175 167.111 24.852 1405.42 914.108 91.9035 822.204 491.313 70.3745 216.827 25.0003 157.722 274.486 37.6715 42.2644 96.7362 35.3575 22.5484 12.809
internal_count=57400 57033 39820 39663 38302 32900 5402 17213 3857 1619 2238 2054 1361 152 13356 7987 774 7213 5369 624 2261 157 1467 3108 184 367 737 301 172 129
is_linear=0
shrinkage=0.05


Tree=53
num_leaves=31
num_cat=0
split_feature=30 25 25 26 28 26 3 30 3 4 30 26 30 10 5 19 11 3 3 0 16 8 7 3 28 28 30 0 15 8
split_gain=52.7029 43.9011 123.848 65.3653 59.4701 54.2155 53.7451 45.9887 116.4 44.0399 47.4293 36.5896 44.1566 33.2818 33.1914 29.2976 17.6938 15.454 8.40793 8.15794 7.22173 9.28193 6.90292 10.5492 6.02308 5.13967 3.69806 5.1989 2.97696 2.82133
threshold=82.500000000000014 0.37500000000000006 0.22500000000000003 6.5000000000000009 51.500000000000007 3.5000000000000004 0.46900000000000003 40.500000000000007 0.78200000000000014 1.4950000000000003 63.500000000000007 3.5000000000000004 66.500000000000014 10.050000000000002 1.5000000000000002 0.024999999999999915 2.0000000000000004 0.71000000000000008 0.72450000000000003 7.5000000000000009 1.0000000180025095e-35 14.850000000000001 26.500000000000004 0.76700000000000013 47.500000000000007 46.000000000000007 83.500000000000014 5.5000000000000009 1.5000000000000002 22.400000000000002
decision_type=2 2 2 2 10 2 2 2 2 2 2 2 2 2 2 8 2 2 2 2 2 2 2 2 8 8 2 2 2 2
left_child=1 2 5 9 6 7 24 13 -9 11 -11 15 -13 -1 -8 -3 -5 -6 28 -12 21 -2 23 25 -4 -23 27 29 -7 -22
right_child=20 3 4 16 17 18 14 8 -10 10 19 12 -14 -15 -16 -17 -18 -19 -20 -21 26 22 -24 -25 -26 -27 -28 -29 -30 -31
leaf_value=0.0089581298239826725 0.029342404661070423 -0.059185640060185646 0.0029175904006634667 0.057363548448169627 -0.063693068054166233 0.08337324118144257 0.016087347541676792 0.0010040586553439806 -0.018341656664668981 0.070523679530826194 0.0012396749184605555 -0.031063946194040199 0.029494079727392854 -0.0083960886538012782 0.077605244139607149 -0.016818867552845024 -0.026090025850764823 0.019444371522314364 0.023558267801144388 -0.058080051865054175 -0.043011428364206489 0.019757855963341689 -0.056445839801467883 0.049982069982323248 -0.058061281935730652 -0.049023528820457019 -0.048598612506393322 0.020088568165060699 0.050873890415403238 0.0085643138470239324
leaf_weight=1789.724372588098 9.0677243880927545 115.75198223441839 7.2974340915679958 35.505890339612961 14.242515943944456 18.396072767674923 27.593578323721886 4374.0449630990624 945.64116892963648 24.534661531448364 11.2965618185699 84.47316125780344 46.767079010605812 326.70327470824122 106.75485761463642 63.023194815963507 7.735121000558137 9.2005647942423803 13.661349907517431 11.90296560153365 20.121102582663305 3.6277238018810758 12.814640151336787 5.4364771954715243 9.0983292832970601 10.807244777679443 54.085822314023972 4.9812419787049285 11.420959889888765 3.0540283322334281
leaf_count=10386 74 1432 32 209 93 81 177 30162 7750 107 76 992 440 1832 452 604 71 64 85 114 322 47 214 34 91 181 952 64 61 48
internal_value=-1.50265e-06 0.000496488 0.0013414 -0.0156304 0.0430194 0.000370787 0.0545406 4.52825e-05 -0.00243489 -0.0226488 0.0220587 -0.0295326 -0.00948427 0.00627924 0.0649702 -0.0442502 0.042435 -0.0310646 0.0560418 -0.0291955 -0.0323509 -0.0154159 -0.0278326 -0.00938064 -0.0309208 -0.0317377 -0.0409487 -0.0262539 0.0709249 -0.0362148
internal_weight=8178.77 8054.77 7653.78 400.991 174.187 7479.59 150.744 7436.11 5319.69 357.75 47.7342 310.015 131.24 2116.43 134.348 178.775 43.241 23.4431 43.4784 23.1995 123.996 41.7538 32.6861 19.8714 16.3958 14.435 82.2422 28.1564 29.817 23.1751
internal_count=57247 55311 51266 4045 909 50357 752 50130 37912 3765 297 3468 1432 12218 629 2036 280 157 227 190 1936 550 476 262 123 228 1386 434 142 370
is_linear=0
shrinkage=0.05


Tree=54
num_leaves=31
num_cat=0
split_feature=14 5 3 5 8 14 14 13 16 2 28 4 4 3 5 3 4 29 4 21 30 13 29 23 1 7 2 29 30 20
split_gain=48.2926 44.7409 71.8946 77.1667 65.114 67.0624 78.9339 74.6954 64.0768 79.2702 62.8804 61.3507 57.6537 56.1249 104.358 89.2893 49.6725 74.4925 69.0676 42.9294 36.7626 27.8246 27.2107 11.9467 9.01331 3.17672 1.66649 0.0256882 0.0229494 0.0145826
threshold=3.5000000000000004 1.5000000000000002 0.27950000000000003 5.5000000000000009 10.150000000000002 -3.4999999999999996 -1.4999999999999998 1.0000000180025095e-35 2.5000000000000004 1.0000000180025095e-35 46.000000000000007 0.03500000000000001 0.015000000000000001 0.71000000000000008 1.0000000180025095e-35 0.63400000000000012 0.37500000000000006 10.500000000000002 0.12500000000000003 0.47200000000000003 46.500000000000007 1.0000000180025095e-35 1.0000000180025095e-35 15.500000000000002 8.5000000000000018 23.500000000000004 9.5000000000000018 1.5000000000000002 69.500000000000014 1.0000000180025095e-35
decision_type=2 2 2 2 2 2 2 2 2 2 10 2 2 2 2 2 2 10 2 10 2 2 10 2 2 2 2 8 2 10
left_child=1 8 3 11 16 7 -7 -6 10 -10 13 12 -3 15 -15 -1 18 -18 -4 -13 -5 -22 -12 24 -11 -24 27 -2 29 -29
right_child=26 2 4 20 5 6 -8 -9 9 23 22 19 -14 14 -16 -17 17 -19 -20 -21 21 -23 25 -25 -26 -27 -28 28 -30 -31
leaf_value=-0.0018237172705430273 -0.061885911361626834 -0.0077102049075207027 -0.0051657684182356547 0.095533372200812428 0.13868072768562958 -0.017599638806414766 0.0052228944630989503 -0.054535892945046405 0.16516241644779839 -0.045968930868633982 0.015158128491997984 -0.056397393552514413 0.13777008110554312 0.0087199676171380164 -0.022255460876360742 0.024864608748805778 -0.037848248446763016 0.066915741527290629 0.074584244095451557 0.0090815659757827443 0.051339358552559694 -0.059147183773839776 -0.057720499089363476 0.028512627660365206 -0.00079240282684657016 -0.023789781792772156 -0.03144137826876902 -0.058017248236958321 -0.056375692576766778 -0.060912509939095229
leaf_weight=1518.5256074219942 5.4363664835691443 86.060016002506018 38.591372258961201 18.779620140790939 18.050214298069481 420.66721012815833 3811.8786202315241 6.9195283707231274 4.8452755957841864 148.58805669471622 16.975585356354713 155.74812754616141 7.3954020142555228 442.78488325700164 704.61975227296352 394.8990972712636 47.462982896715403 26.409107595682144 91.563922092318535 29.825231369584799 12.567047294229269 10.425836019217968 72.812832653522491 6.1294412091374388 11.926972206681965 7.6200525462627402 6.6784813813865176 10.123586982488638 11.265802208334206 7.6246748939156523
leaf_count=11075 40 608 259 78 90 2957 24157 113 39 1557 89 1364 32 3472 5760 3024 345 143 459 171 67 79 706 42 93 88 65 88 124 54
internal_value=-0.00025743 1.65726e-05 0.00311499 -0.0197474 0.00475888 0.00343658 0.00295459 0.0851372 -0.00443356 -0.0341995 -0.00281729 -0.0292357 0.00380208 -0.0015587 -0.010302 0.00368431 0.0323519 -0.000395356 0.0509382 -0.0458737 0.0436317 0.00124061 -0.0423655 -0.039996 -0.0426121 -0.054506 -0.0543003 -0.0587317 -0.0581407 -0.0592611
internal_weight=8153.2 8112.07 4782.34 320.801 4461.54 4257.52 4232.55 24.9697 3329.73 171.49 3158.24 279.029 93.4554 3060.83 1147.4 1913.42 204.027 73.8721 130.155 185.573 41.7725 22.9929 97.4085 166.644 160.515 80.4329 41.1289 34.4504 29.0141 17.7483
internal_count=57238 56867 30922 2399 28523 27317 27114 203 25945 1731 24214 2175 640 23331 9232 14099 1206 488 718 1535 224 146 883 1692 1650 794 371 306 266 142
is_linear=0
shrinkage=0.05


Tree=55
num_leaves=31
num_cat=0
split_feature=7 9 10 19 0 8 10 1 3 15 4 21 8 16 29 5 3 29 5 19 13 3 5 3 2 21 15 3 20 29
split_gain=46.5839 48.703 58.0318 89.9739 67.007 75.544 68.9254 65.406 63.4186 55.5143 54.6224 173.017 64.5898 52.5987 95.6886 86.9872 83.8573 64.3559 109.06 71.0224 66.4509 96.1133 76.1502 59.0937 42.5393 41.0266 34.9578 50.231 41.341 28.0117
threshold=29.000000000000004 12.15 5.5000000000000009 0.16500000000000006 2.5000000000000004 10.350000000000003 8.1500000000000004 12.500000000000002 0.59650000000000014 1.5000000000000002 0.13500000000000004 -1.0000000180025095e-35 26.700000000000003 2.5000000000000004 12.500000000000002 6.5000000000000009 0.74450000000000005 21.500000000000004 6.5000000000000009 0.47500000000000014 1.0000000180025095e-35 0.7875000000000002 1.5000000000000002 0.92000000000000015 4.5000000000000009 0.91650000000000009 1.5000000000000002 0.56800000000000006 2.5000000000000004 13.500000000000002
decision_type=2 2 2 10 2 2 2 2 2 2 2 10 2 2 10 2 2 10 2 8 2 2 2 2 2 10 2 2 10 10
left_child=1 2 3 10 5 9 -6 -8 -7 -4 12 -12 -1 17 15 -15 24 20 23 -20 22 -22 -3 -19 -16 -5 -2 -28 29 -29
right_child=26 13 4 25 6 8 7 -9 -10 -11 11 -13 -14 14 16 -17 -18 18 19 -21 21 -23 -24 -25 -26 -27 27 28 -30 -31
leaf_value=-0.0085456360025274875 -0.043206564551980471 -0.015818208558123679 0.038775988877372922 0.15610567778184156 -0.049005767417083568 -0.050643880461573566 0.016295470950821629 -0.03759962263469166 -0.017373422744748863 -0.060716566788433193 -0.030427955866464226 0.03328401586311077 0.023751154345973819 -0.040984011851221941 0.089467175979853084 0.092839344041255059 0.12918117813211158 -0.032777222118068793 0.0035308853680412751 0.12152786052279528 0.017129181429596952 -0.011269702244986881 0.0069999485589054321 0.08285573407176744 -0.042135513193179978 0.033916405456575885 0.047576661329475155 -0.053555925861958176 0.053274690194336297 -0.0010871467346685085
leaf_weight=1295.6371349468827 104.62055913172662 542.85305611416698 78.377746693789959 12.916111446917057 58.53000671043992 195.98299800232053 394.33455948345363 65.668180879205465 532.13774617761374 17.074920929968357 151.75741636753082 357.77290902286768 175.81144268065691 195.78295573592186 8.4874256849288958 12.946113452315329 18.430723927915096 270.86939449980855 32.524758290499449 20.977311059832573 1914.6871048435569 352.83787107467651 1120.0274959616363 11.518722012639044 22.205966457724571 14.674942269921303 34.317282404750586 62.896140694618225 16.274794433265924 42.712285380810499
leaf_count=10349 1254 3836 494 71 503 1890 3000 724 4800 185 1577 2722 1313 1492 43 56 87 2459 231 89 10216 2247 5993 49 194 76 203 531 109 399
internal_value=-5.04265e-05 0.000638135 -0.00393095 0.00144786 -0.0119808 -0.0208457 0.00209912 0.00860162 -0.0263286 0.0209784 0.000198958 0.0143082 -0.00468675 0.0040221 -0.0179074 -0.0326838 0.0448779 0.0053475 -0.0156592 0.0497956 0.00714273 0.0127102 -0.000449117 -0.0280605 -0.00574436 0.0911165 -0.0208398 -0.00585887 -0.0209041 -0.0323354
internal_weight=8135.65 7874.83 3350.68 2008.57 1342.11 823.573 518.533 460.003 728.121 95.4527 1980.98 509.53 1471.45 4524.15 257.853 208.729 49.1241 4266.3 335.89 53.5021 3930.41 2267.52 1662.88 282.388 30.6934 27.5911 260.821 156.201 121.883 105.608
internal_count=57192 54696 27704 16108 11596 7369 4227 3724 6690 679 15961 4299 11662 26992 1872 1548 324 25120 2828 320 22292 12463 9829 2508 237 147 2496 1242 1039 930
is_linear=0
shrinkage=0.05


Tree=56
num_leaves=31
num_cat=0
split_feature=30 10 10 5 28 1 14 6 10 29 6 6 6 28 3 28 3 3 20 30 15 1 16 24 6 29 18 19 28 28
split_gain=51.1638 39.7283 62.3756 41.2098 58.5936 83.6971 59.7882 53.7034 86.5936 36.1715 38.2461 26.9006 23.0499 19.5057 46.3839 21.933 10.6288 12.9915 7.95632 6.54336 7.50381 8.10964 6.00363 5.25142 2.2583 0.839201 0.249389 0.193071 0.451715 0.144566
threshold=82.500000000000014 18.700000000000006 18.300000000000001 5.5000000000000009 50.500000000000007 11.500000000000002 1.0000000180025095e-35 55.050000000000004 13.65 2.5000000000000004 73.950000000000017 52.750000000000007 49.050000000000004 39.500000000000007 0.55400000000000016 27.500000000000004 0.71000000000000008 0.7945000000000001 2.5000000000000004 84.500000000000014 1.0000000180025095e-35 17.500000000000004 2.5000000000000004 1.0000000180025095e-35 96.050000000000011 34.500000000000007 2.5000000000000004 0.020000000000000014 74.500000000000014 82.500000000000014
decision_type=2 2 2 2 10 2 2 2 2 10 2 2 2 10 2 10 2 2 10 2 2 2 2 2 2 10 8 10 10 10
left_child=1 2 3 4 6 -6 -1 12 -9 10 11 -3 -5 14 -11 -16 -12 -18 -13 20 -2 22 23 -22 26 -15 27 29 -29 -21
right_child=19 9 -4 7 5 -7 -8 8 -10 13 16 18 -14 25 15 -17 17 -19 -20 24 21 -23 -24 -25 -26 -27 -28 28 -30 -31
leaf_value=-0.0025920409219614519 -0.053072658967083478 0.076566488346205663 0.10770750796398379 0.022222321439755381 -0.02946453057706935 0.016616031844915943 0.0074982248965955543 -0.018634158122446013 0.022513242803985728 0.11728317536773435 0.001370744033838054 -0.051297931884267567 0.069494296022131141 -0.054884010605409088 -0.048780695067795352 0.0050021903000302898 0.083495445590267656 0.018923560050822796 0.013325254966836285 -0.053161739996881209 0.004997896306643785 -0.055378442440442738 -0.053742226567089803 -0.048157045211852156 -0.0089326306677285101 -0.032220968839762235 -0.066942205762470994 -0.053596875726966448 -0.03010183420885856 -0.064855143732626616
leaf_weight=4388.6858324632049 18.122583234682679 5.4620374888181678 13.624500498175619 51.651943162083626 363.89215240254998 135.13433963805437 2206.0311412885785 209.88810034655035 327.17181094363332 5.8970619887113562 13.651397198438643 33.047184862196445 51.496590234339237 66.462988719344139 49.113996542990208 30.871240291744471 17.174839034676555 14.25467851012945 5.5650028735399237 19.576795248314742 38.632371408864856 10.972124341875313 6.2579163163900366 5.2818160392343989 3.0843994095921508 4.3522762879729262 3.1627050936222068 6.5458857864141446 2.9757382571697235 3.0557478480041018
leaf_count=31597 370 27 65 266 2727 915 13680 1471 1722 26 83 357 236 877 708 358 76 84 33 389 554 158 111 88 38 58 38 120 38 25
internal_value=-0.000291702 0.000190107 0.000818032 0.00062973 -0.000466728 -0.0169861 0.000783303 0.0127789 0.00643245 -0.0195978 0.00582798 -0.0272923 0.0458227 -0.0340641 -0.0180452 -0.0280226 0.0382087 0.0542092 -0.0419841 -0.0330219 -0.0248152 -0.01644 -0.00792453 -0.00139536 -0.0499619 -0.0534911 -0.0535452 -0.0522275 -0.0462541 -0.0547405
internal_weight=8111.1 7993.43 7747.58 7733.95 7093.74 499.026 6594.72 640.208 537.06 245.853 89.1551 44.0742 103.149 156.698 85.8823 79.9852 45.0809 31.4295 38.6122 117.668 79.2668 61.1442 50.1721 43.9142 38.4013 70.8153 35.3169 32.1542 9.52162 22.6325
internal_count=57295 55366 52679 52614 48919 3642 45277 3695 3193 2687 660 417 502 2027 1092 1066 243 160 390 1929 1281 911 753 642 648 935 610 572 158 414
is_linear=0
shrinkage=0.05


Tree=57
num_leaves=31
num_cat=0
split_feature=25 25 26 28 26 26 4 4 25 15 27 3 4 27 30 19 3 27 24 9 29 23 19 26 21 3 22 30 18 15
split_gain=48.327 111.643 61.1673 54.7408 45.7656 57.4075 87.3726 97.7602 79.1703 183.574 95.5276 45.6704 41.8115 50.3571 39.782 35.0348 67.2247 33.0395 31.9868 44.5477 31.437 20.8503 19.5289 16.0377 12.8509 10.5 12.2281 9.1145 7.29255 4.05368
threshold=0.37500000000000006 0.22500000000000003 6.5000000000000009 51.500000000000007 3.5000000000000004 1.0000000180025095e-35 0.60500000000000009 0.56500000000000006 0.10500000000000002 1.5000000000000002 1.0000000180025095e-35 0.46900000000000003 1.4950000000000003 51.650000000000013 29.500000000000004 0.14000000000000007 0.59650000000000014 33.050000000000004 11.500000000000002 6.3500000000000005 9.5000000000000018 7.5000000000000009 -1.0000000180025095e-35 1.5000000000000002 0.21100000000000005 0.72450000000000003 1.0000000180025095e-35 64.500000000000014 1.0000000180025095e-35 1.0000000180025095e-35
decision_type=2 2 2 10 2 2 2 2 2 2 2 2 2 2 2 8 2 2 2 2 8 2 10 2 8 2 2 2 10 2
left_child=1 4 12 11 5 8 7 -7 10 -10 -1 27 15 -14 -13 18 28 -16 22 -20 -4 -15 -2 -5 -8 -6 -27 -3 -17 -22
right_child=2 3 20 23 25 6 24 -9 9 -11 -12 14 13 21 17 16 -18 -19 19 -21 29 -23 -24 -25 -26 26 -28 -29 -30 -31
leaf_value=0.00037409243967527164 0.051334423227451922 -0.054713553141966388 -0.054172538362206923 -0.061788285904465806 0.069525401754643723 -0.016842681679102894 -0.063527695493174594 0.10026430799117314 0.087440829401134776 -0.06147806710635724 -0.057031344340094506 -0.030054162583223423 0.067984526197875428 -0.058851319858951846 0.013066759556873246 0.041508268979837525 -0.04965452725222861 0.079723744689788864 0.067367062873355962 -0.05862048822293562 0.0322630017997656 0.046601770858621015 -0.045997986451067417 0.029349173520140406 -0.022021697057469831 -0.025164489852061846 0.062837820022735358 0.01874771459282128 0.094910190819895601 0.068561116027504906
leaf_weight=7067.3534828927368 5.2722604423761359 10.607779558748009 7.5609882809221736 15.38201041147113 27.781852602958679 88.694502169266343 93.576126489788294 22.302341297268867 71.638527631759644 29.100779011845589 73.221573151648045 11.274774171411989 25.608892634510994 18.443622339516882 22.587697461247444 15.931372329592707 26.420310601592064 105.04082060605288 16.048006355762485 12.467037007212637 10.948346462100742 6.2846419513225547 228.77713734656572 7.034755863249301 23.29034337028861 7.9621487706899625 7.8285720944404602 7.0144213512539855 10.677879102528093 25.858081564307213
leaf_count=48917 31 99 56 111 137 698 658 104 315 207 526 56 111 188 126 99 282 473 92 141 108 28 3041 55 159 58 49 38 50 153
internal_value=-3.53096e-05 0.000856574 -0.0167551 0.0398882 -7.31011e-05 -0.000371166 -0.0250821 0.00668736 0.000406417 0.0444223 -0.00021456 0.0503538 -0.0234773 0.018842 0.0599737 -0.0302272 0.00684213 0.0679268 -0.037714 0.0122842 0.038688 -0.0320506 -0.0438055 -0.0331878 -0.055256 0.0510209 0.0184645 -0.0254727 0.0629376 0.057764
internal_weight=8101.99 7691.69 410.299 178.942 7512.75 7469.18 227.863 110.997 7241.31 100.739 7140.58 156.525 365.931 50.3372 138.903 315.594 53.0296 127.629 262.564 28.515 44.3674 24.7283 234.049 22.4168 116.866 43.5726 15.7907 17.6222 26.6093 36.8064
internal_count=57166 52786 4380 958 51828 51584 1619 802 49965 522 49443 792 4063 327 655 3736 431 599 3305 233 317 216 3072 166 817 244 107 137 149 261
is_linear=0
shrinkage=0.05


Tree=58
num_leaves=31
num_cat=0
split_feature=25 25 26 28 15 1 2 7 1 6 6 28 28 8 8 8 6 19 19 4 29 28 9 19 18 5 26 4 10 14
split_gain=49.6332 107.403 58.5408 52.5552 46.2103 81.9581 75.5932 68.3758 74.4004 65.2339 90.2907 63.2739 61.9947 70.0874 45.7609 41.5012 39.2244 37.4534 55.2601 36.871 30.2791 27.6927 21.3585 21.2104 20.6205 19.9759 19.3727 20.2827 18.7963 17.17
threshold=0.37500000000000006 0.22500000000000003 6.5000000000000009 51.500000000000007 2.5000000000000004 8.5000000000000018 9.5000000000000018 29.000000000000004 10.500000000000002 71.050000000000011 67.450000000000017 47.500000000000007 41.500000000000007 18.150000000000002 25.550000000000001 13.400000000000002 33.350000000000001 0.14000000000000007 0.19999999999999996 1.4950000000000003 9.5000000000000018 51.500000000000007 13.900000000000002 0.54500000000000015 2.5000000000000004 1.5000000000000002 3.5000000000000004 0.16500000000000004 12.050000000000002 2.5000000000000004
decision_type=2 2 2 10 2 2 2 2 2 2 2 8 8 2 2 2 2 8 10 2 8 10 2 8 10 2 2 2 2 2
left_child=1 4 17 16 6 15 7 8 -1 10 -7 -11 24 -14 -9 -6 -3 19 22 26 -4 -21 -19 25 -8 -18 -2 -28 -24 -5
right_child=2 3 20 29 5 9 12 14 -10 11 -12 -13 13 -15 -16 -17 23 18 -20 21 -22 -23 28 -25 -26 -27 27 -29 -30 -31
leaf_value=0.0012613636753916698 -0.049748993911122197 -0.045458310918051581 -0.052890041137631676 -0.061183685393776471 0.075264924964126637 -0.055274105203160444 -0.057560187584738867 -0.046927045588945573 0.020326659419246225 -0.038879079528079945 0.11760777612932263 0.0099993401420502073 0.043578970162768897 -0.028484729378496138 0.019616306259124854 -0.052689135204899776 0.02140626751601574 -0.013121486112459417 -0.048441591664262929 0.059663903339579154 0.058436888049058472 -0.029200171600878583 0.10303374344817129 -0.0046112146640182065 0.040460169770559801 0.072291122270400673 0.005198886070545433 -0.03867717437685101 0.023185390459005327 0.034224719573033129
leaf_weight=6117.642333323136 146.13567811436951 10.00064032524824 7.4162909798324099 15.438975829631092 6.6466830447316161 11.013836354017256 109.24336215481162 112.84748334437609 558.42531415447593 108.73193516582251 24.030595500022173 169.31083755753934 51.149581769481301 99.129788897931576 33.507383963093162 136.07177887484431 23.576540589332581 11.102705668658016 24.783074460923672 18.198003802448511 34.617170311510563 16.916882131248713 16.833100616931915 12.726388797163962 5.6425956860184661 106.01249378919601 42.30621562898159 69.791328743100166 13.110520217567684 6.7892612367868415
leaf_count=41386 1945 123 58 124 31 86 1027 1285 3415 915 107 1197 320 821 265 1198 124 118 233 94 249 139 70 55 42 471 383 1020 84 47
internal_value=0.000110423 0.00100175 -0.0170357 0.0397773 0.000104534 -0.0153272 0.00109696 0.00211497 0.0028561 -0.00101248 0.0632741 -0.00911515 -0.0250953 -0.00395689 -0.0316922 -0.0467301 0.0502583 -0.0235693 0.0105141 -0.0312179 0.0387946 0.0168529 0.0461105 0.0569844 -0.0527459 0.0630335 -0.0377546 -0.0221181 0.0680729 -0.0320427
internal_weight=8119.15 7717.94 401.211 174.544 7543.39 455.806 7087.59 6822.42 6676.07 313.087 35.0444 278.043 265.165 150.279 146.355 142.718 152.316 359.178 65.8294 293.348 42.0335 35.1149 41.0463 142.315 114.886 129.589 258.233 112.098 29.9436 22.2282
internal_count=57432 53039 4393 944 52095 3534 48561 46351 44801 2305 193 2112 2210 1141 1550 1229 773 4086 505 3581 307 233 272 650 1069 595 3348 1403 154 171
is_linear=0
shrinkage=0.05


Tree=59
num_leaves=31
num_cat=0
split_feature=10 10 4 4 6 28 10 28 28 6 4 21 10 20 6 28 28 28 19 29 3 29 2 0 3 3 28 21 2 20
split_gain=40.1575 47.5417 41.5101 108.169 109.473 134.438 103.325 89.0456 369.404 113.32 74.2293 91.6265 66.3895 38.7442 31.3184 40.0486 44.9873 50.7685 31.2528 26.5376 22.5213 21.0446 20.4366 9.0332 41.2625 0.720325 0.657138 0.461485 0.459734 0.393577
threshold=18.900000000000002 18.300000000000001 0.42500000000000004 0.45500000000000007 44.050000000000004 26.500000000000004 6.7500000000000009 36.500000000000007 40.500000000000007 44.350000000000001 0.35500000000000004 -1.0000000180025095e-35 5.8500000000000005 11.500000000000002 70.950000000000017 39.500000000000007 20.500000000000004 28.500000000000004 -1.0000000180025095e-35 1.0000000180025095e-35 0.7945000000000001 23.500000000000004 2.5000000000000004 1.5000000000000002 0.74450000000000005 0.96650000000000014 71.500000000000014 0.23600000000000002 8.5000000000000018 3.5000000000000004
decision_type=2 2 2 2 2 10 2 10 10 2 2 10 2 8 2 10 8 8 8 10 2 8 2 2 2 2 10 10 2 10
left_child=1 2 6 4 22 -6 10 9 -9 -5 12 -12 -1 14 23 16 27 -18 -8 20 -17 -20 -4 24 -2 29 -21 -16 -26 -25
right_child=13 -3 3 7 5 -7 18 8 -10 -11 11 -13 -14 -15 15 19 17 -19 21 26 -22 -23 -24 25 28 -27 -28 -29 -30 -31
leaf_value=-0.00052233302003145147 0.12902295681872564 0.080059532042443038 0.030804924164292886 -0.059879555424617738 0.11686902648988887 -0.033701078154604339 0.048567422752156031 0.1319282764513558 0.0067941318741936013 -0.0010117978960264588 0.11931006686996704 0.013293538113370841 -0.034718708552122154 0.06293684624440754 -0.042104750616476755 0.068200659814662931 0.15447498099440121 0.020005725478348571 -0.011582971916019716 -0.055030344713951407 -0.04434976461270361 -0.03904745607229787 -0.05744453689550906 -0.055107737783697743 -0.053811642928877038 -0.033094549796405491 -0.036782863600069715 -0.059549106591447437 -0.033959116889737115 -0.039374516802758872
leaf_weight=4496.3709260057658 3.9622167497873333 18.60503339022398 9.6732284426689166 86.34372884593904 64.392755750566721 19.258336249738932 12.686746768653391 63.203884854912758 882.09884964302182 1536.7862297482789 27.452449321746826 79.113897111266851 146.55798314884305 13.295659601688383 6.1526302732527283 9.8494599536061305 8.5330275297164899 39.56549134105444 96.972847007215023 46.518949329853058 8.099749952554701 248.44852184318006 20.385988265275955 72.926564734429121 13.843832716345789 4.2450708933174601 5.5192942507565013 9.8784794248640519 3.694409165531396 4.2041301354765883
leaf_count=31838 19 97 58 759 378 121 77 308 5725 10186 143 515 1165 70 99 51 41 294 678 619 66 2160 172 1033 255 58 77 92 56 29
internal_value=-0.000403826 0.000228096 3.74264e-05 0.00507421 0.0527957 0.0822044 -0.00260753 0.00296147 0.0151607 -0.00414332 -0.000654775 0.0406043 -0.00160177 -0.0201181 -0.0247776 -0.00885857 0.0196846 0.0438616 -0.0285063 -0.0350127 0.0174112 -0.0313371 -0.0290454 -0.0455309 -0.0167067 -0.0531466 -0.053095 -0.0528541 -0.0496297 -0.0542502
internal_weight=8058.64 7808.35 7789.75 2682.14 113.71 83.6511 5107.6 2568.43 945.303 1623.13 4749.5 106.566 4642.93 250.289 236.993 134.117 64.1296 48.0985 358.108 69.9875 17.9492 345.421 30.0592 102.876 21.5005 81.3758 52.0382 16.0311 17.5382 77.1307
internal_count=57239 54380 54283 17707 729 499 36576 16978 6033 10945 33661 658 33003 2859 2789 1339 526 335 2915 813 117 2838 230 1450 330 1120 696 191 311 1062
is_linear=0
shrinkage=0.05


Tree=60
num_leaves=31
num_cat=0
split_feature=30 3 29 28 6 28 8 28 4 1 28 30 28 3 26 14 24 4 5 6 1 27 4 2 8 6 8 14 8 28
split_gain=43.5652 101.274 86.2729 81.7174 69.7933 93.7994 66.1033 82.702 69.7831 110.726 95.4735 67.7704 63.0516 74.535 57.1013 50.8193 49.236 40.0667 36.6433 55.7005 30.8949 52.6012 51.645 60.3687 55.0621 59.9543 57.0686 44.1569 72.8863 53.615
threshold=41.500000000000007 0.78200000000000014 49.500000000000007 22.500000000000004 80.750000000000014 40.500000000000007 25.550000000000001 38.500000000000007 0.57500000000000007 4.5000000000000009 33.500000000000007 46.500000000000007 44.500000000000007 0.84800000000000009 4.5000000000000009 1.5000000000000002 1.5000000000000002 0.47500000000000003 1.5000000000000002 71.050000000000011 5.5000000000000009 35.250000000000007 0.50500000000000012 5.5000000000000009 12.700000000000001 58.250000000000007 5.8000000000000007 1.5000000000000002 17.950000000000003 29.500000000000004
decision_type=2 2 10 8 2 10 2 8 2 2 10 2 10 2 2 2 2 2 2 2 2 2 2 2 2 2 2 2 2 10
left_child=16 3 4 18 12 15 8 -8 10 -10 -5 -9 17 -14 -7 -6 20 -3 19 -2 21 27 24 -24 26 -26 -22 29 -29 -1
right_child=1 2 -4 6 5 14 7 11 9 -11 -12 -13 13 -15 -16 -17 -18 -19 -20 -21 22 -23 23 -25 25 -27 -28 28 -30 -31
leaf_value=-0.00075500758051606439 -0.017895186539071552 -0.02290599217463421 0.10532711264192328 0.0012476730655789025 0.058660098772470852 -0.051582092010747364 -0.05942283384306029 -0.00083654736917334867 0.060696907460964081 0.0054919131019233692 -0.019494277552884364 0.057244358584206671 -0.050320653560289801 0.036778020741297976 0.059747607500735073 -0.0039975204634386391 -0.043082406578631077 -0.049235678699398801 -0.046734183570309049 0.16270314872969777 -0.03840581084966125 0.11090451718859387 -0.030891258455556958 0.025052734440863311 -0.0068382165039827247 0.042176068545961461 0.080041552917444983 -0.051196602204416741 0.057143846746567445 0.051515939638263224
leaf_weight=1531.9983945786953 21.956937551498417 402.5050456430763 14.19699092209339 2100.8370251432061 77.051720893010497 74.090228524059057 24.825784876942635 77.425518788397312 96.818869274109602 1468.6761328373104 753.86114548146725 142.95802473276854 36.436162017285824 75.376302719116211 13.637704178690909 55.793623100966215 50.281542666256428 225.40107548050582 125.59033723548055 5.3000209778547278 11.781498767435549 11.355844318866728 97.117670476436615 95.77952890843153 125.86289739608765 123.71579059958458 74.308221757411957 19.377621859312057 78.062264211475849 50.680384024977684
leaf_count=9414 249 3968 67 15931 450 622 205 406 763 9789 5580 894 285 536 76 411 547 2221 1468 35 85 54 508 462 602 597 323 112 391 253
internal_value=-2.6596e-05 -0.00232746 -0.017028 0.000645717 -0.0188369 0.00584802 0.00182432 0.0270934 0.000422522 0.0089061 -0.00422981 0.0368393 -0.0261976 0.0083953 -0.0342754 0.0323446 0.00584408 -0.0323576 -0.0353291 0.0172215 0.00695221 0.00365498 0.0175038 -0.00311331 0.0293517 0.0174581 0.0638319 0.00293008 0.0355985 0.000918808
internal_weight=8063.06 5792.74 974.489 4818.25 960.292 220.573 4665.4 245.209 4420.19 1565.5 2854.7 220.384 739.719 111.812 87.7279 132.845 2270.32 627.906 152.847 27.257 2220.04 1691.47 528.566 192.897 335.668 249.579 86.0897 1680.12 97.4399 1582.68
internal_count=57304 43956 8636 35320 8569 1559 33568 1505 32063 10552 21511 1300 7010 821 698 861 13348 6189 1752 284 12801 10224 2577 970 1607 1199 408 10170 503 9667
is_linear=0
shrinkage=0.05


Tree=61
num_leaves=31
num_cat=0
split_feature=14 30 5 3 6 14 21 26 30 25 26 26 30 24 16 29 30 14 29 9 3 29 3 2 29 5 4 30 4 29
split_gain=45.936 37.8075 34.4295 97.4525 130.923 98.3181 75.0905 74.1773 55.144 58.4958 53.991 44.0374 39.239 36.2291 41.2078 28.218 8.41104 8.41117 9.65679 9.27147 9.31762 6.05772 5.67454 2.30296 1.18183 0.0319358 0.0219409 0.0118595 0.00677738 0.0016866
threshold=3.5000000000000004 82.500000000000014 2.5000000000000004 0.6170000000000001 29.050000000000004 -1.0000000180025095e-35 0.29300000000000004 5.5000000000000009 71.500000000000014 0.64500000000000013 3.5000000000000004 7.5000000000000009 40.500000000000007 11.500000000000002 1.0000000180025095e-35 10.500000000000002 84.500000000000014 1.0000000180025095e-35 55.500000000000007 13.900000000000002 0.68600000000000005 3.5000000000000004 0.65100000000000013 10.500000000000002 1.0000000180025095e-35 2.5000000000000004 1.4650000000000001 70.500000000000014 1.8750000000000002 39.500000000000007
decision_type=2 2 2 2 2 2 8 2 2 2 2 2 2 2 2 10 2 2 10 2 2 8 2 2 8 2 2 2 2 10
left_child=1 2 8 4 7 -6 12 -4 9 10 -1 -11 -5 14 -10 -8 17 18 21 22 -21 -3 -19 25 -18 27 -27 -2 29 -26
right_child=23 16 3 6 5 -7 15 -9 13 11 -12 -13 -14 -15 -16 -17 24 19 -20 20 -22 -23 -24 -25 28 26 -28 -29 -30 -31
leaf_value=-0.00038861052569831361 -0.057259577103605977 0.023687836609621423 -0.053040348338526104 0.026155396612206852 0.039824928250862451 0.0099228620908940642 0.01598103925962905 0.058105455720936616 0.0004877880258425055 -0.044416154931597458 0.050156300635381283 0.041309753519405898 -0.014052044256880373 0.069039643624923749 -0.0398363154793306 -0.020125804655531713 -0.024644774435712887 0.051235240394655518 0.03995441466661686 -0.054623650745526754 0.020172325769481983 -0.049044701605237606 -0.0081612084878768029 -0.022505957303582513 -0.052799665142576516 -0.060966142385471302 -0.057703848040313158 -0.054193275273315106 -0.055661006905180867 -0.053742590161804028
leaf_weight=4305.4132701829076 9.719201944768427 3.1262299269437781 101.65610559284687 64.584896624088287 375.66107390262187 1024.8613249957561 451.48511535674334 17.612322151660919 95.029184378683567 116.27900476753712 53.48956947401166 17.196394003927708 1003.6003056690097 10.303622974082826 190.09034604206681 61.479659140110016 4.1089561618864527 9.3318742476403731 3.8833495378494254 11.076760224997999 6.6716973967850199 33.974376946687698 7.0658471472561351 5.2315931171178809 21.058304941281683 10.303410299122335 10.312753662467001 4.6678685508668414 2.6499979794025412 6.1208230052143326
leaf_count=30259 96 43 914 309 2175 5783 2523 102 880 1904 331 128 7185 79 1958 485 27 105 40 172 101 691 95 38 457 80 94 71 36 109
internal_value=-0.000156789 0.000111305 0.000515525 0.00461996 0.0136609 0.0179435 -0.00407015 -0.0366275 -0.00214281 -0.00076676 0.000231643 -0.0333716 -0.011621 -0.0230679 -0.0263965 0.0116536 -0.0291254 -0.0197932 -0.0350638 -0.00146472 -0.0265076 -0.042916 0.0256411 -0.053448 -0.0497844 -0.0580726 -0.0593343 -0.0562647 -0.0532473 -0.053012
internal_weight=8038.05 7997.81 7888.74 3100.94 1519.79 1400.52 1581.15 119.268 4787.8 4492.38 4358.9 133.475 1068.19 295.423 285.12 512.965 109.068 75.1301 40.984 34.1462 17.7485 37.1006 16.3977 40.2348 33.9381 35.0032 20.6162 14.3871 29.8291 27.1791
internal_count=57270 56891 55015 19476 8974 7958 10502 1016 35539 32622 30590 2032 7494 2917 2838 3008 1876 1247 774 473 273 734 200 379 629 341 174 167 602 566
is_linear=0
shrinkage=0.05


Tree=62
num_leaves=31
num_cat=0
split_feature=30 25 26 26 27 22 1 30 27 30 24 5 19 22 5 6 30 28 21 4 7 15 27 28 23 15 26 23 1 4
split_gain=42.006 36.9387 83.5414 61.0221 58.4996 56.8729 74.2523 43.8993 25.8978 72.6566 18.5199 28.8736 24.4672 14.3622 13.5211 13.1123 3.27379 4.80277 7.23795 4.7981 5.82963 2.62172 2.04477 1.45647 1.07689 0.48328 0.190242 0.18866 0.139567 0.0150502
threshold=83.500000000000014 0.49500000000000005 3.5000000000000004 6.5000000000000009 52.750000000000007 1.5000000000000002 6.5000000000000009 44.500000000000007 47.550000000000004 65.500000000000014 11.500000000000002 1.0000000180025095e-35 -1.0000000180025095e-35 1.5000000000000002 6.5000000000000009 41.350000000000001 84.500000000000014 46.000000000000007 0.13400000000000004 1.3050000000000004 26.500000000000004 1.5000000000000002 80.500000000000014 84.500000000000014 6.5000000000000009 2.5000000000000004 8.5000000000000018 4.5000000000000009 4.5000000000000009 2.1700000000000004
decision_type=2 2 2 2 2 2 2 2 2 2 2 2 10 2 2 2 2 8 10 2 2 2 2 10 2 2 2 2 2 2
left_child=1 2 4 8 5 7 -7 -1 9 28 12 -12 -10 14 -4 22 17 18 -2 -19 -21 24 -5 29 -15 27 -24 -6 -3 -18
right_child=16 3 13 15 25 6 -8 -9 10 -11 11 -13 -14 21 -16 -17 23 19 -20 20 -22 -23 26 -25 -26 -27 -28 -29 -30 -31
leaf_value=0.0053231010618579816 -0.034389346424025295 -0.053611541708517146 -0.021568858242329111 0.037944133633414361 -0.067268090425124355 -0.058949385906973455 0.054719619758311383 -0.002773269082332888 0.029280800727459463 0.11225000562961081 0.049279484736281853 -0.055022120430618153 -0.043938881315033797 0.066712792103207616 0.063830183900356094 -0.018041168902140196 -0.052873579940905628 -0.052769328745014027 0.05787231959814311 0.033880986010049734 -0.046461747020612669 0.051541720981209876 0.068908564484159843 -0.022201629778904042 0.084269491855268053 -0.073942094329748409 0.058811260245935054 -0.05753073999708376 -0.063792896350851946 -0.056995067482487338
leaf_weight=2540.8534432761371 5.05921523272991 7.0057512931525725 9.9885059855878353 13.837209746241568 6.3098019659519222 17.085100844502449 90.30631660297513 4908.7461631018668 12.222222305834292 11.579637959599493 15.681349948048593 11.502236373722551 171.59516225755215 15.277764260768889 8.6477299481630325 8.2264177128672582 28.345873346552256 18.519710717722777 3.6661991216242313 4.2945932969450933 4.7606373261660337 14.510075733065603 8.2850793898105621 4.3233456388115874 20.392679676413536 7.304180569946765 10.675612188875675 23.503767322748899 6.4787573292851448 2.4027534872293463
leaf_count=14844 89 123 75 99 41 162 512 36127 101 49 76 159 2744 82 51 78 610 411 41 41 67 87 39 29 89 38 84 264 42 29
internal_value=-0.000293376 4.98861e-05 0.000698391 -0.0178845 0.000201418 0.000508975 0.0366358 -1.182e-05 -0.0276661 0.0203848 -0.0333739 0.00514617 -0.0390704 0.0555406 0.0180587 0.0384013 -0.0384805 -0.0279547 0.00437668 -0.0381852 -0.00835787 0.0694608 0.0525582 -0.049375 0.0767499 -0.0624155 0.0632234 -0.0595916 -0.0585033 -0.0531956
internal_weight=8011.39 7940.01 7662.93 277.089 7594.11 7556.99 107.391 7449.6 236.065 25.0641 211.001 27.1836 183.817 68.8168 18.6362 41.0243 71.3723 36.3004 8.72541 27.5749 9.05523 50.1805 32.7979 35.072 35.6704 37.1177 18.9607 29.8136 13.4845 30.7486
internal_count=57283 55966 52372 3594 51988 51645 674 50971 3294 214 3080 235 2845 384 126 300 1317 649 130 519 108 258 222 668 171 343 123 305 165 639
is_linear=0
shrinkage=0.05


Tree=63
num_leaves=27
num_cat=0
split_feature=30 19 5 28 3 6 6 29 19 8 5 29 26 29 28 29 7 19 29 3 3 6 19 6 8 7
split_gain=41.7042 35.1403 33.8489 59.8239 56.7285 91.8078 77.6155 66.2964 71.6417 55.8232 82.0088 60.9844 51.1006 17.54 5.67006 17.229 7.1247 5.03559 4.21195 7.22193 8.90894 3.0152 1.51591 0.60966 0.0020842 0.00193256
threshold=82.500000000000014 -0.20499999999999999 1.5000000000000002 50.500000000000007 0.27950000000000003 37.050000000000004 23.650000000000002 1.0000000180025095e-35 0.11000000000000004 13.15 1.0000000180025095e-35 8.5000000000000018 1.5000000000000002 1.0000000180025095e-35 46.000000000000007 39.500000000000007 21.000000000000004 1.2950000000000002 1.5000000000000002 0.76700000000000013 0.78200000000000014 83.950000000000017 0.16 87.050000000000011 17.050000000000004 26.500000000000004
decision_type=2 8 2 10 2 2 2 8 8 2 2 10 2 10 8 10 2 10 8 2 2 2 8 2 2 2
left_child=1 -1 3 9 7 6 -6 -4 -9 11 -11 -3 -7 -5 15 -2 -17 18 22 23 -21 -15 -16 -20 -18 -26
right_child=14 2 4 13 5 12 -8 8 -10 10 -12 -13 -14 21 17 16 24 -19 19 20 -22 -23 -24 -25 25 -27
leaf_value=0.10262323591416284 0.065148882386212789 0.0016031514152009985 0.0749627552634205 0.0018566780291070354 -0.043866685284129875 0.001074832659508795 0.038221999612059084 -0.04516658130806149 0.0060034819888226901 0.0046856109599884357 -0.014621548857732628 0.035217481474338425 0.031462341773883497 -0.057258354553879544 -0.028841532466795897 0.01414427988941184 -0.054805638427885509 0.029578156348267961 -0.052891156418501707 0.045780223794523074 -0.042451557978561955 -0.024553896262713298 0.0067581992664302237 -0.035358421572810488 -0.054032732511409255 -0.052620386654175448
leaf_weight=8.3526336476206779 5.8449016232043531 708.364701513201 17.937972277402878 17.378580555319786 31.999014612287283 3873.9133558887988 287.61254954338074 166.64998707547784 116.02700163796544 921.01072398014367 1365.3476308267564 166.67977385222912 143.47280570119619 67.688125424087048 6.2724316567182523 5.5253779403865364 3.2193994577974072 2.7446864843368521 52.765727186575532 4.6217668429017049 7.5096365287899971 7.8666747547686091 5.7148246690630913 5.4724802859127513 4.9186643473803979 4.7719234600663185
leaf_count=54 62 5013 83 92 317 24130 1764 1467 780 7366 11417 1035 1020 717 52 82 47 12 1148 39 182 98 52 105 79 104
internal_value=-0.000303048 0.000121477 1.29914e-05 -0.00389602 0.00275605 0.00421195 0.0300034 -0.0182485 -0.0241634 -0.0027337 -0.00684407 0.00800606 0.00216006 -0.0434354 -0.0309651 -0.00965266 -0.0333684 -0.0370457 -0.0392661 -0.043933 -0.00883742 -0.0538532 -0.0118697 -0.0512437 -0.0537034 -0.0533373
internal_weight=8009.68 7900.3 7891.95 3254.34 4637.61 4337 319.612 300.615 282.677 3161.4 2286.36 875.044 4017.39 92.9334 109.382 24.2803 18.4354 85.1016 82.3569 70.3696 12.1314 75.5548 11.9873 58.2382 12.91 9.69059
internal_count=57317 55353 55299 25738 29561 27231 2081 2330 2247 24831 18783 6048 25150 907 1964 374 312 1590 1578 1474 221 815 104 1253 230 183
is_linear=0
shrinkage=0.05


Tree=64
num_leaves=31
num_cat=0
split_feature=10 14 4 3 14 28 30 4 15 1 6 29 4 3 4 20 30 19 29 1 3 6 6 2 7 15 4 28 29 30
split_gain=39.4624 39.556 38.2695 89.0229 70.456 106.537 92.1429 47.5578 44.1922 77.2652 61.7955 32.5786 29.6799 29.3474 31.3636 27.2718 19.0598 18.9036 16.9688 9.47537 11.3872 6.9783 6.75116 1.6845 1.25963 0.224542 0.171091 0.123104 0.0212264 0.0133233
threshold=19.600000000000005 3.5000000000000004 1.1250000000000002 0.46900000000000003 1.5000000000000002 56.500000000000007 69.500000000000014 1.0850000000000002 2.5000000000000004 8.5000000000000018 95.15000000000002 4.5000000000000009 1.0250000000000001 0.84800000000000009 1.1850000000000003 1.0000000180025095e-35 44.500000000000007 0.22500000000000009 6.5000000000000009 12.500000000000002 0.7945000000000001 75.250000000000014 75.250000000000014 9.5000000000000018 26.500000000000004 1.5000000000000002 1.0550000000000004 35.500000000000007 2.5000000000000004 49.500000000000007
decision_type=2 2 2 2 2 8 2 2 2 2 2 10 2 2 2 10 2 10 8 2 2 2 2 2 2 2 2 8 8 2
left_child=1 2 7 15 6 -6 -5 8 10 -10 -1 13 -13 14 22 -4 17 -14 -9 20 -16 -21 -2 28 -20 -15 -18 -27 -3 -28
right_child=11 23 3 4 5 -7 -8 18 9 -11 -12 12 16 25 19 -17 26 -19 24 21 -22 -23 -24 -25 -26 27 29 -29 -30 -31
leaf_value=0.00072151787427519214 -0.056260736894597187 -0.060187979410812067 0.11411803185501515 0.036965753557618275 -0.04234881160722577 0.02818293030054015 -0.016856275335474957 0.021155673439030982 -0.051964523804249055 0.0025884699322725989 0.073650035276488487 0.045851035937552131 -0.055171740309115293 -0.043968584926230445 0.069599052089077212 0.028051071896580279 -0.044510062017014726 0.052691672582040543 -0.065475518237881808 0.038875572836376437 0.0063634194176983797 -0.024471092334058142 0.010763627031659182 -0.027819069519945484 -0.046601730910505311 -0.064449183258325424 -0.05270250563980932 -0.054207483359488488 -0.056954180860066372 -0.054094342793686925
leaf_weight=6749.2997505255044 14.032073214650156 6.5818368941545513 26.536110892891884 266.63897439837456 135.32653346098959 88.586549028754234 113.31570076569915 7.5284488573670378 109.5201859511435 159.33464544638991 29.172597173601389 9.7924149520695192 7.2921122685074833 4.1813112720847139 24.885318972170353 14.091917678713797 5.2975445166230193 9.1699640527367574 31.249428227543831 8.4630531743168849 9.9720603898167592 8.940126568078993 5.1309056952595702 5.6449028961360446 12.327712051570414 4.1070381551980963 22.849104069173336 10.273210424929857 22.157466279342771 69.469995770603418
leaf_count=47486 155 54 108 1322 1248 522 834 52 1019 1129 176 85 104 75 119 63 84 45 187 42 60 58 36 64 110 26 505 149 232 1081
internal_value=0.000137247 0.000719891 0.000957514 0.0126233 0.00780327 -0.0144444 0.0209142 -0.000101674 0.000246841 -0.0196341 0.00103538 -0.0210518 -0.037685 0.00184506 0.0164015 0.0842655 -0.0448556 0.00491203 -0.048161 0.036465 0.0515085 0.00633398 -0.0383149 -0.05279 -0.0601362 -0.0541671 -0.0532484 -0.0571325 -0.0576948 -0.0537499
internal_weight=7991.17 7777.31 7742.93 644.496 603.868 223.913 379.955 7098.43 7047.33 268.855 6778.47 213.856 123.871 89.9851 71.4235 40.628 114.079 16.4621 51.1056 52.2606 34.8574 17.4032 19.163 34.3842 43.5771 18.5616 97.6166 14.3802 28.7393 92.3191
internal_count=57230 54606 54256 4097 3926 1770 2156 50159 49810 2148 47662 2624 1904 720 470 171 1819 149 349 279 179 100 191 350 297 250 1670 175 286 1586
is_linear=0
shrinkage=0.05


Tree=65
num_leaves=21
num_cat=0
split_feature=14 4 30 6 6 1 14 10 30 28 2 0 28 25 2 4 0 8 20 6
split_gain=38.718 33.5589 37.7648 38.3571 149.354 83.0573 72.8287 146.097 102.751 67.3798 24.2968 48.1711 42.5457 15.5099 2.84821 1.94182 0.0208455 0.0185679 0.0100074 0.0100002
threshold=3.5000000000000004 3.6400000000000006 75.500000000000014 53.050000000000004 55.650000000000013 9.5000000000000018 1.0000000180025095e-35 4.5500000000000007 55.500000000000007 43.500000000000007 11.500000000000002 7.5000000000000009 28.500000000000004 0.35500000000000004 10.500000000000002 2.1250000000000004 7.5000000000000009 20.550000000000004 1.0000000180025095e-35 85.850000000000009
decision_type=2 2 2 2 2 2 2 2 2 8 2 2 8 2 2 2 2 2 10 2
left_child=1 2 3 6 5 -5 8 -8 -1 -6 11 12 -4 15 16 -12 17 18 -2 -19
right_child=14 -3 10 4 9 -7 7 -9 -10 -11 13 -13 -14 -15 -16 -17 -18 19 -20 -21
leaf_value=-0.011440973043616303 -0.057712965079656044 0.093674567425421879 0.047739836646886136 0.024734982407314768 -0.008317097459514252 0.088853650631253112 0.026700157668290876 -0.016267664845606069 0.011987146235462669 0.0065623166051729728 -0.057630977270497631 0.098139614286306395 -0.014794736706519774 0.028883028192605131 -0.017631136569373439 -0.035604455322182538 -0.054387148935452351 -0.054834148186244019 -0.060479516479601182 -0.057678838806160308
leaf_weight=2194.9213149994612 6.7036461457610184 9.604477331042288 28.917839914560318 254.34162673726678 1139.9049960784614 63.021325178444386 519.99341811239719 319.31352394074202 594.83807697147131 2288.0381736718118 38.761998644098639 10.309712341055272 457.63915414176881 6.6955896243453017 5.3446232527494422 13.48753312602639 5.6354207545518866 5.7476030886173231 6.3794557563960552 6.6800876669585705
leaf_count=16753 62 39 259 1515 8367 293 2999 2236 4586 13720 455 91 5346 50 42 131 92 75 49 60
internal_value=3.25316e-05 0.000268696 0.000155569 0.00110284 0.00465247 0.0374675 -0.00256049 0.0103531 -0.00644558 0.00161442 -0.0124126 -0.00881187 -0.0110781 -0.0427638 -0.0513527 -0.0519451 -0.0571393 -0.0577473 -0.059062 -0.0563632
internal_weight=7976.28 7939.79 7930.18 7374.37 3745.31 317.363 3629.07 839.307 2789.76 3427.94 555.812 496.867 486.557 58.9451 36.4908 52.2495 31.1462 25.5108 13.0831 12.4277
internal_count=57220 56840 56801 50469 23895 1808 26574 5235 21339 22087 6332 5696 5605 636 380 586 338 246 111 135
is_linear=0
shrinkage=0.05


Tree=66
num_leaves=31
num_cat=0
split_feature=25 25 25 30 14 6 26 26 3 13 4 22 4 10 4 3 10 19 19 3 6 29 30 20 24 9 29 3 29 20
split_gain=37.0346 80.4952 175.854 81.2887 97.9743 77.9242 63.2492 51.2181 47.0085 42.2864 46.9526 37.4234 37.0692 35.359 53.5099 93.0417 42.5038 35.2092 31.1163 49.9873 30.7571 41.9626 30.2205 27.7855 25.4164 35.2077 24.2608 16.1166 11.6687 5.31805
threshold=0.37500000000000006 0.10500000000000002 1.0000000180025095e-35 51.500000000000007 1.0000000180025095e-35 56.350000000000001 1.5000000000000002 6.5000000000000009 0.27950000000000003 1.0000000180025095e-35 1.7550000000000001 1.5000000000000002 1.4950000000000003 18.900000000000002 1.1850000000000003 0.6170000000000001 18.300000000000001 0.37500000000000017 0.14000000000000007 0.59650000000000014 70.350000000000009 38.500000000000007 62.500000000000007 11.500000000000002 11.500000000000002 6.3500000000000005 9.5000000000000018 0.56800000000000006 8.5000000000000018 1.5000000000000002
decision_type=2 2 2 2 2 2 2 2 2 2 2 2 2 2 2 2 2 8 8 2 2 8 2 10 2 2 8 2 10 10
left_child=1 2 13 8 5 -5 -6 12 -3 10 -10 -8 18 14 16 -16 -1 -11 24 29 23 -22 -14 -15 27 -26 -9 -2 -24 -20
right_child=7 3 -4 4 6 -7 11 26 9 17 -12 -13 22 20 15 -17 -18 -19 19 -21 21 -23 28 -25 25 -27 -28 -29 -30 -31
leaf_value=-0.00010058533347770847 -0.027323537969742087 -0.037515006522498583 -0.057794642946338404 -0.027118436780915141 -0.058707153335631396 0.19289883860816376 -0.05197108589542844 -0.047079127575148351 0.032981303541816109 0.073550577476700546 -0.062660151549842488 0.049249596363393398 0.061954814505177869 -0.046130598732862779 0.049279830179273121 -0.0013349225494065798 0.077275938891584184 0.013532150889495033 0.036463990188220489 -0.047568535613786267 -0.022601830677130588 0.0357377727589085 0.014826603813316236 0.076707979177595087 0.055497453240277855 -0.058025565068935282 0.055982386409331023 -0.055224996131215287 -0.054131112978308853 0.082562714728755066
leaf_weight=6450.7720997128636 96.780883647501469 19.224860958755016 131.69236099720001 6.8344260342419174 65.974989023059607 9.7878620177507383 13.034541849046944 6.9095788821578017 91.525550279766321 116.28302132338285 14.924959570169447 30.495976157486439 22.023039251565933 92.596366070210934 154.57044002041221 220.05845006927848 17.796962797641754 30.936893224716187 16.742064695805315 22.4023447483778 93.758198164403439 45.91891422867775 12.613557670265438 4.8443504422903052 16.459548890590671 11.673843335360287 32.896376609802246 111.24897697195411 11.943701136857269 9.9889902174472791
leaf_count=44191 1295 119 1064 72 482 51 113 51 557 556 135 168 94 1440 864 1443 92 140 107 265 1078 342 77 22 95 149 259 1786 145 46
internal_value=-8.93081e-05 0.00066329 -0.000546205 0.0225239 -0.0106716 0.102436 -0.0278407 -0.0155004 0.0378663 0.0435792 0.0195718 0.0189406 -0.0219285 0.000518603 0.00117633 0.0195485 0.000112301 0.0609383 -0.0286806 0.00752144 -0.0184634 -0.00342266 0.0194272 -0.0400236 -0.0362124 0.00839151 0.0380928 -0.0422445 -0.0187118 0.0536904
internal_weight=7982.71 7611.03 7212.01 399.023 126.128 16.6223 109.506 371.683 272.895 253.67 106.451 43.5305 331.877 7080.32 6843.2 374.629 6468.57 147.22 285.297 49.1334 237.118 139.677 46.5803 97.4407 236.163 28.1334 39.806 208.03 24.5573 26.7311
internal_count=57298 52929 50536 2393 886 123 763 4369 1507 1388 692 281 4059 49472 46590 2307 44283 696 3743 418 2882 1420 316 1462 3325 244 310 3081 222 153
is_linear=0
shrinkage=0.05


Tree=67
num_leaves=31
num_cat=0
split_feature=14 14 0 7 5 3 3 21 3 28 28 5 21 28 8 3 28 10 28 16 19 28 10 5 1 1 10 16 1 2
split_gain=38.9615 30.7773 41.4821 84.948 45.901 41.7911 56.0391 32.939 53.4131 87.3473 77.4692 56.9801 56.4986 52.9317 51.0704 63.4938 76.8951 54.3228 59.9291 55.2641 41.4186 36.2352 28.1651 85.6361 11.3023 28.3419 11.1161 2.05559 1.58929 1.24751
threshold=3.5000000000000004 -2.4999999999999996 1.5000000000000002 11.000000000000002 6.5000000000000009 0.71000000000000008 0.59650000000000014 0.29300000000000004 0.77100000000000013 22.500000000000004 23.500000000000004 1.5000000000000002 0.13400000000000004 33.500000000000007 25.550000000000001 0.87100000000000011 40.500000000000007 7.6500000000000012 37.500000000000007 1.0000000180025095e-35 0.27000000000000013 33.500000000000007 5.5000000000000009 1.5000000000000002 6.5000000000000009 11.500000000000002 8.5500000000000025 3.5000000000000004 2.5000000000000004 9.5000000000000018
decision_type=2 2 2 2 2 2 2 10 2 8 8 2 8 10 2 2 8 2 8 2 8 8 2 2 2 2 2 2 2 2
left_child=1 2 22 5 26 6 -4 8 9 20 11 -10 -12 -11 17 16 -16 18 -9 -19 -3 -17 24 -24 28 -26 -5 -6 -1 -2
right_child=29 7 3 4 27 -7 -8 14 10 13 12 -13 -14 -15 15 21 -18 19 -20 -21 -22 -23 23 -25 25 -27 -28 -29 -30 -31
leaf_value=-0.039120910309703466 -0.057193579060408756 -0.014251356861119065 0.03486797125260771 -0.06026860968717105 0.032320109882744225 -0.053388586504667747 0.16492817768008833 0.017820453055254017 -0.011034962315570546 0.006751784355219068 -0.021968172094585438 0.062155983282896302 -0.00047847445519877174 -0.0054520548148313357 -0.05041323840018519 0.14555940219825403 0.046442652164390544 0.026613096307936835 -0.013383514707295466 -1.9700615712094544e-05 -0.059771565963687448 0.047277523403866567 -0.054536861842942624 0.11400068255936191 0.062553583439230384 -0.063986531089220755 -0.018635966004442294 0.067838376901840899 -0.056326266729009269 -0.030215965811415248
leaf_weight=16.209336224943399 29.192114252597094 168.98988820612431 21.581101782619953 38.774359695613384 7.9123840779066095 6.4862695876508942 13.439955770969389 211.3883777782321 46.397481471300125 3118.1079842951149 739.521210571751 62.295127972960472 521.57042757421732 1242.5896184202284 30.450711011886597 17.063666179776192 62.659373452886939 404.39501367136836 565.51582440920174 375.78414232842624 70.953723035752773 20.822387609630823 20.870741870254278 11.797571398317812 7.6921229511499414 10.418232068419456 27.337493166327477 8.3961544074118137 78.053049821406603 5.0225590765476218
leaf_count=239 308 1489 177 361 49 121 67 1128 376 21465 6626 357 3791 8957 227 83 361 2385 3735 2534 672 111 326 86 62 61 266 60 758 60
internal_value=7.64108e-06 0.000237427 -0.0163867 0.00485603 -0.024521 0.0631894 0.0847809 0.000821272 -0.000922328 0.0016582 -0.00958944 0.0309131 -0.0130803 0.00327428 0.00698806 0.0369718 0.0147669 0.00446556 -0.00489321 0.013785 -0.0277121 0.0915431 -0.0345372 0.00632743 -0.0464171 -0.0102404 -0.0430534 0.050606 -0.0533676 -0.0532334
internal_weight=7961.69 7927.47 268.969 123.928 82.4204 41.5073 35.0211 7658.5 5970.43 4600.64 1369.78 108.693 1261.09 4360.7 1688.08 130.996 93.1101 1557.08 776.904 780.179 239.944 37.8861 145.041 32.6683 112.373 18.1104 66.1119 16.3085 94.2624 34.2147
internal_count=57298 56930 2633 1101 736 365 244 54297 43733 32583 11150 733 10417 30422 10564 782 588 9782 4863 4919 2161 194 1532 412 1120 123 627 109 997 368
is_linear=0
shrinkage=0.05


Tree=68
num_leaves=31
num_cat=0
split_feature=7 6 15 4 8 29 5 29 15 8 25 1 28 28 20 28 0 1 24 28 1 30 28 3 15 16 0 3 8 28
split_gain=30.2382 45.0905 33.2356 140.927 91.2538 91.1623 47.3241 40.5854 100.089 73.3879 63.6986 59.6216 43.9058 84.1329 78.8913 60.491 136.579 59.0807 39.9678 37.9366 32.5869 32.5685 29.9078 43.0713 33.3472 27.0592 25.1103 24.1685 15.2457 12.811
threshold=29.000000000000004 76.65000000000002 2.5000000000000004 2.0650000000000004 16.350000000000005 24.500000000000004 4.5000000000000009 1.0000000180025095e-35 1.0000000180025095e-35 13.700000000000001 0.37500000000000006 11.500000000000002 46.000000000000007 60.500000000000007 1.5000000000000002 43.500000000000007 1.5000000000000002 13.500000000000002 11.500000000000002 52.500000000000007 11.500000000000002 68.500000000000014 56.500000000000007 0.81100000000000017 1.5000000000000002 1.5000000000000002 5.5000000000000009 0.84800000000000009 25.550000000000001 49.500000000000007
decision_type=2 2 2 2 2 10 2 8 2 2 2 2 10 10 10 10 2 2 2 10 2 2 10 2 2 2 2 2 2 10
left_child=2 29 7 4 5 6 -4 8 27 11 -11 -10 15 18 -15 17 -17 -9 -14 28 -21 22 23 24 -3 -23 -27 -1 -6 -2
right_child=1 21 3 -5 19 -7 -8 12 9 10 -12 -13 13 14 -16 16 -18 -19 -20 20 -22 25 -24 -25 -26 26 -28 -29 -30 -31
leaf_value=0.093970685618546934 -0.052627289993056707 -0.041143746416476168 0.030876551128076909 0.056644412285917822 -0.053830387414666295 0.10111134696996349 -0.050458440808692662 0.0013291557349927651 -0.044769626053344003 0.02753167705965346 -0.062894885555276475 0.082104363198855626 -0.041478825202886982 0.021578425028361714 -0.043419069023273443 -0.061361312903855339 0.042380483349385267 -0.027670505195305645 0.06498599265719672 -0.062447164324366727 0.026347268903062861 -0.053504813809836071 0.093860045691372768 -0.057114251261080433 0.039632606003021702 0.10078533600289917 -0.051327911261462106 0.018708266644426232 -0.015475866153707874 -7.5071618329352577e-05
leaf_weight=45.699629887938499 78.878321763128042 16.106361161917448 34.521556671708822 61.989956192672253 190.67743276804686 24.128441877663136 37.10838745161891 5979.6692624371499 85.408010199666023 239.20983366668224 21.201093167066574 10.385719329118727 210.09643656201661 187.81564998440444 62.127755716443062 37.638541970402002 201.96596502885222 180.94505993463099 9.201404079794882 14.723588000982998 34.647032052278519 39.663600474596024 10.644210055470465 21.42403506487608 61.812634944915771 6.2696180678904039 4.7826257962733507 13.914625793695448 29.983382105827332 13.595767207443712
leaf_count=199 959 163 228 398 1787 123 286 42434 555 1161 114 46 1714 1561 514 276 1199 1496 44 125 208 544 57 215 326 79 48 71 263 160
internal_value=-8.15901e-05 -0.0170845 0.00047652 -0.0130682 -0.0248824 0.0170547 -0.0112596 0.00127185 0.0164403 0.00640485 0.0201697 -0.0310143 0.000353679 -0.0144091 0.00542217 0.00143603 0.0260841 0.000477399 -0.0370117 -0.0397541 -0.000133514 -0.0010779 0.0142068 0.00567229 0.0229356 -0.0342258 0.0349615 0.0764036 -0.0486188 -0.0449009
internal_weight=7966.24 253.177 7713.06 427.78 365.79 95.7584 71.6299 7285.28 415.819 356.205 260.411 95.7937 6869.46 469.241 249.943 6400.22 239.605 6160.61 219.298 270.031 49.3706 160.703 109.987 99.343 77.919 50.7158 11.0522 59.6143 220.661 92.4741
internal_count=57353 2551 54802 3418 3020 637 514 51384 2146 1876 1275 601 49238 3833 2075 45405 1475 43930 1758 2383 333 1432 761 704 489 671 127 270 2050 1119
is_linear=0
shrinkage=0.05


Tree=69
num_leaves=28
num_cat=0
split_feature=14 7 14 30 30 3 19 10 4 28 15 20 4 0 20 20 21 2 13 3 23 30 28 30 0 5 30
split_gain=36.1245 31.2955 37.4309 45.2418 48.7823 40.0035 30.8476 31.0672 32.5001 71.1238 51.0812 30.6665 30.1532 24.8531 23.2031 16.1911 14.4941 8.84049 13.8117 1.96649 0.807296 0.340173 0.185913 0.0469693 0.0205117 0.00922327 0.000353373
threshold=3.5000000000000004 29.000000000000004 1.5000000000000002 68.500000000000014 53.500000000000007 0.56800000000000006 -0.20499999999999999 18.900000000000002 1.155 57.500000000000007 2.5000000000000004 11.500000000000002 1.8150000000000002 5.5000000000000009 2.5000000000000004 4.5000000000000009 0.41450000000000004 9.5000000000000018 1.0000000180025095e-35 0.36950000000000005 4.5000000000000009 76.500000000000014 68.500000000000014 74.500000000000014 5.5000000000000009 2.5000000000000004 65.500000000000014
decision_type=2 2 2 2 2 2 8 2 2 8 2 8 2 2 10 10 8 2 2 2 2 2 10 2 2 2 2
left_child=1 6 14 4 5 -4 -1 8 10 -10 -8 12 -9 -6 17 16 -16 19 -19 -3 24 -17 23 -5 25 -2 -27
right_child=20 2 3 22 13 -7 7 11 9 -11 -12 -13 -14 -15 15 21 -18 18 -20 -21 -22 -23 -24 -25 -26 26 -28
leaf_value=0.09195732492449947 -0.054613411773210253 -0.018314580707689057 0.04384178258339768 -0.058954817846219393 0.07588058753032853 -0.058915266526240906 0.00063845476757638515 -0.03213910396769571 -0.0040183315955883096 0.030262301160177158 -0.025411330905465331 0.057715832148959027 0.012593770156431981 -0.00040961048348536782 0.10164348955878355 -0.061007488212604322 -0.0035966749066784296 -0.055087272898206342 0.075279584841150896 -0.053645539714406901 -0.035377807596185647 -0.039030713678308231 -0.045498486982220566 -0.054371911487433859 -0.059026792328025407 -0.057284061303228578 -0.056714605522582319
leaf_weight=9.1957841366529465 6.4769038446247675 4.1245855409651986 14.894517570734022 10.360735155642038 34.354522831737995 26.013148933649063 6625.5134645942599 169.08731169998646 324.56038942188025 283.44565684720874 193.68970731273293 12.714548356831072 48.471309939399362 15.488243788480757 5.9466065950691709 3.5511535406112662 7.2731012720614681 4.641244148835538 3.6134077273309231 87.251796089112759 5.0869821347296229 3.4925694335252047 4.6487087905406943 12.143625762313603 9.2069440558552724 5.3815667629241926 5.5172803848981857
leaf_count=58 87 64 64 87 176 215 45970 2333 2443 1547 1637 71 444 95 45 34 72 73 45 1159 69 67 57 199 92 49 55
internal_value=-0.000332313 -0.000118787 -0.0179826 0.00202141 0.0189633 -0.0215013 0.000435296 0.000325388 0.000886161 0.0119629 -0.000101452 -0.0177617 -0.0221728 0.052174 -0.0376544 0.0111191 0.0437434 -0.0475742 0.00197977 -0.0520508 -0.0536266 -0.0501105 -0.0546014 -0.0564818 -0.0571188 -0.0561077 -0.0569958
internal_weight=7936.15 7904.48 237.798 117.904 90.7504 40.9077 7666.68 7657.48 7427.21 608.006 6819.2 230.273 217.559 49.8428 119.894 20.2634 13.2197 99.631 8.25465 91.3764 31.6697 7.04372 27.1531 22.5044 26.5827 17.3758 10.8988
internal_count=57307 56955 2452 893 550 279 54503 54445 51597 3990 47607 2848 2777 271 1559 218 117 1341 118 1223 352 101 343 286 283 191 104
is_linear=0
shrinkage=0.05


Tree=70
num_leaves=31
num_cat=0
split_feature=14 14 0 6 3 8 10 29 6 20 10 29 0 4 6 19 28 10 5 21 8 3 1 21 5 23 1 6 29 22
split_gain=31.5896 30.2584 52.6294 59.7686 48.8358 36.7272 28.6004 36.425 37.4349 37.7593 35.7671 31.1161 96.0934 51.2777 27.7932 18.7159 21.1706 17.7729 59.3078 15.2668 13.8105 69.5708 12.6115 18.986 7.47178 2.82644 1.09516 0.0373769 0.0154933 0.0140714
threshold=3.5000000000000004 -2.4999999999999996 1.5000000000000002 56.750000000000007 0.59650000000000014 21.500000000000004 18.900000000000002 4.5000000000000009 73.950000000000017 11.500000000000002 18.300000000000001 50.500000000000007 3.5000000000000004 2.6650000000000005 37.45000000000001 0.09999999999999995 39.500000000000007 5.5000000000000009 1.5000000000000002 0.38750000000000007 20.250000000000004 0.59650000000000014 7.5000000000000009 1.0000000180025095e-35 5.5000000000000009 5.5000000000000009 2.5000000000000004 77.250000000000014 1.5000000000000002 2.5000000000000004
decision_type=2 2 2 2 2 2 2 10 2 10 2 10 2 2 2 10 10 2 2 10 2 2 2 8 2 2 2 2 8 2
left_child=1 2 17 4 14 -6 10 8 9 -8 11 13 -13 -3 -4 24 -17 22 29 -10 21 -5 26 -24 -9 28 -1 -22 -2 -19
right_child=25 6 3 20 5 -7 7 15 19 -11 -12 12 -14 -15 -16 16 -18 18 -20 -21 27 -23 23 -25 -26 -27 -28 -29 -30 -31
leaf_value=-0.041632975746571224 -0.058959014121879628 0.00075544631752448869 0.0730506499293085 -0.048879671151198963 0.14725689416805346 0.039282631090212045 -0.044392696414447208 -0.051310075341292984 0.054518024002456547 0.074644228621004546 0.069732931857219155 0.095745679069237907 -0.055161154633900249 0.064342776501211327 -0.029775114501655198 0.022205902997356974 -0.053705396725346223 -0.055062732279967747 0.086650716024493049 -0.0071746145371744414 -0.053879387382744372 0.12462822017219155 -0.06253693263053256 0.042667946318929652 0.0057665301846931459 -0.012562546485088758 -0.05613198178918552 -0.057734922051807636 -0.055777902891433966 -0.051850052583301047
leaf_weight=15.652214378118513 4.6329631581902566 7312.3582007158548 8.9819479584693891 24.025524549186233 13.41651940345764 19.070055432617664 40.628424841910601 81.058001773431897 35.26174084842205 7.9685657918453208 19.136683896183968 29.752399079501629 16.344147350639105 31.843032315373421 24.489383120089769 24.917448285967112 14.546414168551562 16.740444410592321 11.543824486434458 14.013430692255495 10.41652872785926 7.6064460054039946 8.1389878988265991 9.064673624932766 6.1703504621982566 4.2810904681682578 77.559189490973949 15.8523031771183 22.018555315211415 4.2796562686562529
leaf_count=236 45 50874 70 261 64 130 477 1507 190 37 97 194 234 145 188 221 242 209 86 84 181 67 54 61 66 46 778 152 271 128
internal_value=0.00015623 0.000353667 -0.0161967 0.00766123 0.0402038 0.0838746 0.000932168 -0.0166471 0.0062639 -0.0248739 0.00146496 0.00128818 0.0422396 0.00103115 -0.00218208 -0.0343464 -0.00577507 -0.0368642 -0.00440347 0.0369732 -0.0294098 -0.00715674 -0.0464376 -0.00710409 -0.0472726 -0.0502733 -0.0536973 -0.0562061 -0.0563309 -0.0544086
internal_weight=7931.77 7900.84 266.838 123.859 65.9579 32.4866 7634 224.564 97.8722 48.597 7409.43 7390.3 46.0965 7344.2 33.4713 126.692 39.4639 142.979 32.5639 49.2752 57.9008 31.632 110.415 17.2037 87.2284 30.9326 93.2114 26.2688 26.6515 21.0201
internal_count=57395 57033 2665 1113 452 194 54368 2824 788 514 51544 51447 428 51019 258 2036 463 1552 423 274 661 328 1129 115 1573 362 1014 333 316 337
is_linear=0
shrinkage=0.05


Tree=71
num_leaves=31
num_cat=0
split_feature=14 29 15 8 25 15 16 16 0 8 9 4 5 25 26 23 28 4 21 5 17 30 3 28 5 25 14 23 5 29
split_gain=30.638 27.8819 112.22 58.9423 51.0611 51.3505 39.2465 34.9292 79.4502 93.0198 98.584 77.0387 66.6081 42.6722 67.2391 61.8493 41.044 37.2384 34.1812 24.8143 17.9102 20.133 10.8679 2.91058 2.61138 1.91679 1.07378 0.286582 0.0152695 0.0147918
threshold=3.5000000000000004 1.0000000180025095e-35 1.0000000180025095e-35 13.700000000000001 0.37500000000000006 2.5000000000000004 1.0000000180025095e-35 1.5000000000000002 1.5000000000000002 24.850000000000005 5.0500000000000007 0.29500000000000004 6.5000000000000009 0.77500000000000013 3.5000000000000004 6.5000000000000009 59.500000000000007 1.7650000000000003 -1.0000000180025095e-35 1.0000000180025095e-35 1.0000000180025095e-35 60.500000000000007 0.84800000000000009 54.500000000000007 6.5000000000000009 0.40500000000000008 -1.4999999999999998 3.5000000000000004 2.5000000000000004 13.500000000000002
decision_type=2 8 2 2 2 2 2 2 2 2 2 2 2 2 2 2 10 2 10 2 8 2 2 10 2 2 2 2 2 8
left_child=1 2 22 6 5 -5 19 13 11 10 -10 12 -9 14 15 -3 -11 -13 -16 -4 27 -22 26 -8 28 -6 -1 -15 -2 -30
right_child=24 7 3 4 25 -7 23 8 9 16 -12 17 -14 20 18 -17 -18 -19 -20 -21 21 -23 -24 -25 -26 -27 -28 -29 29 -31
leaf_value=0.081894890735508291 -0.054520882499093606 0.0014187615997143014 -0.043559844388228491 0.027912445369371455 -0.073671465184647525 -0.032097001167763262 -0.056799680862183524 -0.012437676221022919 0.19427791211994508 0.076675715453177071 -0.0044155750601568696 -0.051976130683700328 0.10875619361485699 -0.067317229411746823 -0.045107331041852106 -0.046027937785414114 -0.012277896406905395 0.050305919372595591 0.058021797337774642 0.048785250691175862 0.063816282989895751 -0.055029816684579493 0.039916400974319602 -0.024101420825091507 -0.013803517329320987 -0.044249660155798058 0.097717722321600975 -0.053647531195455969 -0.058345371273482549 -0.055267204288873661
leaf_weight=20.635290563106533 10.347272947430616 5807.8040523473173 11.479610517621042 244.5490411259234 11.557725027203562 41.732290364801884 58.334088861942291 423.57692392915487 6.3003903962671748 57.044236341491342 682.94921708106995 184.9935029540211 11.648986577987669 4.2035728991031638 9.0365807786583883 69.507105197757483 16.782903909683228 9.3485190048813802 72.462785765528679 19.860193684697151 7.707102879881857 6.6281926482915878 14.394247427582739 7.7045340836048117 4.2600888237357131 10.624493248760698 22.320058688521389 43.629450393840671 8.867491409182545 6.9708774890750655
leaf_count=92 160 39954 109 1210 53 322 382 4006 51 309 5254 2034 48 22 81 1025 119 51 437 95 51 89 71 46 34 72 99 827 81 90
internal_value=-4.73674e-05 0.00014613 0.0120473 0.00279582 0.013502 0.0191646 -0.0311179 -0.000597438 -0.00773357 0.00311405 -0.00259933 -0.0208816 -0.00919388 0.00105314 0.00148309 0.000857641 0.0564542 -0.047056 0.0465869 0.0149597 -0.040157 0.00886556 0.0775168 -0.0529849 -0.0501083 -0.0595795 0.0901166 -0.0548488 -0.0560147 -0.0569906
internal_weight=7907.26 7876.82 463.192 405.842 308.464 286.281 97.3784 7413.62 1392.64 763.077 689.25 629.568 435.226 6020.98 5958.81 5877.31 73.8271 194.342 81.4994 31.3398 62.1683 14.3353 57.3496 66.0386 30.4457 22.1822 42.9553 47.833 26.1856 15.8384
internal_count=57274 56909 2551 2289 1657 1532 632 54358 11872 5733 5305 6139 4054 42486 41497 40979 428 2085 518 204 989 140 262 428 365 125 191 849 331 171
is_linear=0
shrinkage=0.05


Tree=72
num_leaves=31
num_cat=0
split_feature=30 19 26 27 25 24 21 14 0 3 22 10 8 22 14 30 15 19 5 29 28 28 21 28 20 0 2 10 10 3
split_gain=34.7815 27.8903 27.5273 91.1363 50.0262 39.8602 36.7757 29.6278 31.0254 23.8735 26.1271 22.825 13.8428 9.45344 13.7742 6.51468 7.09142 6.18748 14.8971 7.81989 6.95615 11.9671 3.09563 1.21726 0.855026 0.0221089 0.0154222 0.00187588 0.00131393 0.000895476
threshold=82.500000000000014 -0.14499999999999999 3.5000000000000004 53.150000000000013 0.97500000000000009 10.500000000000002 1.0000000180025095e-35 3.5000000000000004 6.5000000000000009 0.24050000000000002 3.5000000000000004 2.2500000000000004 19.000000000000004 1.5000000000000002 1.5000000000000002 84.500000000000014 1.0000000180025095e-35 1.0550000000000004 5.5000000000000009 4.5000000000000009 49.500000000000007 44.500000000000007 0.47200000000000003 84.500000000000014 1.0000000180025095e-35 5.5000000000000009 12.500000000000002 15.15 15.15 0.59650000000000014
decision_type=2 8 2 2 2 2 8 2 2 2 2 2 2 2 2 2 2 8 2 8 10 10 10 10 10 2 2 2 2 2
left_child=1 12 3 7 9 11 -7 8 -3 -4 -11 -6 -1 14 -5 16 27 20 19 -19 21 -18 -15 26 -22 -9 28 -2 -17 -30
right_child=15 2 4 13 5 6 -8 25 -10 10 -12 -13 -14 22 -16 23 17 18 -20 -21 24 -23 -24 -25 -26 -27 -28 -29 29 -31
leaf_value=0.023394170602572838 -0.052266924543684826 -4.0070765409793707e-05 -0.037906392873891026 0.067159822343071454 0.057248748311951619 0.045165885765345332 -0.037947551041993988 -0.055061970860610682 0.022666422287488077 0.058556339961921437 -0.031712560064578732 -0.049870600942760468 0.10500268426880606 -0.056191693627990882 -0.056090385608842476 -0.05232574682432526 -0.026479426678896772 0.050690269216634859 0.061245527378128661 -0.053062482102807708 -0.033906285135705219 0.071129996581955679 -0.032499676022070524 -0.025757134280628646 -0.054052391484338207 -0.058370457761839349 -0.056221781011383087 -0.053865605064240041 -0.053748700888996165 -0.052681664635758046
leaf_weight=12.518152438104154 12.026106521487234 7309.6834569927305 8.3856585137546045 4.2507458850741369 5.5868042707443228 45.907086364924908 18.743536103516817 15.821543842554094 153.59922408312559 85.751267854124308 8.8425337783992273 45.260742794722319 8.8840941637754423 76.680048821493983 4.8572022765874863 14.012927122414121 11.370949430391191 2.356467630714179 8.1509913178160769 7.9199035242199907 11.10615828074515 4.3380868062376967 16.809994090348482 4.8411102071404448 10.016759144142268 7.4164969343692055 3.4307731706649056 2.1653291601687661 3.3692411053925735 4.7218039240688086
leaf_count=76 321 50260 62 46 26 335 234 201 1024 522 142 841 48 1320 63 364 200 39 80 180 194 39 271 33 179 75 54 38 63 110
internal_value=-0.000103667 0.00027028 0.000114032 -0.000389702 0.0176119 -0.00497999 0.0210696 0.000251728 0.000427244 0.0429502 0.0501181 -0.038101 0.0572699 -0.0471945 0.00143139 -0.0294308 -0.0209835 -0.0128868 0.0107672 -0.029271 -0.0247211 0.000475642 -0.0519317 -0.0487446 -0.0434598 -0.0561179 -0.0531028 -0.0525109 -0.0526187 -0.053126
internal_weight=7928.83 7829 7807.6 7589.12 218.478 115.498 64.6506 7486.52 7463.28 102.979 94.5938 50.8475 21.4022 102.598 9.10795 99.8266 69.4508 55.2593 18.4274 10.2764 36.832 15.709 93.49 30.3759 21.1229 23.238 25.5347 14.1914 22.104 8.09105
internal_count=57440 55546 55422 53260 2162 1436 569 51560 51284 726 664 867 124 1700 109 1894 1270 911 299 219 612 239 1591 624 373 276 591 359 537 173
is_linear=0
shrinkage=0.05


Tree=73
num_leaves=31
num_cat=0
split_feature=30 25 25 25 28 3 28 26 4 4 30 30 3 2 19 30 29 30 6 20 30 30 28 3 13 4 15 6 6 30
split_gain=33.4541 30.9218 68.0842 172.849 78.788 61.7258 70.2191 41.7551 33.8151 33.2672 32.4713 102.829 76.4158 30.057 36.4293 27.751 22.9648 14.3042 9.60497 3.63393 2.9161 2.88712 4.62265 5.30927 7.11008 3.56312 2.7828 2.67142 1.41555 2.93371
threshold=83.500000000000014 0.37500000000000006 0.10500000000000002 1.0000000180025095e-35 49.500000000000007 0.27950000000000003 22.500000000000004 6.5000000000000009 1.4950000000000003 2.3250000000000006 45.500000000000007 44.500000000000007 0.77100000000000013 5.5000000000000009 0.14000000000000007 64.500000000000014 9.5000000000000018 44.500000000000007 88.750000000000014 1.0000000180025095e-35 48.500000000000007 84.500000000000014 60.500000000000007 0.69600000000000006 1.0000000180025095e-35 1.425 1.0000000180025095e-35 96.050000000000011 32.550000000000004 36.500000000000007
decision_type=2 2 2 2 10 2 8 2 2 2 2 2 2 2 8 2 8 2 2 10 2 2 8 2 2 2 2 2 2 2
left_child=1 2 3 10 5 17 -7 8 13 -6 11 -1 -12 14 -3 19 -9 -4 -17 -10 -15 22 23 24 -2 -24 -18 -23 29 -5
right_child=21 7 4 28 9 6 -8 16 15 -11 12 -13 -14 20 -16 18 26 -19 -20 -21 -22 27 25 -25 -26 -27 -28 -29 -30 -31
leaf_value=0.0051472315620827436 0.070668384601449613 -0.027659207554571796 0.017707674306700137 -0.013138687031459723 -0.057368041228319872 -0.026403426871072694 0.046284095971995794 -0.046021905420367097 0.032474025124151783 0.060713264951660552 0.0091567759351047426 -0.01079660667125764 -0.013013688758674924 -0.077339185540440461 0.028475170573930727 -0.056416837597771032 0.029594683896252597 -0.061393434491673719 0.01969683497984007 0.070764415656929133 -0.052374175119313651 -0.051876495385264537 -0.052370559433587517 -0.053268997115359866 -0.026493749250544141 -0.0083766672171452089 0.06372109848858476 0.00096343199801864575 -0.060259805718114595 -0.055870166514463651
leaf_weight=2417.9808908589184 3.9156455844640714 176.65991973131895 7.8860685601830509 5.1056211665272739 38.967427644878626 37.991893667727709 264.85145704448223 6.9722640775144091 10.776648730039598 7.0428113564848891 2325.2173848915845 1738.2838886175305 466.66759215295315 17.893717616796494 34.555844537913799 10.835235843434932 8.1607327200472373 20.762905105948448 6.7127310894429675 14.579057730734347 33.7774817943573 27.392529683187608 15.128110844641926 3.15835290402174 3.6268887463957071 6.6148530580103388 22.289761036634445 2.6208419278264037 102.52701525390148 18.831581085920334
leaf_count=14086 41 2790 48 37 334 282 1450 54 47 54 16703 13493 3945 87 303 145 88 141 43 70 444 602 391 66 77 72 160 42 791 223
internal_value=0.000362206 0.00065423 0.00133004 0.000226063 0.0220193 0.0305293 0.0371654 -0.0140196 -0.0201205 -0.0392933 0.00128045 -0.001521 0.00545095 -0.0268376 -0.0184754 0.0210371 0.0358329 -0.0396196 -0.0273006 0.0544903 -0.0610195 -0.0360855 -0.025746 0.00115693 0.0239472 -0.0389863 0.0545752 -0.0472624 -0.0577038 -0.0467559
internal_weight=7857.79 7795.33 7452.12 7074.61 377.503 331.492 302.843 343.213 305.791 46.0102 6948.15 4156.26 2791.88 262.887 211.216 42.9037 37.4228 28.649 17.548 25.3557 51.6712 62.4572 32.4439 10.7009 7.54253 21.743 30.4505 30.0134 126.464 23.9372
internal_count=57109 55818 51587 49278 2309 1921 1732 4231 3929 388 48227 27579 20648 3624 3093 305 302 189 188 117 531 1291 647 184 118 463 248 644 1051 260
is_linear=0
shrinkage=0.05


Tree=74
num_leaves=31
num_cat=0
split_feature=30 19 5 3 5 30 6 10 14 28 9 10 10 2 10 1 29 19 6 6 10 5 28 6 9 9 1 9 29 3
split_gain=29.0796 27.9844 26.4077 59.5247 62.2255 70.9383 59.0549 76.1437 69.5476 57.4815 55.3323 49.2511 93.5991 89.1156 12.007 11.6825 11.0312 9.92027 12.5058 21.7328 9.60498 6.2424 8.23233 4.4486 2.47559 3.85764 0.672744 0.219538 0.142664 0.00774383
threshold=81.500000000000014 -0.14499999999999999 1.5000000000000002 0.27950000000000003 3.5000000000000004 46.500000000000007 37.050000000000004 2.0500000000000003 -3.4999999999999996 50.500000000000007 6.2500000000000009 4.0500000000000007 7.6500000000000012 6.5000000000000009 14.950000000000001 18.500000000000004 1.0000000180025095e-35 1.0850000000000002 70.750000000000014 74.65000000000002 11.350000000000003 7.5000000000000009 81.500000000000014 83.950000000000017 8.1500000000000004 6.7500000000000009 25.500000000000004 8.6500000000000004 7.5000000000000009 0.53100000000000014
decision_type=2 8 2 2 2 2 2 2 2 10 2 2 2 2 2 2 10 8 2 2 2 2 10 2 2 2 2 2 8 2
left_child=1 20 9 4 10 -6 7 -5 -8 11 -4 13 -13 -3 21 17 -11 18 29 -20 -1 22 24 -18 25 -2 28 -26 -17 -16
right_child=14 2 3 6 5 -7 8 -9 -10 16 -12 12 -14 -15 15 26 23 -19 19 -21 -22 -23 -24 -25 27 -27 -28 -29 -30 -31
leaf_value=0.098179833384637261 -0.043844949771167097 0.0010279630510717857 0.05466315148031782 5.7961394607356946e-05 0.085918607574636541 -0.016244243945041422 0.087737184443987967 0.049520376678530549 0.0015656916536427546 -0.0064863412422355065 -0.04138576095953652 -0.028232276508703052 0.00079704633425766716 0.092038422421623994 -0.055706301384456119 -0.066323937513426662 -0.0568428677051281 0.057752270644147535 0.081299263259962215 -0.013399446867189352 0.0272047966624414 0.011786611864605404 0.012432186073495131 -0.01579793458629021 -0.041245337138751087 0.033184798738865921 -0.032663598033655261 -0.052751924862708202 -0.053363221734475844 -0.052842661522546422
leaf_weight=8.9338569790124911 5.6632178854197255 1912.6684472505003 16.259478688240051 156.07397896796465 26.006514772772789 49.018020246177912 23.55715492926538 155.16019075363874 3881.7433252502233 15.975367508828638 192.74426086246967 460.14474305324256 700.23343402333558 27.281086049973965 3.6207485385239107 3.49848825857043 62.74915536865592 7.1011100187897673 7.921839475631713 25.757708758115768 10.219569556415079 5.8912896607071152 6.2928024157881728 7.3776949308812609 4.5481391772627822 2.2795774061232805 3.5305229630321255 46.801820510998368 5.4012338630855092 6.7842980027198792
leaf_count=41 137 14577 102 1118 124 384 150 912 24424 84 1683 4447 5579 133 56 31 696 35 61 426 68 96 81 98 125 45 49 1118 104 163
internal_value=-0.000455114 -5.19619e-05 -0.000202364 0.00226354 -0.019892 0.0191695 0.00375595 0.0247166 0.00208549 -0.00368524 -0.0339136 -0.0025661 -0.0107145 0.00230782 -0.0234523 -0.00765175 -0.0439828 0.0029072 -0.0059272 0.00887484 0.0603101 -0.0375151 -0.0419437 -0.0525247 -0.0477146 -0.0217375 -0.0511318 -0.0517328 -0.0584581 -0.0538392
internal_weight=7841.24 7706.15 7686.99 4500.56 284.028 75.0245 4216.53 311.234 3905.3 3186.43 209.004 3100.33 1160.38 1939.95 135.093 63.6159 86.1022 51.1857 44.0846 33.6795 19.1534 71.4768 65.5856 70.1269 59.2928 7.9428 12.4302 51.35 8.89972 10.405
internal_count=57147 54620 54511 28897 2293 508 26604 2030 24574 25614 1785 24736 10026 14710 2527 925 878 741 706 487 109 1602 1506 794 1425 182 184 1243 135 219
is_linear=0
shrinkage=0.05


Tree=75
num_leaves=31
num_cat=0
split_feature=7 6 9 10 6 19 1 21 6 21 19 1 8 3 6 25 10 10 10 18 0 19 30 25 24 3 5 30 2 11
split_gain=28.4427 37.8986 34.3471 48.0771 91.8075 68.4984 67.9345 74.5379 55.9047 48.0753 45.9516 44.1125 65.7548 126.752 61.1958 58.2486 66.1617 163.851 137.863 37.3744 36.6634 34.73 33.973 32.723 54.3577 21.9077 52.2256 24.2563 20.9105 17.8984
threshold=29.000000000000004 76.65000000000002 12.15 5.5000000000000009 70.050000000000011 0.15999999999999984 12.500000000000002 0.15500000000000003 26.750000000000004 0.29300000000000004 -0.010000000000000004 6.5000000000000009 7.3500000000000005 0.46900000000000003 40.45000000000001 1.0000000180025095e-35 6.4500000000000011 6.6500000000000012 4.6500000000000012 1.0000000180025095e-35 1.0000000180025095e-35 0.080000000000000057 69.500000000000014 0.12500000000000003 1.5000000000000002 0.77550000000000019 2.5000000000000004 62.500000000000007 8.5000000000000018 4.5000000000000009
decision_type=2 2 2 2 2 10 2 8 2 10 8 2 2 2 2 2 2 2 2 10 2 8 2 2 2 2 2 2 2 2
left_child=2 29 3 5 8 10 7 -6 -5 -10 -1 15 -13 20 -15 16 18 -18 -4 -7 -14 -12 25 -17 -25 26 -3 -27 -28 -2
right_child=1 22 11 4 6 19 -8 -9 9 -11 21 12 13 14 -16 23 17 -19 -20 -21 -22 -23 -24 24 -26 27 28 -29 -30 -31
leaf_value=0.10274710332251763 0.030306763379909819 -0.043231781461570751 -2.3217641066381083e-05 0.12919334180517605 0.061542004465344281 0.12824970058955673 -0.037776561119538692 0.0025284155243476113 -0.025639308444064007 -9.2913299495109115e-05 0.0050012082905871976 -0.050924806374751178 0.099445335219636069 0.080729159559162003 0.0031476905547938639 -0.056659335115829469 0.12937856804991071 0.0082678322371094026 -0.052172320133333665 0.022281913259567149 0.032143641717225051 -0.0087103008039806345 -0.040676857983984321 0.056660689853787242 -0.050375054894930507 -0.043417956425437214 0.03330832421827231 0.04309895969127122 0.10167368874862935 -0.050938299523993702
leaf_weight=10.85274128243327 7.4263668432831755 18.833416119217873 1118.4493973590434 6.3873791396617881 90.003921490162611 15.783967301249502 50.532045174390078 131.95383388362825 731.87464064918458 246.08641079813242 1166.710722591728 47.361681651324034 21.53942896425724 25.718910809606314 2174.4170577842742 74.784842118620872 30.185804456472397 373.21166758984327 142.93052908778191 17.597940295934677 334.34820659644902 764.39434576593339 41.861408073455095 20.981144443154335 27.289715813472867 27.613300666213036 37.795313529670238 11.465247619897125 15.886186487972735 77.756136188283563
leaf_count=78 69 170 6251 31 645 98 668 995 7392 1831 9781 330 128 177 13986 555 153 2144 994 88 1794 6186 624 97 399 259 214 74 71 1043
internal_value=-0.000113312 -0.0171111 0.000418775 -0.00349311 -0.011138 0.00137108 0.0145463 0.0264584 -0.018248 -0.019211 0.000150336 0.00329813 0.00745104 0.00853272 0.00405459 -0.0027492 -0.000295497 0.0173304 -0.00593238 0.0723867 0.0362169 -0.000426254 -0.00226555 -0.0359445 -0.00385149 0.0121435 0.0284066 -0.0180348 0.05354 -0.0438552
internal_weight=7862.03 238.637 7623.4 3232.18 1256.84 1975.34 272.49 221.958 984.348 977.961 1941.96 4391.22 2603.39 2556.02 2200.14 1787.83 1664.78 403.397 1261.38 33.3819 355.888 1931.11 153.455 123.056 48.2709 111.593 72.5149 39.0785 53.6815 85.1825
internal_count=57325 2524 54801 27793 11562 16231 2308 1640 9254 9223 16045 27008 16415 16085 14163 10593 9542 2297 7245 186 1922 15967 1412 1051 496 788 455 333 285 1112
is_linear=0
shrinkage=0.05


Tree=76
num_leaves=29
num_cat=0
split_feature=30 4 28 28 1 28 3 8 28 1 28 0 4 28 29 29 28 28 8 17 29 3 10 29 10 22 8 4
split_gain=29.529 26.4776 25.7465 51.3155 110.703 73.5397 51.0982 43.1293 36.6321 55.7815 75.4794 36.4878 34.0499 14.6806 14.6684 10.2875 5.60929 7.96964 7.39396 7.11035 3.76341 4.20303 2.46966 2.00147 0.0036679 0.000925756 0.000535927 2.49873e-05
threshold=82.500000000000014 3.6400000000000006 65.500000000000014 59.500000000000007 6.5000000000000009 50.500000000000007 0.69000000000000006 21.750000000000004 71.500000000000014 9.5000000000000018 73.500000000000014 3.5000000000000004 2.3850000000000002 77.500000000000014 1.0000000180025095e-35 1.0000000180025095e-35 20.500000000000004 28.500000000000004 14.850000000000001 1.0000000180025095e-35 1.0000000180025095e-35 0.77550000000000019 19.900000000000002 10.500000000000002 15.15 1.5000000000000002 11.850000000000001 0.38500000000000006
decision_type=2 2 10 10 2 10 2 2 10 2 10 2 2 10 10 10 10 10 2 10 10 2 2 10 2 2 2 2
left_child=1 2 3 5 15 11 -6 -7 12 10 -10 -1 14 -11 -4 -5 22 -18 19 23 -20 -22 24 -19 25 26 -2 -27
right_child=16 -3 8 4 6 7 -8 -9 9 13 -12 -13 -14 -15 -16 -17 17 18 20 -21 21 -23 -24 -25 -26 27 -28 -29
leaf_value=0.0020977250585453473 -0.052706316716959717 0.08199531794101142 5.1873875636344326e-05 0.0095567294575740879 0.061974910750383319 -0.038545346965230612 0.0052328569854308143 0.014117310256319232 0.098176760944345409 -0.040818274040366753 -0.042227062381508335 -0.0079161638471445701 0.062458836766119297 0.023438268055516007 -0.060733018326456369 -0.057908998567588334 0.039423983138739238 0.0075519331464821695 0.0013007684600124829 0.049280892657013686 -0.04658832967767694 -0.0059214079792610933 0.0069009291753831768 -0.052282001020335638 -0.053659958462675232 -0.051403240358676994 -0.052060901277717488 -0.051105787455612131
leaf_weight=6045.1130993310362 4.3524891212582721 9.8418988287448865 11.639990948140619 6.6889259815216056 113.13305842317641 188.58836629614234 61.107733570039272 48.97461018152535 26.13138397783041 48.318415677174926 15.105443857610224 1070.8015175014734 7.1100417152047148 10.892821811139582 67.365320611745119 36.39514996856451 5.0949712060391894 2.3044519778341037 6.5539773926138869 5.8254971336573362 35.683052564039826 7.7299629580229512 1.8947199322283257 3.5517501756548882 4.579726865515112 1.3768707811832421 12.322021463885902 1.4490902721881864
leaf_count=42374 99 42 62 35 670 1570 469 352 147 396 118 8129 46 88 596 372 44 30 47 48 793 133 39 95 94 55 351 71
internal_value=-0.000298136 3.67027e-05 -6.72796e-05 0.000384903 0.0243299 -0.000322768 0.042075 -0.0276887 -0.018417 0.00209731 0.0467455 0.000590837 -0.0423456 -0.0289973 -0.0517775 -0.0474348 -0.0283482 -0.0206761 -0.0256431 0.0101694 -0.0340157 -0.0393473 -0.0480619 -0.028737 -0.0523866 -0.0520875 -0.0522294 -0.0512507
internal_weight=7859.93 7767.21 7757.37 7570.8 217.325 7353.48 174.241 237.563 186.563 100.448 41.2368 7115.91 86.1154 59.2112 79.0053 43.0841 92.7186 66.7437 61.6487 11.6817 49.967 43.413 25.9749 5.8562 24.0802 19.5005 16.6745 2.82596
internal_count=57365 55466 55424 53971 1546 52425 1139 1922 1453 749 265 50503 704 484 658 407 1899 1190 1146 173 973 926 709 125 670 576 450 126
is_linear=0
shrinkage=0.05


Tree=77
num_leaves=31
num_cat=0
split_feature=0 4 28 28 0 1 5 3 3 28 15 30 30 10 3 14 5 0 29 28 14 10 8 4 28 15 4 28 28 29
split_gain=28.3349 68.2662 65.0422 98.0292 136.158 95.0279 70.7848 76.4382 97.4547 72.4804 66.8191 61.0734 113.311 101.014 58.4965 83.782 55.2481 51.0195 59.36 67.4124 49.9502 43.0037 87.0149 76.632 57.3589 54.2685 76.7739 54.9553 46.0439 42.7951
threshold=3.5000000000000004 1.1850000000000003 48.500000000000007 43.500000000000007 1.5000000000000002 4.5000000000000009 5.5000000000000009 0.84800000000000009 0.88200000000000012 71.500000000000014 1.5000000000000002 47.500000000000007 44.500000000000007 15.15 0.59650000000000014 1.5000000000000002 3.5000000000000004 4.5000000000000009 12.500000000000002 16.500000000000004 -1.4999999999999998 14.950000000000001 16.650000000000002 0.84500000000000008 26.500000000000004 1.5000000000000002 0.58500000000000008 46.000000000000007 42.500000000000007 3.5000000000000004
decision_type=2 2 10 10 2 2 2 2 2 10 2 2 2 2 2 2 2 2 8 10 2 2 2 2 8 2 2 8 10 10
left_child=1 2 3 11 20 -6 7 9 -9 -4 -8 12 -1 -13 15 -3 -16 18 19 -2 -5 22 -19 29 -25 26 -24 -27 -26 -23
right_child=17 14 6 4 5 -7 10 8 -10 -11 -12 13 -14 -15 16 -17 -18 21 -20 -21 -22 23 25 24 28 27 -28 -29 -30 -31
leaf_value=0.0034107973932511965 0.11455661711842467 0.070270073137703434 -0.048881978426452505 0.059269525943062853 0.11363782781347881 0.033504593170057752 0.083554255004145955 0.20270717158350804 -0.014215454727511343 0.025293230999630191 -0.065270738450866631 0.012278869007523157 -0.014155977529094532 -0.029218945833381745 -0.018482526004791142 -0.055956091914989847 0.03985168211040415 -0.054002802635684757 -0.0033024033494117319 -0.038771542659541983 -0.033715182887979804 0.0016866635606933899 0.017132933709216688 -0.045123669690521256 0.03952175105196401 -0.04764750322313438 0.15599207271974116 0.014004236561795988 0.0010161272624467639 0.11321870572020032
leaf_weight=2392.6466917265207 7.3694936484098426 98.351652096956968 221.18134755827487 17.252000223845243 46.736745692789555 177.53103842586279 27.507554233074188 7.6596192754805097 15.978816203773022 38.695667581632733 10.391066834330557 1480.9663687478751 1489.3942829240113 162.76261788234115 93.707300707697868 15.17416790127754 71.604806341230869 88.766138680279255 344.95763208158314 263.00733739882708 88.700438767671585 12.550506249070166 57.48106318898499 49.222708540037274 109.74979291297495 63.219851911067963 12.038982775062321 84.403426482342184 265.32369410060346 27.328904367983341
leaf_count=14252 30 582 1918 106 236 979 156 47 173 304 87 11659 12162 1303 1034 182 387 865 2924 1957 567 64 462 587 659 572 70 715 2103 122
internal_value=0.000171056 0.00156334 0.000471005 0.00167298 0.0281362 0.0502041 -0.0214284 -0.0300073 0.0560745 -0.0378373 0.0427493 9.15422e-05 -0.00332892 0.00816974 0.025763 0.0533983 0.00678489 -0.00631717 -0.0170512 -0.0345924 -0.0185747 0.00225979 -0.0122947 0.0118518 0.00562342 0.00475512 0.0411796 -0.0123982 0.0122832 0.0781183
internal_weight=7841.66 6456.24 6177.4 5855.99 330.22 224.268 321.414 283.515 23.6384 259.877 37.8986 5525.77 3882.04 1643.73 278.838 113.526 165.312 1385.42 615.334 270.377 105.952 770.085 305.909 464.176 424.296 217.143 69.52 147.623 375.073 39.8794
internal_count=57264 46134 43949 41264 1888 1215 2685 2442 220 2222 243 39376 26414 12962 2185 764 1421 11130 4911 1987 673 6219 2684 3535 3349 1819 532 1287 2762 186
is_linear=0
shrinkage=0.05


Tree=78
num_leaves=29
num_cat=0
split_feature=14 1 10 5 28 4 7 16 4 30 8 9 21 5 15 10 3 28 14 30 15 30 23 4 30 20 19 19
split_gain=27.3178 25.2386 82.494 149.267 75.9148 64.1746 55.8843 89.2616 57.006 49.5176 48.296 36.013 48.1489 31.3488 108.312 105.214 40.4746 93.5336 57.4222 31.8198 31.1903 4.36863 1.44976 0.376784 0.00771382 0.0151845 0.0047893 0.000287272
threshold=3.5000000000000004 2.5000000000000004 2.2500000000000004 1.5000000000000002 24.500000000000004 0.10500000000000002 7.5000000000000009 1.0000000180025095e-35 0.085000000000000006 13.500000000000002 17.950000000000003 3.7500000000000004 1.0000000180025095e-35 1.0000000180025095e-35 1.5000000000000002 17.050000000000004 0.63950000000000007 26.500000000000004 2.5000000000000004 44.500000000000007 1.0000000180025095e-35 12.500000000000002 5.5000000000000009 0.14500000000000005 68.500000000000014 1.0000000180025095e-35 0.024999999999999915 0.57500000000000018
decision_type=2 2 2 2 10 2 2 2 2 2 2 2 8 2 2 2 2 8 2 2 2 2 2 2 2 10 8 8
left_child=1 2 5 4 21 6 8 -8 -1 23 -6 -7 -13 14 15 -11 17 -15 -18 -16 -5 -4 24 -3 25 -2 -26 -28
right_child=22 9 3 20 10 11 7 -9 -10 13 -12 12 -14 16 19 -17 18 -19 -20 -21 -22 -23 -24 -25 26 -27 27 -29
leaf_value=-0.0022203458346426192 -0.054453018526042951 0.073567292566304163 -0.02280832949749674 0.0094770048154440428 -0.0070126993957806893 0.17159411026235025 0.071351444837798109 -0.024710247665658783 -0.05507635419693261 0.013038510310768936 0.11835317098881647 -0.054007927571128073 0.077561118266311693 -0.033493389565550973 0.006568013704151221 0.085508912230012141 -0.0028583567452181153 0.0056384137014197453 -0.0333507382820242 -0.048309007567259345 0.12838181243066654 -0.05169417798374331 -0.021747472555868341 0.087414737603030035 -0.055819036173739844 -0.057872680734090146 -0.053894609577298927 -0.053224833315448895
leaf_weight=581.51092187687755 6.4142901264131122 9.9621720463037509 13.876763351261614 8.1598158068954962 65.39986577630043 6.3763628751039496 60.852249786257744 40.130501430481672 55.917142067104578 525.19085102342069 8.7048489898443204 9.4732170961797237 26.146194249391556 160.97172885201871 38.09345006197691 55.36288770660758 2629.8740393985063 2972.7747988142073 164.0260249171406 86.165534256026149 17.016804113984108 230.64963554404676 3.7234611343592396 9.6911340504884702 3.5213241130113548 6.5724271237850189 2.9187517929822206 3.5458163861185348
leaf_count=4313 90 49 93 73 519 40 339 374 571 3807 53 164 183 1468 199 421 18950 19566 1563 875 94 3037 46 52 48 61 48 70
internal_value=-0.000197025 -2.36853e-05 -0.00695269 -0.0273588 -0.0366196 0.00203719 -0.00138217 0.0331766 -0.00685704 0.00114732 0.00771364 0.0621597 0.0425695 0.000912496 0.0108814 0.0199494 -0.000272834 0.00362832 -0.00464852 -0.0314856 0.0898444 -0.0500549 -0.0506893 0.0803955 -0.0553802 -0.0561837 -0.0543354 -0.0535272
internal_weight=7803.02 7776.33 1124.21 343.808 318.631 780.407 738.411 100.983 637.428 6652.11 74.1047 41.9958 35.6194 6632.46 704.813 580.554 5927.65 3133.75 2793.9 124.259 25.1766 244.526 26.6961 19.6533 22.9726 12.9867 9.98589 6.46457
internal_count=57166 56803 9853 3869 3702 5984 5597 713 4884 46950 572 387 347 46849 5302 4228 41547 21034 20513 1074 167 3130 363 101 317 151 166 118
is_linear=0
shrinkage=0.05


Tree=79
num_leaves=31
num_cat=0
split_feature=1 10 5 6 6 6 24 4 2 14 10 9 3 14 19 10 4 6 23 5 6 15 16 28 4 4 10 28 9 14
split_gain=27.0884 76.5153 116.831 97.859 62.4121 98.1818 89.0232 86.7529 63.7701 64.8077 60.8657 88.5445 69.4069 57.7908 109.101 68.5463 50.8601 47.194 44.1423 38.9957 69.6874 74.1987 61.6272 47.1326 39.7628 38.3295 100.242 142.139 116.469 82.6723
threshold=2.5000000000000004 2.2500000000000004 1.5000000000000002 19.850000000000005 35.150000000000013 33.050000000000004 2.5000000000000004 0.12500000000000003 3.5000000000000004 -1.0000000180025095e-35 4.0500000000000007 7.3500000000000005 0.24050000000000002 1.0000000180025095e-35 0.050000000000000017 0.95000000000000007 0.10500000000000002 33.650000000000013 1.0000000180025095e-35 1.0000000180025095e-35 38.150000000000013 1.0000000180025095e-35 1.0000000180025095e-35 44.500000000000007 0.015000000000000001 0.42500000000000004 8.5500000000000025 28.500000000000004 13.050000000000002 -1.0000000180025095e-35
decision_type=2 2 2 2 2 2 2 2 2 2 2 2 2 2 8 2 2 2 2 2 2 2 2 10 2 2 2 10 2 2
left_child=1 16 3 -3 5 7 8 13 9 -7 12 -12 -9 15 -15 -2 19 18 -18 20 21 -1 -22 24 -21 -6 27 28 -27 -28
right_child=4 2 -4 -5 25 6 -8 10 -10 -11 11 -13 -14 14 -16 -17 17 -19 -20 23 22 -23 -24 -25 -26 26 29 -29 -30 -31
leaf_value=0.011764637256711981 -0.00089648865200254763 0.044775361358524696 0.074092684302133643 -0.04584947005611608 -0.0049421037027927639 0.023072401963901562 -0.043888599000441453 -0.021476689415548644 0.16310142695377988 0.094923696601501628 0.084984272232026578 -0.039497012947465084 0.057695342636627567 0.10070852786088402 -0.056717963672898844 -0.047840865741388516 0.11404686395308786 -0.052937776053687415 -0.0082117893415056958 -0.036992540773313869 0.0717040984418824 -0.04311753271578786 -0.034915191670956795 0.076370168075490977 -0.0017636650193868092 -0.012983478689302939 -0.016010021642088867 -0.040070765979881663 0.11331017258407539 0.0056206119646911457
leaf_weight=240.94248504191637 222.06399518065155 33.363326236605644 26.048415288329124 277.99877511523664 3105.2277473211288 80.217991380020976 22.979685958474874 34.029997907578945 14.088478274643419 51.551311885938048 18.775889314711094 59.731598230078816 148.39920600131154 29.411204963922501 17.586466610431671 119.66213396564126 25.199760034680367 8.4917569905519468 10.442500278353689 154.81102923303843 64.715636007487774 82.730820886790752 17.143457815051079 13.569647058844565 165.96699506044388 25.072855042293668 559.55314404331148 34.443453717976809 67.136195812374353 2097.9182797186077
leaf_count=1874 1595 151 170 3558 21142 580 320 255 97 288 117 529 1024 149 126 1224 182 57 156 1230 346 563 122 80 1422 244 4128 282 366 15005
internal_value=-0.000527191 -0.00772015 -0.0276288 -0.0361388 0.000675334 0.0136125 0.0475817 0.00478434 0.0619927 0.0511824 0.0270852 -0.00972601 0.0429267 -0.0101855 0.0417997 -0.017335 0.000847793 0.0529901 0.0782274 -0.00226251 0.00816029 -0.00226323 0.0493752 -0.0149044 -0.0187655 -0.00112266 0.0031373 0.046596 0.0789693 0.0010661
internal_weight=7829.27 1121.42 337.411 311.362 6707.85 818.498 168.837 649.66 145.858 131.769 260.937 78.5075 182.429 388.724 46.9977 341.726 784.014 44.134 35.6423 739.88 405.532 323.673 81.8591 334.348 320.778 5889.35 2784.12 126.653 92.2091 2657.47
internal_count=57382 9911 3879 3709 47471 6304 1285 5019 965 868 1925 646 1279 3094 275 2819 6032 395 338 5637 2905 2437 468 2732 2652 41167 20025 892 610 19133
is_linear=0
shrinkage=0.05


Tree=80
num_leaves=31
num_cat=0
split_feature=8 21 28 29 15 28 28 8 6 9 15 3 13 1 1 5 10 6 4 28 10 10 15 10 4 0 0 18 3 9
split_gain=25.6681 66.6114 66.791 80.1407 115.138 111.481 72.9567 50.5025 79.5516 100.511 88.2841 48.6826 76.9847 47.6377 47.5307 61.4134 80.4693 89.2078 73.4084 50.8148 172.287 130.207 58.9488 54.485 156.611 100.829 49.1374 45.9759 42.3405 38.7552
threshold=25.550000000000001 0.38750000000000007 38.500000000000007 13.500000000000002 1.5000000000000002 44.500000000000007 44.500000000000007 22.250000000000004 55.050000000000004 13.900000000000002 1.0000000180025095e-35 0.87100000000000011 1.0000000180025095e-35 7.5000000000000009 2.5000000000000004 1.5000000000000002 2.2500000000000004 19.850000000000005 0.13500000000000004 30.500000000000004 10.350000000000003 11.350000000000003 1.0000000180025095e-35 9.1000000000000014 0.43500000000000005 2.5000000000000004 1.5000000000000002 1.0000000180025095e-35 0.76700000000000013 7.4500000000000011
decision_type=2 10 8 10 2 10 10 2 2 2 2 2 2 2 2 2 2 2 2 10 2 2 2 2 2 2 2 8 2 2
left_child=7 2 -2 4 5 -4 -5 14 9 29 13 12 -3 -11 15 16 26 -18 27 23 22 -22 -21 24 -16 -25 -1 -17 -14 -9
right_child=1 11 3 6 -6 -7 -8 8 -10 10 -12 -13 28 -15 19 18 17 -19 -20 20 21 -23 -24 25 -26 -27 -28 -29 -30 -31
leaf_value=-0.0087755160002323616 -0.040677843214177972 -0.043017127354509493 0.0050034821279517959 0.095450212503288612 -0.050957194458324667 0.094067085017757457 -0.046197597743548577 0.045200031165565729 -0.038824324409131916 0.035444611998820916 0.09904746177881707 0.089787167649634056 0.02640293430069723 -0.069368337086759255 0.0072732311683496274 -0.035142461086976266 0.041784257259526156 -0.045028571170203285 0.080984799709609256 0.022865016440727689 0.073406451530471567 0.0033129181677791666 -0.028157530649716846 -0.013255304681145778 0.066013247721858778 0.013948778280160092 0.037202104935569531 0.033772746552853471 0.12536016296444882 -0.038020087257999109
leaf_weight=458.50700699537992 76.985070459544659 29.10044626891613 354.89361099898815 43.876258186995983 83.061659652739763 38.995814194902778 11.466032966971396 16.339246217161417 211.1947743203491 31.046076357364655 40.769007235765457 38.893872112035751 31.877480391412973 16.657227948307991 2339.3981960061938 49.330340057611465 33.282176807522774 266.89780126698315 37.598428845405579 62.00987702421844 70.710179265588522 1051.5966143719852 650.03827073890716 838.2304927604273 119.2578963637352 573.74497046787292 66.545082747936249 47.509497668594122 16.355324424803257 97.294374030083418
leaf_count=3721 685 185 2339 223 714 200 128 138 1615 150 188 194 197 87 15921 452 151 3554 222 444 405 8115 4954 6041 796 3806 470 282 81 811
internal_value=0.000512871 0.00946976 0.00285263 0.0091484 0.00253975 0.013821 0.0661031 -0.000405229 -0.0173653 0.0050587 0.0450197 0.0441577 0.0212088 -0.00115439 0.000646532 -0.00964866 -0.0147539 -0.0354033 0.021689 0.00237835 -0.00447633 0.00772911 -0.0237141 0.00562689 0.0101224 -0.00220114 -0.00294831 -0.00133275 0.0599585 -0.026054
internal_weight=7803.46 725.506 609.278 532.293 476.951 393.889 55.3423 7077.96 413.301 202.106 88.4723 116.227 77.3333 47.7033 6664.66 959.67 825.232 300.18 134.438 5704.99 1834.35 1122.31 712.048 3870.63 2458.66 1411.98 525.052 96.8398 48.2328 113.634
internal_count=57269 4946 4289 3604 3253 2539 351 52323 2989 1374 425 657 463 237 49334 8852 7896 3705 956 40482 13918 8520 5398 26564 16717 9847 4191 734 278 949
is_linear=0
shrinkage=0.05


Tree=81
num_leaves=31
num_cat=0
split_feature=14 30 3 8 28 14 27 28 4 28 2 28 28 21 6 4 3 5 4 30 23 30 21 2 13 6 19 29 29 23
split_gain=26.5343 49.5081 60.9066 71.5512 57.2129 25.6965 23.693 22.7436 57.2592 47.8846 113.311 73.4509 38.0018 22.0949 54.5481 21.217 26.2503 12.0129 24.2949 9.53864 3.06497 2.09675 1.66958 0.317326 0.11453 0.0307675 0.0189672 0.0141782 0.0112774 0.0109972
threshold=-2.4999999999999996 59.500000000000007 0.69600000000000006 17.950000000000003 77.500000000000014 3.5000000000000004 82.550000000000011 65.500000000000014 2.6650000000000005 59.500000000000007 5.5000000000000009 50.500000000000007 71.500000000000014 0.35400000000000004 26.750000000000004 0.36500000000000005 0.59650000000000014 1.0000000180025095e-35 0.055000000000000007 64.500000000000014 5.5000000000000009 57.500000000000007 0.21100000000000005 6.5000000000000009 1.0000000180025095e-35 74.050000000000011 -0.020000000000000007 50.500000000000007 1.5000000000000002 13.500000000000002
decision_type=2 2 2 2 8 2 2 10 2 10 2 10 10 8 2 2 2 2 2 2 2 2 10 2 2 2 10 10 8 2
left_child=1 15 3 13 27 6 7 9 12 11 -11 -2 -9 14 -3 17 -17 18 -1 -6 28 23 -10 -19 -15 26 -4 -5 -7 -8
right_child=5 2 25 4 19 20 29 8 22 10 -12 -13 -14 24 -16 16 -18 21 -20 -21 -22 -23 -24 -25 -26 -27 -28 -29 -30 -31
leaf_value=0.044518903620833869 0.0013645056304752807 0.15292086144524578 -0.057793344465336606 -0.058388954667631644 0.051956034679345814 -0.057408209223918372 -0.052630721286446219 -0.048748484306093146 0.050493868934897185 -0.018333952921983816 0.055357582989559742 -0.028019753635838987 -0.0043811932407516706 -0.058824519753079334 -0.015789062326170458 -0.04644411346619446 0.11539201911685185 -0.056122339479684841 -0.05747662628352275 0.10992836983488133 -0.0056047279989185532 -0.029845982407826811 0.079205395192203765 -0.06362846028072898 -0.051377893786913577 -0.057270030666232097 -0.053392665611232876 -0.054028039346903395 -0.054646029993816507 -0.054982595569886196
leaf_weight=9.9379730299115199 6838.0374463703483 5.6275840997695914 2.9786205962300292 3.7446641363203517 9.4763762876391393 4.6135150864720407 9.3821752518415469 84.830999379977584 10.173286095261576 89.85691356472671 124.35967073775828 219.49737890064716 111.96383440867066 10.009965466335416 32.23438105545938 5.3417145013809186 4.7194542102515697 56.868161680176854 14.153011552989481 28.242088753730059 3.5995740778744212 7.2580552920699111 10.080420874059199 18.713919654488564 10.664556313306093 15.450946714729069 13.758312530815603 3.7107758224010468 18.56581783760339 10.570260696113108
leaf_count=68 48565 26 30 46 63 52 208 811 51 827 762 1894 1005 98 316 78 47 726 135 173 40 64 49 112 157 155 265 55 278 144
internal_value=-0.000172519 -0.0161034 0.00442306 0.023071 0.0703466 0.000362117 0.000536483 0.000681456 -0.0152676 0.00115751 0.0244464 0.000450622 -0.0235063 -0.0134127 0.00928701 -0.0399469 0.0294694 -0.0464783 -0.0154016 0.0953634 -0.0485299 -0.0555158 0.0647838 -0.0579808 -0.0549833 -0.0556611 -0.0541758 -0.0562184 -0.0551958 -0.0538767
internal_weight=7788.42 252.891 135.898 103.71 45.1739 7535.53 7508.75 7488.8 217.049 7271.75 214.217 7057.53 196.795 58.5365 37.862 116.992 10.0612 106.931 24.091 37.7185 26.7789 82.8401 20.2537 75.5821 20.6745 32.1879 16.7369 7.45544 23.1793 19.9524
internal_count=57300 2614 1384 934 337 54686 54316 53964 1916 52048 1589 50459 1816 597 342 1230 125 1105 203 236 370 902 100 838 255 450 295 101 330 352
is_linear=0
shrinkage=0.05


Tree=82
num_leaves=31
num_cat=0
split_feature=30 26 23 25 23 27 14 21 8 29 16 8 8 1 28 19 28 14 29 8 17 19 29 14 7 29 5 0 25 18
split_gain=33.0442 24.1262 80.8343 49.5003 31.8727 27.8508 25.2139 24.4754 55.5322 45.7146 22.9485 22.671 21.0685 28.033 19.954 17.8459 6.34053 4.81364 10.9703 6.0999 6.8766 4.80526 4.59112 3.85307 1.9682 0.922322 0.309129 0.134436 0.104884 0.0116259
threshold=82.500000000000014 3.5000000000000004 6.5000000000000009 0.97500000000000009 14.500000000000002 80.200000000000003 3.5000000000000004 0.29300000000000004 25.550000000000001 14.500000000000002 1.5000000000000002 7.3500000000000005 21.750000000000004 11.500000000000002 46.000000000000007 -0.010000000000000004 27.500000000000004 1.0000000180025095e-35 1.5000000000000002 14.850000000000001 1.0000000180025095e-35 1.0000000180025095e-35 1.0000000180025095e-35 1.5000000000000002 11.000000000000002 2.5000000000000004 3.5000000000000004 6.5000000000000009 0.67500000000000016 1.0000000180025095e-35
decision_type=2 2 2 2 2 2 2 10 2 8 2 2 2 2 8 8 8 2 8 2 10 8 10 2 2 8 2 2 2 8
left_child=1 2 6 11 15 29 7 9 -9 -1 -7 -3 22 -14 -4 -5 -2 18 -18 20 -19 23 -13 -21 -23 -16 -17 -20 -27 -6
right_child=16 3 14 4 5 10 -8 8 -10 -11 -12 12 13 -15 25 26 17 19 27 21 -22 24 -24 -25 -26 28 -28 -29 -30 -31
leaf_value=-0.0099455126851574465 0.015626284859681438 -0.039840462145058944 0.032884992572476089 0.055986143413263148 -0.052916821470812329 -0.055089410144388756 -0.054726501754708147 0.0032899522907177733 0.036810167173732693 0.0013143280741970134 0.045184238586476522 0.07102366673202512 -0.070365589132015238 0.046136887830366652 -0.022894091620949127 -0.052761043896656784 0.069582361035192816 -0.030754123318702215 -0.05231452205800588 -0.053420648152813999 0.059646690146637739 -0.0063707384231167273 0.034536355708976126 0.011074377109261299 -0.053341893268050847 -0.056100302506984903 -0.038532812207694493 -0.040811075353929943 -0.052535297671169129 -0.056502704535553498
leaf_weight=1120.2574504353106 6.9253660626709452 7.5662737376987925 7.2847434878349295 4.3357209265232086 8.4360445067286474 6.5522361136972895 20.609678859822452 1503.5609376113862 134.62094435095787 4614.6512184794992 44.170977106317878 54.438904173672199 7.4182965829968479 16.987239003181458 2.4180698283016673 33.357412977144122 1.9603732731193293 4.0601320732384902 37.607644931413233 3.1848614271730211 4.3654479943215847 2.5705913845449713 10.243596836924551 8.4862371496856195 16.842809982597828 39.156390024349093 4.3108302354812613 2.7237475402653208 43.608713930472732 3.0876596271991721
leaf_count=7589 94 64 64 26 176 86 313 9108 759 33711 293 314 154 131 19 771 23 74 1070 64 31 36 74 127 367 535 32 33 1103 31
internal_value=2.7792e-05 0.000377973 -8.09071e-05 0.0174769 -0.00642044 0.01629 0.000500128 0.000654501 0.00604454 -0.00088517 0.0322313 0.0432524 0.0503095 0.0107248 -0.0465403 -0.0400757 -0.0303109 -0.0342 -0.0459233 -0.0216513 0.0160842 -0.0318796 0.0652453 -0.00652531 -0.0471223 -0.0533326 -0.0511327 -0.0515376 -0.0542219 -0.0538776
internal_weight=7775.8 7687.07 7486.17 200.905 104.251 62.2469 7393.7 7373.09 1638.18 5734.91 50.7232 96.6543 89.088 24.4055 92.4679 42.004 88.7272 81.8018 42.2918 39.5101 8.42558 31.0845 64.6825 11.6711 19.4134 85.1832 37.6682 40.3314 82.7651 11.5237
internal_count=57272 55353 53201 2152 1415 586 51480 51167 9867 41300 379 737 673 285 1721 829 1919 1825 1126 699 105 594 388 191 403 1657 803 1103 1638 207
is_linear=0
shrinkage=0.05


Tree=83
num_leaves=30
num_cat=0
split_feature=10 10 30 29 4 4 14 3 4 29 20 13 4 19 3 4 5 30 29 19 4 28 17 3 28 3 4 4 30
split_gain=28.469 42.6467 29.6007 29.41 26.7634 55.7477 55.7887 53.7619 48.3523 32.9619 20.47 15.9977 28.3107 20.9915 18.3443 15.7479 46.1736 13.1754 9.51955 9.1233 6.81307 3.69879 6.50513 1.04949 0.665272 1.44628 0.149924 0.149095 0.0159409
threshold=18.900000000000002 18.300000000000001 83.500000000000014 1.5000000000000002 1.1250000000000002 1.2650000000000003 1.5000000000000002 0.59200000000000008 1.0850000000000002 49.500000000000007 7.5000000000000009 1.0000000180025095e-35 2.1250000000000004 0.65500000000000014 0.7945000000000001 1.0250000000000001 1.5000000000000002 44.500000000000007 7.5000000000000009 0.044999999999999936 2.0250000000000004 46.000000000000007 1.0000000180025095e-35 0.52500000000000013 72.500000000000014 0.68600000000000005 1.0550000000000004 1.7250000000000003 43.500000000000007
decision_type=2 2 2 10 2 2 2 2 2 10 8 2 2 10 2 2 2 2 8 8 2 8 10 2 8 2 2 2 2
left_child=1 2 4 11 8 6 -6 -7 9 -1 15 14 13 20 -2 16 28 19 -10 -17 -13 22 23 -4 25 -23 -19 -26 -5
right_child=3 -3 21 10 5 7 -8 -9 18 -11 -12 12 -14 -15 -16 17 -18 26 -20 -21 -22 24 -24 -25 27 -27 -28 -29 -30
leaf_value=-0.00049153286911927268 0.073237708875467072 0.075523995173245762 -0.011569241868453491 -0.057531385969063681 0.054231075381456689 0.028082216687335539 -0.032772173191628631 -0.0080647971083792173 0.00065079106733533431 0.044055204369127257 0.072661329319142806 -0.054299077201755447 0.067222118248395871 0.056295984151140982 -0.013636849673050075 -0.055468991691660023 0.078229959656592421 -0.044837007201705456 -0.060179899506022372 0.010960297960313677 0.0034342883394814839 -0.051912199898533608 0.047349752803929147 -0.052793308535304243 -0.050155810572395182 -0.0095067361099777682 -0.053242421339460916 -0.059627546045236859 -0.054297096183520126
leaf_weight=6762.5394908543676 15.537044428288938 18.782787930220366 2.2493964079767448 6.518777213990691 107.84423731639981 145.81669548526406 22.221996396780014 349.22255952097476 7.6464779470115891 41.782572150230408 4.5494765788316718 27.502850557677448 9.6936867982149106 6.2326012626290312 9.9794847518205625 7.6367798950523138 10.928644545376299 5.6822567675262681 40.476003177464008 15.992120802402498 6.2762335091829291 5.3517069928348047 3.0462500937283039 4.9225306529551744 21.092986116185788 3.2208026573061943 79.927286211401224 5.1738626789301625 9.1674356870353204
leaf_count=48293 79 95 41 58 485 843 191 2579 57 379 22 362 47 34 86 115 91 100 292 97 34 168 36 120 619 83 1611 60 138
internal_value=-0.00023551 0.000276682 8.88012e-05 -0.0181492 0.000332269 0.0102362 0.0393664 0.00258252 -0.000571203 -0.000217989 -0.0316654 0.00707885 -0.00944213 -0.0280157 0.0392612 -0.0351591 -0.000670753 -0.0435618 -0.0505141 -0.0105094 -0.0435721 -0.040316 -0.0138637 -0.0398638 -0.0480743 -0.0359799 -0.0526845 -0.0520215 -0.0556412
internal_weight=7757.02 7541.39 7522.61 215.625 7477.55 625.105 130.066 495.039 6852.44 6804.32 140.403 75.2219 49.7054 40.0117 25.5165 135.853 26.6149 109.238 48.1225 23.6289 33.7791 45.0575 10.2182 7.17193 34.8394 8.57251 85.6095 26.2668 15.6862
internal_count=57215 54341 54246 2874 53119 4098 676 3422 49021 48672 2232 642 477 430 165 2210 287 1923 349 212 396 1127 197 161 930 251 1711 679 196
is_linear=0
shrinkage=0.05


Tree=84
num_leaves=31
num_cat=0
split_feature=30 8 5 15 28 6 9 13 4 15 28 29 6 6 1 1 2 2 8 30 22 30 4 3 4 30 8 5 8 28
split_gain=24.1727 42.4836 62.9708 39.5456 44.2622 36.6392 38.3423 43.6652 41.5332 35.9409 68.561 41.4069 37.4212 101.028 74.6183 94.5395 72.5507 76.4958 94.9554 72.9012 68.1746 65.5435 54.8739 100.478 75.3817 39.9737 34.3211 42.4738 36.0024 31.0045
threshold=71.500000000000014 20.700000000000006 6.5000000000000009 1.5000000000000002 26.500000000000004 28.650000000000002 8.0500000000000025 1.0000000180025095e-35 0.20500000000000004 2.5000000000000004 47.500000000000007 19.500000000000004 53.050000000000004 55.650000000000013 9.5000000000000018 6.5000000000000009 4.5000000000000009 3.5000000000000004 15.950000000000001 48.500000000000007 1.0000000180025095e-35 64.500000000000014 0.42500000000000004 0.71000000000000008 0.54500000000000015 51.500000000000007 20.550000000000004 4.5000000000000009 19.800000000000004 64.500000000000014
decision_type=2 2 2 2 10 2 2 2 2 2 8 10 2 2 2 2 2 2 2 2 2 2 2 2 2 2 2 2 2 8
left_child=9 5 -3 4 -4 -2 7 -7 -8 12 11 -11 16 14 15 -14 17 19 -19 -1 21 -18 23 -15 -24 -16 27 -12 -29 -10
right_child=1 2 3 -5 -6 6 8 -9 29 10 26 -13 13 22 25 -17 20 18 -20 -21 -22 -23 24 -25 -26 -27 -28 28 -30 -31
leaf_value=-0.0061735455435027635 -0.045529569637526655 -0.037927754207933956 -0.020166337771897736 -0.026450756951700523 0.10178005309472692 0.068411074587498788 -0.031988164673995921 -0.054617405776203734 0.021506549005109385 -0.049068629079998913 0.058373823318644172 0.0035422151065195653 0.04295530684786298 -0.018621084259074945 0.1038421260553359 -0.021383232770897126 -0.039426806510829387 -0.041636344829159982 0.038611265470910906 0.013462498441982829 0.084429964910648428 0.033329843093087404 0.039811181587024694 0.010692934126018201 0.0049219907958144675 -0.0017052153715214433 -0.017036191831671651 -0.044990010844943855 0.075667533110499285 -0.0054980103941716235
leaf_weight=2251.3287027124316 42.813991596922278 202.70202547777444 11.616398405283688 24.325841728597879 20.702142106369138 38.637757152318954 92.112967388704419 8.8673236295580846 172.49415861256421 139.00077180564404 53.436410553753376 51.165681168437004 167.06475096009672 653.34130337648094 47.107854373753071 86.741941325366497 252.15322073549032 43.948863141238689 228.65140190161765 598.2945594470948 13.510798422619699 35.28628171235323 173.48655213043094 529.0137251149863 1438.8042542003095 11.080598711967466 65.723443429917097 24.170955903828144 8.3073497265577299 276.93542055040598
leaf_count=17101 566 2419 107 256 102 289 1026 151 1677 1385 270 403 1017 4300 208 485 1618 339 1424 4939 63 203 955 3264 9445 56 494 182 35 2587
internal_value=-0.000116402 -0.00786392 -0.0249036 0.0217033 0.0579483 -0.000870011 0.002376 0.0454465 -0.00140223 0.000888405 -0.0149167 -0.0349133 0.00171572 0.00568899 0.0326748 0.0209667 -0.00189014 0.000369771 0.0256737 -0.00205085 -0.0253357 -0.0304951 0.00267629 -0.0055053 0.00867616 0.0837432 0.0101607 0.030966 -0.014128 0.00486652
internal_weight=7762.83 891.208 259.346 56.6444 32.3185 631.862 589.048 47.5051 541.543 6871.62 341.805 190.166 6529.81 3106.64 311.995 253.807 3423.17 3122.22 272.6 2849.62 300.95 287.44 2794.65 1182.36 1612.29 58.1885 151.638 85.9147 32.4783 449.43
internal_count=57366 9180 2884 465 209 6296 5730 440 5290 48186 2769 1788 45417 19730 1766 1502 25687 23803 1763 22040 1884 1821 17964 7564 10400 264 981 487 217 4264
is_linear=0
shrinkage=0.05


Tree=85
num_leaves=29
num_cat=0
split_feature=30 15 14 6 7 14 15 21 30 19 8 3 30 3 5 8 17 29 6 29 3 4 15 19 7 4 5 7
split_gain=24.5504 26.7095 23.7055 24.3135 26.4558 41.407 29.2902 16.8141 17.7249 6.704 3.89162 10.0446 1.96566 3.19076 3.89461 2.3469 1.64821 0.36119 0.34679 0.355773 0.0063325 0.00563762 0.00505366 0.00378713 0.00177692 0.00170944 0.00166599 0.000406792
threshold=83.500000000000014 4.5000000000000009 3.5000000000000004 95.15000000000002 29.000000000000004 1.5000000000000002 2.5000000000000004 0.41450000000000004 60.500000000000007 0.54500000000000015 14.850000000000001 0.48700000000000004 84.500000000000014 0.68600000000000005 6.5000000000000009 20.700000000000006 1.0000000180025095e-35 47.500000000000007 96.050000000000011 1.0000000180025095e-35 0.56800000000000006 1.9750000000000003 1.5000000000000002 0.15000000000000011 26.500000000000004 1.3950000000000002 2.5000000000000004 16.000000000000004
decision_type=2 2 2 2 2 2 2 10 2 10 2 2 2 2 2 2 8 10 2 8 2 2 2 10 2 2 2 2
left_child=1 2 3 4 6 -6 -1 8 -5 -9 11 16 13 17 15 -15 22 25 19 -14 24 -21 27 26 -4 -12 -22 -2
right_child=10 -3 20 7 5 -7 -8 9 -10 -11 12 -13 18 14 -16 -17 -18 -19 -20 21 23 -23 -24 -25 -26 -27 -28 -29
leaf_value=0.0010776873334294272 -0.051642068476977124 0.08829640122744592 -0.054793316639513083 0.037369390617243071 -0.040565903769109145 0.0045298906262006946 -0.014113002544408183 0.076530479169459709 -0.0081424629689012956 0.024480211520212659 -0.051946901144201842 0.058155767041554875 -0.073412976329356935 0.013095596341391409 0.035217686480201016 -0.052195005198146738 -0.0017787734681902472 -0.028734593137715092 -0.03493952631637489 -0.051936453846006314 -0.052618082805072276 -0.055048660884641401 -0.055152471312821444 -0.055237304088089578 -0.056227392863450347 -0.053391690997594658 -0.054105817879504026 -0.052635370586517044
leaf_weight=7011.3100788136944 2.5047203358262768 8.5940233170986158 4.5535019710659999 39.144069615751505 101.18957847356796 102.42916035093367 332.36990128085017 17.189592890441421 47.175978906452656 9.6642865985631925 6.6638550786301511 3.8139974288642398 2.2932756878435674 1.9928777795284967 3.2386546805500984 4.4490628503262997 2.1076612826436749 1.9387901052832592 2.4412492699921122 13.435072166845201 5.442817807197569 1.6318639498203982 1.8993602991104124 2.8757012560963622 4.1094427332282066 2.9552325736731291 2.8761115940287709 1.7515270002186296
leaf_count=49898 88 43 58 254 1422 816 2783 93 353 48 213 45 15 38 39 137 34 40 43 441 124 31 37 38 52 58 48 48
internal_value=-3.46976e-05 0.000199324 0.000100746 0.000242176 -0.000102764 -0.0178807 0.000390167 0.0232454 0.0124961 0.0577984 -0.0339103 -0.00896219 -0.041252 -0.030686 -0.00951006 -0.0319967 -0.0399412 -0.0484225 -0.0525847 -0.055066 -0.0544586 -0.0522735 -0.0530079 -0.0536731 -0.0554736 -0.0523908 -0.0531324 -0.0520508
internal_weight=7742.04 7688.92 7680.33 7660.47 7547.3 203.619 7343.68 113.174 86.32 26.8539 53.1172 12.0773 41.0399 21.2385 9.6806 6.44194 8.26327 11.5579 19.8015 17.3602 19.8576 15.0669 6.15561 11.1946 8.66294 9.61909 8.31893 4.25625
internal_count=57337 56030 55987 55667 54919 2238 52681 748 607 141 1307 252 1055 525 214 175 207 311 530 487 320 472 173 210 110 271 172 136
is_linear=0
shrinkage=0.05


Tree=86
num_leaves=31
num_cat=0
split_feature=26 27 25 2 13 22 1 15 2 26 0 25 0 14 26 8 22 29 5 9 17 26 19 19 27 27 4 8 27 25
split_gain=28.5724 78.3606 41.7323 31.7266 38.0698 28.2433 75.6308 56.2873 42.7253 30.3996 29.0332 63.8111 53.1467 25.139 27.6167 18.6721 19.3972 14.4577 18.289 12.6904 11.2708 10.347 9.63817 20.5419 5.91584 22.5102 4.55501 3.10348 0.397338 0.16837
threshold=3.5000000000000004 53.150000000000013 0.97500000000000009 2.5000000000000004 1.0000000180025095e-35 1.5000000000000002 6.5000000000000009 1.0000000180025095e-35 6.5000000000000009 1.5000000000000002 3.5000000000000004 0.19500000000000003 4.5000000000000009 -1.4999999999999998 7.5000000000000009 7.3500000000000005 3.5000000000000004 inf 5.5000000000000009 6.3500000000000005 1.0000000180025095e-35 1.5000000000000002 0.029999999999999864 0.030000000000000013 63.95000000000001 64.050000000000011 0.38500000000000006 17.950000000000003 54.70000000000001 0.39500000000000007
decision_type=2 2 2 2 2 2 2 2 2 2 2 2 2 2 2 2 2 8 2 2 8 2 10 8 2 2 2 2 2 2
left_child=1 5 15 4 13 9 -7 21 -9 10 11 -1 -12 19 -15 -2 17 18 -17 -4 -11 -8 28 -24 -25 -26 -19 -18 29 -3
right_child=2 22 3 -5 -6 6 7 8 -10 20 12 -13 -14 14 -16 16 27 26 -20 -21 -22 -23 23 24 25 -27 -28 -29 -30 -31
leaf_value=0.00051281681237700988 -0.033369427881864588 -0.068563156780365869 0.09505173303358469 -0.053295903495842373 -0.053171054630886366 -0.056094975018625697 0.070324688057738977 -0.058544709996521255 0.037807641345929323 -0.055900023591914774 -0.018169883953153582 0.044673991298699353 0.0025005664648151279 -0.056434602976199615 0.047462012111407915 -0.045126129591900183 0.012774748976046944 0.060316031845135246 0.047834478759098104 0.034195897887956225 -0.0017244103268497233 0.13467450028667052 0.093429501878175225 -0.056157146941571229 0.10755770774739873 -0.052833318112772712 0.091582425719085425 -0.052810311433350646 -0.05358792567590917 -0.057646718560883492
leaf_weight=5923.8056235229596 7.7012915834784499 6.9366459287703019 13.271112501621245 24.720651127398014 17.798162056133151 24.468294005841017 11.146318823099136 13.974758572876452 65.111304141581059 33.873862400650978 589.13430992979556 82.945679064840078 658.60699254367501 13.842138970270753 11.889957167208195 6.7741728797554996 2.8829793483018866 35.830117374658585 24.16416634619236 24.166374795138836 13.397358156740664 14.211669743061066 3.4407829158008099 15.611294111236935 3.0328276045620424 7.8489795411005616 17.259895980358124 4.8185134902596474 54.02164867054671 7.1968832425773144
leaf_count=41146 67 39 54 546 405 324 60 138 390 454 4777 424 5374 239 105 73 14 243 178 139 95 61 31 252 18 189 75 126 1258 88
internal_value=-0.000254292 -0.000755925 0.0181578 -0.00371732 0.0114198 -0.00016985 0.0230298 0.0415664 0.0207819 -0.000579438 -0.000319012 0.00112263 -0.00725921 0.0296183 -0.00842739 0.0414095 0.0476877 0.0546485 0.0274801 0.0557685 -0.0405459 0.106389 -0.0451537 -0.021504 -0.036431 -0.00813134 0.0704809 -0.0282592 -0.0555407 -0.0630044
internal_weight=7733.88 7528.77 205.12 105.688 80.9677 7430.68 128.912 104.444 79.0861 7301.76 7254.49 6006.75 1247.74 63.1696 25.7321 99.4311 91.7298 84.0284 30.9383 37.4375 47.2712 25.358 98.0891 29.9339 26.4931 10.8818 53.09 7.70149 68.1552 14.1335
internal_count=57382 55118 2264 1488 942 53243 973 649 528 52270 51721 41570 10151 537 344 776 709 569 251 193 549 121 1875 490 459 207 318 140 1385 127
is_linear=0
shrinkage=0.05


Tree=87
num_leaves=31
num_cat=0
split_feature=9 3 29 16 6 19 4 10 1 19 1 13 18 6 6 6 4 3 14 29 10 19 2 2 16 27 7 4 29 21
split_gain=28.7957 41.6317 93.9247 60.7085 51.0802 49.8474 48.4454 104.547 43.2727 38.643 38.313 35.8082 41.4664 32.1882 92.9358 57.5977 54.6783 79.683 50.345 48.1218 86.5827 66.3839 47.8889 42.5662 41.4535 35.9088 25.6923 22.9481 35.6564 22.8924
threshold=9.7500000000000018 0.48700000000000004 14.500000000000002 1.0000000180025095e-35 32.350000000000001 0.15999999999999984 0.16500000000000004 3.1500000000000008 3.5000000000000004 0.19999999999999996 1.5000000000000002 1.0000000180025095e-35 1.0000000180025095e-35 41.650000000000013 42.250000000000007 41.350000000000001 0.31500000000000006 0.32250000000000006 -3.4999999999999996 1.0000000180025095e-35 5.3000000000000016 -1.0000000180025095e-35 1.5000000000000002 3.5000000000000004 1.0000000180025095e-35 60.650000000000013 11.000000000000002 0.045000000000000005 19.500000000000004 0.35400000000000004
decision_type=2 2 10 2 2 10 2 2 2 10 2 2 10 2 2 2 2 2 2 10 2 10 2 2 2 2 2 2 10 8
left_child=1 2 3 11 -5 6 7 10 -6 -7 -3 12 -1 15 -15 16 19 -18 -16 20 -2 -21 26 -17 -19 -24 -20 28 -4 -13
right_child=13 5 27 4 8 9 -8 -9 -10 -11 -12 29 -14 14 18 23 17 24 22 21 -22 -23 25 -25 -26 -27 -28 -29 -30 -31
leaf_value=0.056938053642148836 0.012082576708365109 0.0071228529105604958 -0.06813438160167766 -0.026036025794272361 0.054931041354545254 0.13884277990720639 -0.032163168544941577 0.10348506542450533 -0.057223746522742737 0.017396177548087373 -0.01875615237578155 -0.048056504135450533 -0.057955199025287618 -0.044823248237044984 0.07175889501330858 -0.0040904292027037293 0.06633645531950387 0.019226735726406142 -0.0029898779457757318 -0.055421790533015894 0.095278464971227564 0.013709341526078615 0.0010810006706204753 0.12305841105221133 -0.059597885525123712 -0.041242990265002277 -0.05674288869944677 0.082170844711168839 0.063992959541044489 0.02970144586105667
leaf_weight=73.716222543269396 795.59264174103737 204.39148516021669 7.6152175217866924 232.52336769737303 38.490527801215649 8.1630221232771856 282.24111549556255 20.54853380471468 11.075005911290644 33.147143622860312 476.29067725874484 21.456600092351437 8.7896012887358648 116.70063185505569 24.537285728380084 10.151939027011396 19.946474716067314 21.108300171792507 36.687034256756306 61.209084751084447 32.552419491112232 80.260944895446301 4820.2088657068089 18.720165565609932 79.491983799263835 50.641545300371945 56.411476399749517 43.262152470648289 15.497473657131193 16.937185660004616
leaf_count=532 4895 1716 51 2196 242 51 3813 119 154 278 4858 208 87 747 175 60 99 120 218 417 252 488 32791 89 656 976 540 212 107 135
internal_value=-0.000529574 -0.00676286 0.00556952 -0.00350786 -0.0162127 -0.0124112 -0.0146713 -0.00763096 0.029871 0.0413944 -0.0109853 0.0261356 0.0446981 0.000966747 -0.00071667 0.00864672 0.00680067 -0.0249574 0.00031516 0.010749 0.0153528 -0.0162013 -3.79939e-05 0.0783506 -0.0430586 0.000640964 -0.0355606 0.060682 0.0204594 -0.0137541
internal_weight=7718.37 1494.15 469.363 402.989 282.089 1024.78 983.472 701.231 49.5655 41.3102 680.682 120.9 82.5058 6224.22 5105.19 1119.03 1090.16 120.547 4988.49 969.615 828.145 141.47 4963.95 28.8721 100.6 4870.85 93.0985 66.3748 23.1127 38.3938
internal_count=57282 14759 3924 3554 2592 10835 10506 6693 396 329 6574 962 619 42523 35447 7076 6927 875 34700 6052 5147 905 34525 149 776 33767 758 370 158 343
is_linear=0
shrinkage=0.05


Tree=88
num_leaves=31
num_cat=0
split_feature=14 1 28 2 28 7 5 19 28 15 15 15 28 1 28 9 14 25 3 7 14 30 19 14 28 5 23 0 30 5
split_gain=22.7491 22.8031 77.7602 157.1 75.8687 64.2668 63.8809 60.7843 60.3695 58.0744 54.2704 54.1324 53.8189 53.7672 53.3545 52.7012 48.051 78.8809 66.845 45.4314 38.6087 35.1544 34.8454 77.9548 32.6277 24.677 1.32214 0.00636849 0.0123075 0.00240079
threshold=3.5000000000000004 10.500000000000002 26.500000000000004 7.5000000000000009 46.000000000000007 26.500000000000004 5.5000000000000009 0.3050000000000001 41.500000000000007 2.5000000000000004 1.0000000180025095e-35 1.5000000000000002 63.500000000000007 7.5000000000000009 62.500000000000007 13.900000000000002 1.0000000180025095e-35 0.16500000000000004 0.77550000000000019 32.500000000000007 -3.4999999999999996 49.500000000000007 0.115 -1.0000000180025095e-35 72.500000000000014 3.5000000000000004 5.5000000000000009 5.5000000000000009 68.500000000000014 2.5000000000000004
decision_type=2 2 10 2 10 2 2 8 10 2 2 2 10 2 10 2 2 2 2 2 2 2 8 2 10 2 2 2 2 2
left_child=1 4 20 5 9 12 10 8 -5 16 -6 13 -4 -8 -9 -7 18 -18 -1 21 -3 -11 23 -22 -12 -24 27 29 -29 -2
right_child=26 2 3 7 6 15 11 14 -10 19 24 -13 -14 -15 -16 -17 17 -19 -20 -21 22 -23 25 -25 -26 -27 -28 28 -30 -31
leaf_value=0.001523469827631469 -0.052893500742355909 0.096503073152384544 0.073565939821972667 -0.044525165141757438 0.10885236054933377 0.047629235608037862 -0.027137238110208142 0.040427249681407929 0.00048335043450557124 -0.055402112778548819 -0.037100112988786807 -0.057549666778927727 -0.013013081250505532 0.1036856540190338 -0.023397784132817234 -0.027827457374940863 0.0055958972360057686 0.052438288568938202 -0.014151943425488379 0.07053333950124295 -0.042592648201411253 -0.0055940770967909739 0.00012175790792078832 0.030522670272289124 0.010190733793064599 -0.046625190863642869 -0.020493900660215152 -0.057948524066862586 -0.053916539406134327 -0.054396918283776866
leaf_weight=3298.2617102768272 3.9722334109246793 7.6073710918426505 157.02796355262399 103.05053095705807 7.009994462132453 49.477997828274965 11.439169846475123 127.26358512416482 268.92826758883893 92.431787300854921 315.29838827159256 12.590882267802952 20.265918184071779 25.059557901695371 44.087003391236067 43.47068630810827 1719.5699000004679 94.830316429957747 856.75948847923428 10.656451314687727 63.326218899339437 57.440954934805632 37.893366404809058 85.91604913584888 41.244117554277182 110.7150269318372 3.3187966514378777 3.4649954587221137 4.1708747707307339 8.0103261247277242
leaf_count=23967 80 31 754 1054 30 308 78 807 1910 1011 2916 93 227 122 463 446 11111 555 7475 43 442 539 327 667 354 1007 41 31 92 114
internal_value=3.9833e-05 0.000188684 0.00678438 0.0148606 -0.000939429 0.0460146 -0.0216918 -0.000634931 -0.0119855 0.000457533 -0.0289208 0.0318456 0.0636694 0.0626841 0.0240056 0.0123393 0.00125561 0.00804413 -0.00170878 -0.0292197 -0.0147261 -0.0363124 -0.017567 -0.000501494 -0.0316296 -0.0347053 -0.0496803 -0.0546177 -0.0557462 -0.0538985
internal_weight=7684.56 7661.62 1119.03 813.572 6542.59 270.243 412.642 543.329 371.979 6129.95 363.553 49.0896 177.294 36.4987 171.351 92.9487 5969.42 1814.4 4155.02 160.529 305.458 149.873 297.851 149.242 356.543 148.608 22.9372 19.6184 7.63587 11.9826
internal_count=57095 56737 8443 5969 48294 1735 3593 4234 2964 44701 3300 293 981 200 1270 754 43108 11666 31442 1593 2474 1550 2443 1109 3270 1334 358 317 123 194
is_linear=0
shrinkage=0.05


Tree=89
num_leaves=31
num_cat=0
split_feature=28 19 8 4 30 30 3 3 16 3 21 21 6 10 6 29 7 5 28 4 13 28 4 1 4 6 1 28 28 6
split_gain=24.9963 143.453 66.7109 71.3969 74.1633 49.7572 45.4684 41.7977 105.035 89.1813 84.2232 73.767 54.9206 50.2812 60.893 44.1183 39.7939 42.2646 38.3993 53.9899 126.502 140.529 38.9694 38.3726 80.2261 56.3147 38.0399 151.472 101.367 37.0328
threshold=22.500000000000004 0.12000000000000001 20.700000000000006 0.74500000000000011 19.500000000000004 69.500000000000014 0.87100000000000011 0.77100000000000013 1.0000000180025095e-35 0.81100000000000017 0.095500000000000015 0.38750000000000007 51.150000000000013 8.0500000000000025 68.350000000000009 10.500000000000002 4.5000000000000009 2.5000000000000004 65.500000000000014 1.1850000000000003 1.0000000180025095e-35 61.500000000000007 2.7050000000000005 3.5000000000000004 0.015000000000000001 53.650000000000013 10.500000000000002 47.500000000000007 46.000000000000007 54.550000000000004
decision_type=8 8 2 2 2 2 2 2 2 2 8 10 2 2 2 8 2 2 10 2 2 8 2 2 2 2 2 10 10 2
left_child=1 2 3 4 -1 -5 -6 18 11 -10 29 23 -12 15 -15 -13 17 -3 19 26 -21 -22 -20 24 -9 -25 28 -28 -2 -11
right_child=7 16 -4 5 6 -7 -8 8 9 10 12 13 -14 14 -16 -17 -18 -19 22 20 21 -23 -24 25 -26 -27 27 -29 -30 -31
leaf_value=-0.068096196065068962 0.0021763851600890174 -0.033547276702670638 0.07150013378470553 -0.055936410125731167 0.01440708753264505 0.079813299996811055 0.078440432822849349 0.045021563250520702 -0.053715067572032239 -0.053662227142236708 -0.01306478442013514 0.091280892532079549 0.031461525813120124 -0.061994931260068477 0.044049498725557613 0.0075514167328521731 -0.057031080258933824 0.087029729176415729 -0.026670449008968422 0.056053751794043205 -0.02302515555298023 0.054306960491188883 0.064127979392782183 -0.063205228973307867 -0.007764963760215131 -0.0044073988243008323 0.0043053758309552692 0.079305266942636898 -0.03348414334192984 -0.015560459969420987
leaf_weight=23.872926071286201 4200.5537790795788 24.421354301273823 37.923279747366905 65.306697431951761 164.5355414673686 7.5283745862543574 33.34034613519907 116.49870517104864 158.92766338773072 109.20684111770242 145.76963896676898 53.053466968238354 131.93399781733751 21.589878566563129 36.294963527470827 22.364750914275646 150.06244688481092 10.346575841307638 163.83041810430586 158.70184590667486 195.87096366845071 83.915893480181694 12.73559073358774 45.937858521938324 188.35831335559487 358.72789527103305 529.75273956358433 77.121746453456581 209.20392563659698 153.28739800769836
leaf_count=139 29594 151 215 872 1032 89 152 721 1320 1593 1269 253 862 175 197 126 1341 43 1653 862 2003 397 65 334 1586 2955 3433 481 1858 1549
internal_value=6.50814e-05 -0.0105494 0.00908075 0.00104519 0.0151525 -0.0419051 0.0251961 0.000830563 -0.00646335 -0.0207916 -0.0111054 0.00542194 0.00808918 0.0395487 0.00449707 0.0664515 -0.0458639 0.00233519 0.00282763 0.00357042 0.0203953 0.000168906 -0.0201212 -0.000989695 0.012407 -0.0110822 0.00209981 0.0138364 0.000484609 -0.0314121
internal_weight=7690.98 517.338 332.507 294.584 221.749 72.8351 197.876 7173.64 1541.95 699.126 540.198 842.826 277.704 133.303 57.8848 75.4182 184.83 34.7679 5631.69 5455.12 438.489 279.787 176.566 709.523 304.857 404.666 5016.63 606.874 4409.76 262.494
internal_count=57320 4034 2499 2284 1323 961 1184 53286 12940 6593 5273 6347 2131 751 372 379 1535 194 40346 38628 3262 2400 1718 5596 2307 3289 35366 3914 31452 3142
is_linear=0
shrinkage=0.05


Tree=90
num_leaves=31
num_cat=0
split_feature=14 30 3 8 6 6 9 19 28 19 2 4 9 21 21 30 3 4 14 18 8 3 16 6 21 4 14 4 7 25
split_gain=24.8126 65.7597 53.6825 89.546 27.3367 31.266 26.9144 36.6048 22.3681 138.343 60.869 91.6188 74.243 37.8598 51.5164 31.3765 32.3377 41.2156 38.2807 41.9239 39.0977 31.5807 86.1106 90.7753 64.6516 40.4932 93.0416 31.2349 30.6224 30.2727
threshold=-2.4999999999999996 61.500000000000007 0.69600000000000006 17.950000000000003 60.750000000000007 74.950000000000017 11.850000000000003 0.26000000000000006 22.500000000000004 0.12000000000000001 3.5000000000000004 1.1050000000000002 13.250000000000002 0.47200000000000003 0.64600000000000013 72.500000000000014 0.69000000000000006 2.0250000000000004 2.5000000000000004 1.5000000000000002 19.350000000000005 0.77550000000000019 1.0000000180025095e-35 29.950000000000003 0.38750000000000007 1.1850000000000003 1.5000000000000002 0.17500000000000002 4.5000000000000009 0.30500000000000005
decision_type=2 2 2 2 2 2 2 8 8 8 2 2 2 10 10 2 2 2 2 8 2 2 2 2 10 2 2 2 2 2
left_child=1 6 3 -3 -5 -6 7 -1 9 10 13 12 -12 -2 -15 21 18 -18 19 -17 -20 25 24 -24 -23 27 -27 -10 -11 -13
right_child=8 2 -4 4 5 -7 -8 -9 15 28 11 29 -14 14 -16 16 17 -19 20 -21 -22 22 23 -25 -26 26 -28 -29 -30 -31
leaf_value=-0.034628777172598733 -0.035476058725578435 -0.016772163748030432 -0.053303536247980288 0.10387033487151837 -0.05479832784334137 0.11366368453590242 -0.059356916581666322 0.074127992937548473 0.0068873563379026953 -0.00020788313706961875 0.026807855366772795 -0.055094697968857742 0.11079639839678766 0.085282091108975056 -0.024660727441881095 -0.0014829920404235072 -0.034986053921490831 0.038576524975926549 0.06107165679157335 -0.049541218043785168 -0.05822408937803563 0.00036209169735645561 0.048459259173014461 -0.024438448697052459 0.039644913266953095 0.03971850176371497 -0.014472773795192581 -0.0015424852902527122 -0.055195903437768923 0.048869187915714783
leaf_weight=35.435427134856582 89.761531600728631 51.833967642858624 26.037967519834638 32.316813223063946 6.7599200792610628 4.6481206305325031 77.746082680299878 9.8979498334228975 2375.0196658466011 30.679055251181126 120.39283573627472 37.062818091362715 33.670950062572956 18.286134839057922 25.53181204944849 419.65769999939948 166.34176455624402 21.502243785187602 39.445547001436353 50.882418745197356 8.3161575570702535 698.07502217590809 46.322926726192236 546.80477853678167 123.22994796559215 225.76981972530484 122.01071061193943 2045.0399819202721 144.90901624597609 8.633046627044676
leaf_count=543 862 558 413 176 104 38 721 77 15822 174 649 525 160 81 159 4295 2135 152 272 625 139 5408 435 4911 671 1153 1115 13413 1317 50
internal_value=-7.27617e-05 -0.0157382 0.0103404 0.0276822 0.080381 0.0138403 -0.0415028 -0.0108832 0.000445393 -0.00966991 0.00925028 0.0267222 0.0451637 -0.0168779 0.0212207 0.00119273 -0.00879207 -0.0265654 -0.0023506 -0.00667983 0.0403002 0.0023332 -0.0042279 -0.0187452 0.00625615 0.00427963 0.0207068 0.0029871 -0.0455883 -0.0354534
internal_weight=7642.02 244.676 121.597 95.5588 43.7249 11.408 123.079 45.3334 7397.35 508.927 333.339 199.76 154.064 133.579 43.8179 6888.42 706.146 187.844 518.302 470.54 47.7617 6182.27 1414.43 593.128 821.305 4767.84 347.781 4420.06 175.588 45.6959
internal_count=57153 2630 1289 876 318 142 1341 620 54523 3977 2486 1384 809 1102 240 50546 7618 2287 5331 4920 411 42928 11425 5346 6079 31503 2268 29235 1491 575
is_linear=0
shrinkage=0.05


Tree=91
num_leaves=31
num_cat=0
split_feature=30 30 16 15 16 3 0 1 3 4 14 30 18 10 4 4 4 4 9 3 4 3 5 13 21 1 5 5 21 4
split_gain=25.3759 28.0823 78.7636 74.8505 56.401 72.1919 70.925 65.0067 62.7006 49.3508 47.4294 106.402 71.682 46.6857 133.041 84.7174 40.2429 58.8968 35.3722 31.9507 30.5953 27.643 32.4775 30.8859 68.1959 46.8488 77.0828 48.2191 43.875 30.1678
threshold=73.500000000000014 46.500000000000007 2.5000000000000004 2.5000000000000004 1.0000000180025095e-35 0.88200000000000012 1.0000000180025095e-35 12.500000000000002 0.69000000000000006 0.44500000000000006 1.0000000180025095e-35 44.500000000000007 2.5000000000000004 14.100000000000001 0.84500000000000008 0.32500000000000007 0.41500000000000004 0.29500000000000004 13.900000000000002 0.62200000000000011 0.095000000000000015 0.69000000000000006 6.5000000000000009 1.0000000180025095e-35 0.52250000000000008 5.5000000000000009 1.5000000000000002 2.5000000000000004 0.58550000000000002 0.30500000000000005
decision_type=2 2 2 2 2 2 2 2 2 2 2 2 8 2 2 2 2 2 2 2 2 2 2 2 8 2 2 2 10 2
left_child=1 2 3 10 6 13 16 -7 20 -10 11 -1 -12 15 -15 -6 17 -3 -18 -5 -8 23 -23 24 25 26 -2 -27 29 -25
right_child=21 4 -4 19 5 7 8 -9 9 -11 12 -13 -14 14 -16 -17 18 -19 -20 -21 -22 22 -24 28 -26 27 -28 -29 -30 -31
leaf_value=0.0049823863545837037 -0.0047685297460609054 0.035169133901732756 -0.045331778595802091 0.03445075298234742 0.018210618570109745 -0.053402439289937001 -0.033125434857483892 0.079328587994663233 0.032661528986055045 -0.0069036486818434984 0.013148267191190725 -0.015091964286019345 -0.011357310188636133 0.088227209239821816 0.013666381248840771 -0.013670851854597384 -0.0551690577153022 0.15392393468144028 0.081565605345379433 -0.053332047287835832 -0.009467563600789479 -0.035409273868938072 0.01988014835948464 -0.053056874474808252 -0.047072153407128246 -0.029173018069036244 0.12641825156150238 0.026277522000306211 0.051759198483733129 -0.011286533066759351
leaf_weight=1531.2506121732295 20.976472347974777 55.367626834660769 100.66867314837873 11.726892627775667 695.97310451976955 67.409877181053162 204.22909529134631 10.687214672565458 137.04121056571603 185.49819119088352 1221.9193197377026 1160.2646979019046 394.84197048842907 76.424737960100174 275.49289794638753 297.41461506672204 17.347227193415169 12.867033079266546 6.5028656721115103 89.307006020098925 413.06194680929184 153.38115781545639 32.123377213254571 61.923040132969618 46.190857242792845 58.227251306176186 24.01888227276504 120.01158232800663 21.137470989488065 143.16437709890306
leaf_count=9632 206 349 1047 58 5025 838 1550 47 900 1583 7851 9643 2208 412 1687 2392 161 61 32 1033 2906 2111 328 958 555 708 195 986 195 1584
internal_value=-0.000159575 0.000741173 -0.00160134 -0.000602937 0.00504396 0.0114963 -0.00385628 -0.0352388 -0.00795942 0.00990689 0.000394679 -0.00367131 0.00716357 0.0142094 0.0298585 0.00866549 0.038021 0.0575628 -0.0178876 -0.0431432 -0.0172947 -0.00937038 -0.0258349 -0.00320827 0.00822877 0.0196715 0.06526 0.00816288 -0.0168293 -0.0238985
internal_weight=7646.45 6965.3 4509.98 4409.31 2455.32 1423.4 1031.92 78.0971 939.83 322.539 4308.28 2691.52 1616.76 1345.31 351.918 993.388 92.0848 68.2347 23.8501 101.034 617.291 681.154 185.505 495.65 269.425 223.234 44.9954 178.239 226.225 205.087
internal_count=57241 49415 31472 30425 17943 10401 7542 885 6939 2483 29334 19275 10059 9516 2099 7417 603 410 193 1091 4456 7826 2439 5387 2650 2095 401 1694 2737 2542
is_linear=0
shrinkage=0.05


Tree=92
num_leaves=31
num_cat=0
split_feature=11 27 23 0 14 26 14 1 30 10 14 10 29 6 29 30 21 10 10 6 14 10 10 3 29 10 10 29 6 3
split_gain=23.1082 54.4023 67.9838 71.2162 125.196 83.1356 64.8731 52.3977 50.0102 83.8978 76.8187 136.194 78.5834 68.4562 68.4223 70.9095 58.4865 61.6935 90.6983 48.3589 47.6693 186.146 107.821 47.0305 79.5219 37.2394 126.165 97.2437 85.8751 78.8234
threshold=3.5000000000000004 52.750000000000007 3.5000000000000004 1.5000000000000002 1.0000000180025095e-35 1.0000000180025095e-35 1.0000000180025095e-35 8.5000000000000018 52.500000000000007 4.0500000000000007 1.0000000180025095e-35 1.3500000000000003 19.500000000000004 29.950000000000003 14.500000000000002 44.500000000000007 0.13400000000000004 6.4500000000000011 6.5500000000000007 71.65000000000002 -1.0000000180025095e-35 0.65000000000000002 6.2500000000000009 0.77550000000000019 49.500000000000007 2.6500000000000008 5.9500000000000011 18.500000000000004 69.65000000000002 0.71800000000000008
decision_type=2 2 2 2 2 2 2 2 2 2 2 2 8 2 10 2 8 2 2 2 2 2 2 2 10 2 2 8 2 2
left_child=8 2 3 4 7 -6 -4 -2 9 10 14 12 -12 -13 15 -1 -11 -18 -19 -8 21 -5 -22 25 -25 29 27 -27 -28 -10
right_child=1 -3 6 20 5 -7 19 -9 23 16 11 13 -14 -15 -16 -17 17 18 -20 -21 22 -23 -24 24 -26 26 28 -29 -30 -31
leaf_value=0.00078605605419012042 0.011608434650141393 -0.033395824303324877 0.089251359651343454 0.038784317237438803 0.059199224732261559 -0.059948873990418539 -0.049098335986968986 -0.025068063947625736 -0.0077851602337277743 -0.031857652180585089 -0.040199994020677705 0.11601973028763315 0.017994447354810896 0.037002549605675436 0.052622192798604396 -0.023693207809958303 -0.036021848039500842 0.10365551176743276 -0.0014964022860587524 0.034815653099963699 -0.017743124142628512 -0.011184628623277897 0.0045453568690220492 -0.038607118401626332 0.096229771941675479 -0.022772495169029419 -0.017969555817444787 0.064594422729059617 0.035624322456565313 0.10164039496580619
leaf_weight=821.22324614971876 481.74293652176857 101.82697058562189 42.740242954343557 318.59695366304368 184.93312772922218 15.899063266813753 22.418671600520611 122.05403933860362 332.97683321684599 444.39731514081359 86.409865006804466 40.050133347511292 176.5080428943038 86.848751880228519 48.243135966360569 462.41005503386259 121.18460708856583 22.128838375210762 279.82835813425481 73.321750566363335 941.61652634013444 449.09755645319819 1280.4636216182262 100.25435231905431 12.273417439311741 38.978421665728092 228.74402743019164 174.15231021400541 111.02123341523111 17.312960088253021
leaf_count=5615 3022 1582 223 2113 896 116 235 813 2871 4527 495 171 977 522 248 4587 1053 101 1994 538 7026 2815 8623 1323 56 322 2212 1274 893 114
internal_value=8.736e-05 0.00268668 0.00362089 0.00236504 0.0155691 0.0497668 0.0380317 0.00419449 -0.00282184 -0.00651034 -0.000121433 0.0194007 -0.00113158 0.0619409 -0.00583522 -0.00803224 -0.0191896 -0.00588515 0.00620962 0.0151663 -0.00118854 0.00955273 -0.00489949 0.00658081 -0.0239004 0.0103785 0.0184596 0.0486163 -0.000457293 -0.00237684
internal_weight=7639.66 4034.71 3932.88 3794.4 804.629 200.832 138.481 603.797 3604.95 2589.23 1721.69 389.817 262.918 126.899 1331.88 1283.63 867.539 423.142 301.957 95.7404 2989.77 767.695 2222.08 1015.71 112.528 903.186 552.896 213.131 339.765 350.29
internal_count=57357 28002 26420 25424 4847 1012 996 3835 29355 20290 12615 2165 1472 693 10450 10202 7675 3148 2095 773 20577 4928 15649 9065 1379 7686 4701 1596 3105 2985
is_linear=0
shrinkage=0.05


Tree=93
num_leaves=31
num_cat=0
split_feature=14 1 16 8 19 20 5 8 4 9 29 8 4 27 23 15 2 2 2 1 0 21 9 19 20 8 8 29 5 2
split_gain=20.8483 20.5042 73.4698 66.8382 56.1362 54.6988 82.0028 52.962 54.3432 44.9832 40.9697 66.0511 54.8138 31.1237 53.7036 78.7197 66.8829 46.8281 33.4347 33.1221 110.268 34.0679 26.59 26.3013 19.7805 14.9929 27.857 14.2777 9.7916 1.49952
threshold=3.5000000000000004 3.5000000000000004 1.0000000180025095e-35 26.700000000000003 0.070000000000000048 1.5000000000000002 1.0000000180025095e-35 11.850000000000001 0.065000000000000016 13.250000000000002 13.500000000000002 12.250000000000002 0.075000000000000025 52.250000000000007 3.5000000000000004 1.0000000180025095e-35 6.5000000000000009 2.5000000000000004 2.5000000000000004 4.5000000000000009 1.5000000000000002 0.27950000000000003 10.750000000000002 0.33500000000000002 -1.4999999999999998 17.950000000000003 16.650000000000002 11.500000000000002 1.0000000180025095e-35 12.500000000000002
decision_type=2 2 2 2 8 8 2 2 2 2 10 2 2 2 2 2 2 2 2 2 2 8 2 10 10 2 2 8 2 2
left_child=1 2 3 7 10 6 -5 8 -1 -9 12 -12 -4 14 19 17 -17 -16 22 20 -3 -21 -15 24 -6 26 -20 -24 -7 -2
right_child=29 13 4 5 23 28 -8 9 -10 -11 11 -13 -14 18 15 16 -18 -19 25 21 -22 -23 27 -25 -26 -27 -28 -29 -30 -31
leaf_value=0.0033899889059671832 -0.054182133578122273 0.02666033056058123 0.011552799804645218 0.12476211343504934 -0.015109192877904047 0.0082032924467802162 0.023450412261023113 -0.012653722594043624 0.063378523339456191 0.020374123395169877 0.08163483963435654 -0.05383589680983885 -0.021910922518831276 -0.050683534451026316 -0.0017820914848426035 -0.054100889311397948 0.036273828896559661 0.11761362462573291 -0.044100906997180167 -0.0040678852543850645 -0.0098725587997819855 0.0048089730377301552 -0.017853127007626497 0.050100127384620691 -0.043392677231159832 -0.053830391068388418 0.044570300492698896 0.062890173140706149 -0.044283266189829501 -0.017938978101162639
leaf_weight=104.2478338778019 18.980868821032349 455.60230428725481 190.7468288037926 31.806564718484879 87.267359293997288 25.012359768152237 53.685993403196335 558.87359931692481 59.187065429985523 126.41182916611433 29.944599084556103 12.86253748834133 341.38239390403032 10.644259914755819 10.940169423818586 30.498580049723387 62.271451592445374 32.936796203255653 26.132133036851883 2877.3489988818765 377.84342936426401 1731.1406598696485 7.3938293829560306 9.3308030590414983 211.97284777835011 59.060968083329499 13.399084977805613 21.096851289272308 13.781956002116202 3.3589422404766074
leaf_count=732 345 2953 1510 164 681 133 345 4927 335 684 134 200 4243 190 82 328 448 144 300 21512 2614 10630 49 54 1863 1200 91 156 77 26
internal_value=-0.000501807 -0.000359526 -0.00492485 0.00455328 -0.0153631 0.038798 0.0611423 -0.000461534 0.0251145 -0.00656121 -0.00612987 0.0409291 -0.00991553 0.00112318 0.00170288 0.0326618 0.00656272 0.0878438 -0.0223575 0.0009255 0.0100981 -0.000733368 0.0167444 -0.0325667 -0.0351444 -0.0378785 -0.0140458 0.0419359 -0.0104429 -0.0487327
internal_weight=7595.16 7572.82 1856.51 973.007 883.507 124.287 85.4926 848.72 163.435 685.285 574.936 42.8071 532.129 5716.31 5578.58 136.647 92.77 43.877 137.727 5441.94 833.446 4608.49 39.1349 308.571 299.24 98.5922 39.5312 28.4907 38.7943 22.3398
internal_count=57150 56779 16082 7397 8685 719 509 6678 1067 5611 6087 334 5753 40697 38711 1002 776 226 1986 37709 5567 32142 395 2598 2544 1591 391 205 210 371
is_linear=0
shrinkage=0.05


Tree=94
num_leaves=31
num_cat=0
split_feature=29 15 8 25 15 21 8 10 6 29 30 19 4 10 6 0 15 19 29 21 8 8 4 14 5 20 4 18 5 21
split_gain=21.7615 105.98 46.2069 45.5172 38.0626 37.9949 35.583 25.9237 25.9529 31.909 37.9879 34.4117 25.1103 56.0613 100.711 55.6163 82.957 39.9242 34.5494 83.4011 94.2899 38.9851 51.8437 36.2464 21.3561 19.2415 18.551 9.69026 9.47445 8.1989
threshold=1.0000000180025095e-35 1.0000000180025095e-35 13.700000000000001 0.37500000000000006 2.5000000000000004 -0.18349999999999997 5.8000000000000007 18.900000000000002 70.350000000000009 38.500000000000007 44.500000000000007 0.12500000000000003 0.6150000000000001 11.250000000000002 58.750000000000007 1.0000000180025095e-35 1.0000000180025095e-35 0.024999999999999915 11.500000000000002 0.38750000000000007 21.900000000000002 21.750000000000004 0.51500000000000012 1.5000000000000002 3.5000000000000004 11.500000000000002 1.1950000000000001 1.0000000180025095e-35 4.5000000000000009 1.0000000180025095e-35
decision_type=8 2 2 2 2 10 2 2 2 8 2 10 2 2 2 2 2 8 8 10 2 2 2 2 2 10 2 8 2 8
left_child=1 29 6 4 5 -4 -3 12 25 10 -10 26 18 14 -14 17 -17 -15 19 24 -21 23 -23 -20 -2 -9 -11 -16 -6 -1
right_child=7 2 3 -5 28 -7 -8 8 9 11 -12 -13 13 15 27 16 -18 -19 21 20 -22 22 -24 -25 -26 -27 -28 -29 -30 -31
leaf_value=0.05216794445459521 -0.019823214889920684 0.041329413517546217 -0.035774854728866115 -0.061527579907580704 -0.042514758669725518 0.02972868289297529 -0.045633090449963741 -0.05103465005844432 0.031076422610398287 0.1146538345618299 -0.052461980745603515 -0.038902701829377745 -0.041693686297258878 0.13344950106708642 0.12535363531421193 -0.02175974838147559 0.0075022718440087253 -0.0037556053131982516 0.0016132707863748077 -0.012779177513458459 0.042152948394602069 -0.0057173293784118038 -0.060002503408840849 0.030308678938726942 -0.045924807459725055 0.067346490218875857 0.030349143040591005 0.068762956507064377 0.022519693169799335 0.091128690762464173
leaf_weight=22.984898716211319 360.48147401120514 14.097609534859656 24.648012518882751 20.441768318414688 31.107930865138769 217.37752617150545 71.031450007110834 62.66199884749949 19.662023715674877 10.079944700002672 44.201551226899028 12.674520516768096 17.336374171078205 13.964282218366861 22.598715826869011 295.46998783666641 1343.5730168297887 8.547124557197094 3030.299055612646 214.53282340615988 122.85278798639774 1268.5401546116918 45.561520397663116 114.19469067361206 100.1348009314388 3.6314473301172248 18.504164915531874 11.370807010680435 6.8297892771661273 32.734397850930691
leaf_count=116 2750 72 120 127 306 1108 526 1320 110 52 820 113 111 80 102 2175 9584 55 22847 1347 711 10149 379 792 831 20 158 52 43 147
internal_value=-0.000175403 0.0106004 0.00128486 0.0104995 0.0157586 0.0230578 -0.0312319 -0.00084127 -0.0200508 -0.00460092 -0.0267426 0.0296718 -0.000368806 0.0048888 0.0563659 0.00329927 0.00222721 0.0813555 -0.00208199 -0.0116635 0.00722335 -0.000367085 -0.00759946 0.00265537 -0.0254975 -0.0445499 0.0600785 0.106411 -0.0308068 0.0750569
internal_weight=7582.13 441.253 385.534 300.405 279.963 242.026 85.1291 7140.87 171.416 105.122 63.8636 41.2586 6969.46 1712.86 51.3059 1661.55 1639.04 22.5114 5256.6 798.002 337.386 4458.6 1314.1 3144.49 460.616 66.2934 28.5841 33.9695 37.9377 55.7193
internal_count=57123 2565 2302 1704 1577 1228 598 54558 2593 1253 930 323 51965 12159 265 11894 11759 135 39806 5639 2058 34167 10528 23639 3581 1340 210 154 349 263
is_linear=0
shrinkage=0.05


Tree=95
num_leaves=31
num_cat=0
split_feature=26 25 1 8 28 24 30 25 25 28 8 9 28 28 10 30 5 1 25 25 30 29 25 9 26 23 14 8 22 9
split_gain=22.6015 40.9268 27.8182 57.3419 42.7133 24.8377 27.89 24.6652 156.57 86.1309 40.1751 50.1015 33.6497 82.2448 42.2047 14.1185 21.575 12.0796 8.48611 22.1654 8.39186 5.8633 7.71145 4.35572 4.02168 3.21861 2.78198 1.95864 1.54614 0.671624
threshold=5.5000000000000009 0.43000000000000005 7.5000000000000009 17.950000000000003 59.500000000000007 11.500000000000002 66.500000000000014 0.10500000000000002 1.0000000180025095e-35 49.500000000000007 8.4500000000000011 11.350000000000003 43.500000000000007 40.500000000000007 14.950000000000001 58.500000000000007 4.5000000000000009 8.5000000000000018 0.97500000000000009 1.8600000000000003 69.500000000000014 9.5000000000000018 0.58500000000000008 5.8500000000000005 1.5000000000000002 23.500000000000004 -1.4999999999999998 5.8000000000000007 2.5000000000000004 10.850000000000003
decision_type=2 2 2 2 10 2 2 2 2 10 2 2 8 10 2 2 2 2 2 2 2 8 2 2 2 2 2 2 2 2
left_child=1 7 5 4 20 27 -7 8 12 10 17 -12 13 -1 -14 18 25 -9 -2 -20 -4 22 -18 -8 -11 28 -21 -3 -17 -10
right_child=15 2 3 -5 -6 6 23 9 29 24 11 -13 14 -15 -16 16 21 -19 19 26 -22 -23 -24 -25 -26 -27 -28 -29 -30 -31
leaf_value=-0.0023122565718451888 0.06388293215689321 -0.021684067142566817 0.10907595627749758 -0.054533195362251707 -0.04423262064035547 -0.061283155100028221 0.079056551388252072 0.015148528793593337 -0.04546831079817 -0.056542895916574257 -0.038665718658971823 0.030897009824334371 0.00078694310062725589 -0.043514423218699035 0.01386517321146166 -0.014079618498697275 0.059735806242714219 -0.059969841581218999 -0.052832022917513093 0.07768857967189037 0.049410886311200997 0.074902135604478851 -0.018696191118886974 0.024416981928142831 -0.010199749550760143 0.011500471040274325 0.03685856878508955 -0.053557872498967707 -0.052444129900676165 -0.058967242225267717
leaf_weight=1525.7184205390513 24.470233142375946 5.1217347867786875 13.018999233841898 24.373128444887698 9.3159422781318408 9.5225990898907202 6.5001787170767775 7.4439777731895473 10.08628138527274 41.888371588662267 28.24271596595645 309.982855476439 4427.1044292189181 131.56180230621248 716.75825801957399 3.3172238543629673 5.9573618993163127 19.041962474584579 7.0248575378209379 6.6257903724908838 10.767319932579992 7.2645227313041678 6.612513929605484 8.3108363617211563 5.2704293858259907 3.064838175661861 11.264733418822289 81.750380090437829 12.60724035464227 106.59793117642403
leaf_count=11843 177 45 55 498 119 86 29 47 143 429 367 1685 31436 1081 5087 35 51 140 170 42 78 40 55 87 60 60 102 2132 231 922
internal_value=7.10874e-05 -0.000224911 -0.024575 0.00366887 0.0465229 -0.0391725 0.00547524 0.000335467 -0.000372259 0.0122225 0.0204445 0.0250883 0.00061301 -0.00558306 0.0026093 0.0252329 0.00267191 -0.0388575 0.0429688 0.0224284 0.0820675 0.0391425 0.0184758 0.0483969 -0.0513636 -0.0354217 0.05198 -0.0516787 -0.0444524 -0.0578004
internal_weight=7586.59 7498.38 168.681 57.4754 33.1023 111.206 24.3336 7329.7 6917.83 411.87 364.712 338.226 6801.14 1657.28 5143.86 88.2093 38.8237 26.4859 49.3856 24.9154 23.7863 19.8344 12.5699 14.811 47.1588 18.9893 17.8905 86.8721 15.9245 116.684
internal_count=57332 56369 3129 750 252 2379 202 53240 50512 2728 2239 2052 49447 12924 36523 963 472 187 491 314 133 146 106 116 489 326 144 2177 266 1065
is_linear=0
shrinkage=0.05


Tree=96
num_leaves=31
num_cat=0
split_feature=30 28 19 10 6 18 4 15 3 28 6 7 28 11 8 30 7 5 28 6 16 5 3 13 19 0 1 7 10 6
split_gain=22.9454 25.7015 110.45 58.9924 82.3218 70.8331 34.2302 45.571 56.5454 46.499 46.0018 45.7298 42.4798 32.201 32.048 31.3881 28.5508 27.659 23.1393 20.7586 28.0848 27.3632 25.7782 23.5901 31.1211 42.4117 24.6542 20.7959 20.0752 30.9971
threshold=75.500000000000014 22.500000000000004 0.12000000000000001 16.500000000000004 49.750000000000007 1.5000000000000002 2.0650000000000004 2.5000000000000004 0.68300000000000016 43.500000000000007 81.250000000000014 32.500000000000007 62.500000000000007 4.5000000000000009 25.550000000000001 19.500000000000004 4.5000000000000009 5.5000000000000009 14.500000000000002 53.650000000000013 1.0000000180025095e-35 1.5000000000000002 0.56800000000000006 1.0000000180025095e-35 0.010000000000000122 1.5000000000000002 8.5000000000000018 11.000000000000002 14.100000000000001 74.450000000000017
decision_type=2 8 8 2 2 8 2 2 2 8 2 2 10 2 2 2 2 2 10 2 2 2 2 2 8 2 2 2 2 2
left_child=1 2 3 4 15 -6 7 10 9 -9 11 -3 -12 -8 -10 -1 18 -5 -4 20 21 -2 -23 24 25 -22 -26 -21 -29 -30
right_child=19 6 16 17 5 -7 13 8 14 -11 12 -13 -14 -15 -16 -17 -18 -19 -20 27 23 22 -24 -25 26 -27 -28 28 29 -31
leaf_value=-0.063089930317321338 -0.034460619859135157 0.001200088006055924 -0.059166091651691635 -0.048003476461811849 0.06989541992735708 -0.029627563316275779 -0.036489329886315112 -0.052375477459947431 -0.051943803293275886 0.017574264087197155 0.02347164568462538 -0.055743951221711975 -0.044344219871700202 0.062769601438452824 -0.0060506225972690548 0.0024778965611266402 -0.053268527563120477 0.038907855275400118 0.032364193638708308 -0.041949030061332444 -0.011076352042163831 0.095399957035125466 -0.011401105142792592 -0.040597634977060953 -0.05197039455217748 0.10165775384562403 0.036388310719050104 -0.026709390382522749 0.041416975694126654 -0.011241324450399539
leaf_weight=21.768601663410664 8.7870149388909322 5782.1392340706661 10.621573418378832 57.759285652078688 89.219328381121159 22.358888939023018 10.275592494755982 29.18101118132472 115.97286881506443 127.84347362071276 348.01659855619073 35.473118875175714 24.732995875179768 39.892382688820362 56.608487002551556 113.00460088998079 136.70939655601978 10.87838153913617 19.733415354043245 68.139343782328069 17.062298491597176 20.827897468581799 7.7530536744743577 35.980331367813051 24.111245039850473 16.325440062209964 11.73795144073665 120.74232216738164 35.627756699919701 129.62409827206284
leaf_count=133 121 40997 57 859 430 106 131 361 1195 779 2083 426 167 255 534 785 1222 83 117 1005 208 157 64 609 349 111 105 1796 353 1510
internal_value=-0.000253297 0.000478296 -0.0106653 0.00676476 0.0181863 0.0499523 0.00129591 0.000979333 -0.0171362 0.00457499 0.0019439 0.000852869 0.0189719 0.042439 -0.0368904 -0.00811264 -0.0435287 -0.0342289 0.000336653 -0.0106401 0.00546857 0.0427045 0.0664284 -0.00775579 0.00931111 0.0440467 -0.0230395 -0.017126 -0.0112118 0.000111632
internal_weight=7548.91 7052.19 482.053 314.989 246.351 111.578 6570.14 6519.97 329.606 157.024 6190.36 5817.61 372.75 50.168 172.581 134.773 167.064 68.6377 30.355 496.719 142.585 37.368 28.581 105.217 69.2369 33.3877 35.8492 354.134 285.994 165.252
internal_count=57108 50720 3792 2396 1454 536 46928 46542 2869 1140 43673 41423 2250 386 1729 918 1396 942 174 6388 1724 342 221 1382 773 319 454 4664 3659 1863
is_linear=0
shrinkage=0.05


Tree=97
num_leaves=31
num_cat=0
split_feature=0 5 28 28 28 28 28 3 28 8 10 30 2 30 3 6 6 18 14 2 29 5 30 4 8 28 21 4 28 5
split_gain=24.6208 50.3944 78.0299 48.2939 114.418 44.0721 54.6809 53.1416 45.4916 93.761 104.273 46.635 97.7285 82.3959 45.2103 43.8994 42.6659 38.3439 33.6262 33.2352 52.9693 78.5106 61.7618 54.8086 50.1838 41.344 31.3488 62.6127 49.8805 30.0574
threshold=3.5000000000000004 6.5000000000000009 72.500000000000014 56.500000000000007 62.500000000000007 53.500000000000007 61.500000000000007 0.82850000000000013 43.500000000000007 22.800000000000001 10.350000000000003 46.500000000000007 6.5000000000000009 44.500000000000007 0.63400000000000012 65.950000000000017 80.050000000000011 1.0000000180025095e-35 -2.4999999999999996 3.5000000000000004 23.500000000000004 3.5000000000000004 51.500000000000007 1.0050000000000001 11.000000000000002 16.500000000000004 0.15500000000000003 2.3850000000000002 66.500000000000014 1.0000000180025095e-35
decision_type=2 2 8 10 10 10 10 2 10 2 2 2 2 2 2 2 2 10 2 2 8 2 2 2 2 10 8 2 10 2
left_child=1 5 -3 19 17 8 16 14 11 10 -10 13 -13 -1 -8 -11 -7 -5 -4 29 24 23 -23 -22 -21 -26 28 -28 -6 -2
right_child=3 2 18 4 26 6 7 -9 9 15 -12 12 -14 -15 -16 -17 -18 -19 -20 20 21 22 -24 -25 25 -27 27 -29 -30 -31
leaf_value=0.0029472590241180503 0.054656940780263688 0.077714475796739901 0.064624702156158217 0.15035844693494346 0.071466273419670906 -0.055501605968445292 0.011167444443723787 0.10086163256219371 -0.018011827179713804 0.088801946804024701 0.038906949286529317 0.011989878805480633 -0.023880479167319429 -0.012330486491663607 -0.044837429262850677 -0.023826302711464204 0.061874413518571605 0.05213934258222528 -0.025487052245091332 0.061759493942345825 0.047904435141241195 0.034348417242010591 -0.02941194986412772 -0.0054579816588598597 0.045518915326984224 -0.023206551359767555 -0.045247491718928556 0.059836589515041977 -0.02538912462431131 -0.048348107252991594
leaf_weight=2393.226982107386 7.7448405474424353 54.095883324742317 13.348159343004225 12.205205053091047 25.948088817298412 100.44178045727313 101.43104772828519 11.898417010903357 183.76813094131649 57.074265524744987 143.13729950226843 1459.9587955093011 218.27356955222785 1398.0792816504836 55.891471646726131 10.197574883699415 8.3887746036052686 53.463437341153622 46.133782781660557 19.211058512330055 127.62891163025051 48.83319840952754 170.89386192429811 77.240734983235598 22.808102563023567 539.83483445458114 77.728790461085737 17.336850259453058 27.256093995645642 82.788594489917159
leaf_count=14434 40 286 59 73 203 980 846 77 1251 268 926 11978 1671 12316 605 60 49 283 359 97 1107 375 1851 726 99 4247 894 108 305 785
internal_value=-5.02797e-05 0.00125542 0.034257 -0.0062807 0.0154505 0.000645131 -0.0188053 -0.00102358 0.00156745 0.0179726 0.00691036 0.000385172 0.00732452 -0.00268655 -0.00872923 0.0717289 -0.0464541 0.0703944 -0.00526535 -0.0105188 -0.00790859 0.0055192 -0.0152415 0.0277855 -0.0177073 -0.0204206 -0.00888414 -0.0260836 0.021848 -0.0395364
internal_weight=7566.27 6255.35 113.578 1310.92 213.938 6141.77 278.051 169.221 5863.72 394.177 326.905 5469.54 1678.23 3791.31 157.323 67.2718 108.831 65.6686 59.4819 1096.98 1006.45 424.597 219.727 204.87 581.854 562.643 148.27 95.0656 53.2042 90.5334
internal_count=57358 46165 704 11193 1866 45461 2557 1528 42904 2505 2177 40399 13649 26750 1451 328 1029 356 418 9327 8502 4059 2226 1833 4443 4346 1510 1002 508 825
is_linear=0
shrinkage=0.05


Tree=98
num_leaves=31
num_cat=0
split_feature=26 24 28 26 2 23 28 24 30 30 14 30 3 21 3 0 5 5 19 29 13 30 21 14 20 3 3 30 4 18
split_gain=22.4972 28.589 46.7277 24.0862 24.3063 24.0006 25.5106 22.4139 24.6434 22.1801 23.9878 22.4358 16.331 14.3371 13.8548 10.8044 8.49591 7.60997 6.63753 6.28156 7.85267 3.99028 3.57861 1.49782 1.08566 1.05992 2.59146 0.931637 0.0386688 0.00107026
threshold=5.5000000000000009 4.5000000000000009 47.500000000000007 3.5000000000000004 1.5000000000000002 5.5000000000000009 46.000000000000007 11.500000000000002 66.500000000000014 76.500000000000014 -1.4999999999999998 47.500000000000007 0.82850000000000013 0.29300000000000004 0.72450000000000003 7.5000000000000009 1.0000000180025095e-35 5.5000000000000009 0.01999999999999998 4.5000000000000009 1.0000000180025095e-35 60.500000000000007 0.47200000000000003 -1.0000000180025095e-35 1.5000000000000002 0.42500000000000004 0.39450000000000007 72.500000000000014 1.6250000000000002 1.0000000180025095e-35
decision_type=2 2 8 2 2 2 8 2 2 2 2 2 2 10 2 2 2 2 10 8 2 2 10 2 10 2 2 2 2 8
left_child=1 3 15 5 -5 9 -7 25 -9 11 -11 -1 13 16 23 -3 21 -16 -15 -18 -21 -2 -8 -6 -20 26 -4 -10 -27 -14
right_child=12 2 7 4 14 6 22 8 27 10 -12 -13 29 18 17 -17 19 -19 24 20 -22 -23 -24 -25 -26 28 -28 -29 -30 -31
leaf_value=-0.0016316326735632616 -0.052267717928195616 0.0072132411511207613 -0.052229413740822885 -0.046821773296744404 0.080028298341379658 0.03154939202276616 -0.054380132565210786 -0.06080660673481493 0.062589923600347749 -0.04290755772848532 -0.006831436384022881 0.0043504195081966301 -0.051827379727074699 0.026374179571441139 -0.055819571855143149 0.074730824277022267 0.0010803289143835586 0.031165626708123884 -0.021393935023027857 0.061490702303985317 0.0038731002302137235 0.028450112868049063 -0.01754958921683315 0.057533255917732555 -0.055160157350423261 -0.052534391893191139 0.0086269816049781272 0.036077027498284481 -0.056156180836881356 -0.053266360254090477
leaf_weight=4435.8533354476094 3.2236833944916716 12.614625632762909 5.8946356829255802 7.8186555653810492 11.843610510230063 12.614666951820253 40.200011162087321 8.3958468530327099 6.2852642834186536 53.76703922636807 322.19459523912519 2423.8889106698334 4.5281412294134489 7.1368008926510837 3.8461819943040592 11.173758015036583 6.3568382635712615 7.2614856138825417 5.0328581705689412 44.228169929236174 6.8262397134676567 2.9161404520273209 7.8897697050124398 19.722659334540371 4.51704166457057 63.955427563749254 2.4875537157058716 7.0075316186994314 8.329637233167885 1.8081578649580476
leaf_count=30507 82 101 163 71 53 75 641 78 38 862 4089 17290 149 52 93 53 45 62 66 347 101 28 104 133 57 1914 13 73 98 47
internal_value=-0.000302111 -0.000595693 -0.0241972 -0.000190462 0.0342241 -0.000428618 -0.0317367 -0.0388678 0.00625591 -0.000165957 -0.0119908 0.000482125 0.0250398 0.0311423 0.0490733 0.0389273 0.0419725 0.00104581 -0.0101042 0.047951 0.0537869 -0.0139304 -0.0483376 0.0659734 -0.0373651 -0.051 -0.0341693 0.0486132 -0.0529517 -0.052238
internal_weight=7559.62 7473.05 126.144 7346.9 50.4926 7296.41 60.7044 102.356 21.6886 7235.7 375.962 6859.74 86.5741 80.2378 42.6739 23.7884 63.5511 11.1077 16.6867 57.4112 51.0544 6.13982 48.0898 31.5663 9.5499 80.6673 8.38219 13.2928 72.2851 6.3363
internal_count=57485 56511 2531 53980 412 53568 820 2377 189 52748 4951 47797 974 778 341 154 603 155 175 493 448 110 745 186 123 2188 176 111 2012 196
is_linear=0
shrinkage=0.05


Tree=99
num_leaves=31
num_cat=0
split_feature=14 1 8 16 5 17 5 15 19 30 6 6 6 24 14 19 30 30 6 6 27 7 6 14 9 30 9 6 3 15
split_gain=20.4359 20.0676 51.8873 136.211 56.6335 69.0237 55.7128 58.649 57.4579 54.0219 52.6164 41.8592 72.2448 69.3683 47.1957 59.2266 43.6617 40.0499 40.7244 93.6127 46.0038 39.184 46.9753 46.0416 38.1948 5.38774 4.03499 4.53714 3.8021 1.74582
threshold=3.5000000000000004 2.5000000000000004 26.700000000000003 1.0000000180025095e-35 1.0000000180025095e-35 1.0000000180025095e-35 1.5000000000000002 1.0000000180025095e-35 -1.0000000180025095e-35 43.500000000000007 50.45000000000001 35.150000000000013 33.050000000000004 2.5000000000000004 1.0000000180025095e-35 0.050000000000000017 49.500000000000007 13.500000000000002 53.050000000000004 55.650000000000013 27.150000000000002 11.000000000000002 21.750000000000004 -1.0000000180025095e-35 6.6500000000000012 64.500000000000014 5.2500000000000009 37.050000000000004 0.96650000000000014 4.5000000000000009
decision_type=2 2 2 2 2 8 2 2 10 2 2 2 2 2 2 8 2 2 2 2 2 2 2 2 2 2 2 2 2 2
left_child=1 2 6 4 5 -4 21 9 -9 -8 -6 12 14 16 24 -16 -14 28 20 -20 -19 22 -1 -23 -3 -15 27 -5 -13 -2
right_child=29 11 3 26 10 -7 7 8 -10 -11 -12 17 13 25 15 -17 -18 18 19 -21 -22 23 -24 -25 -26 -27 -28 -29 -30 -31
leaf_value=0.0019160802095264777 -0.053976868678496805 0.040691818104369254 0.13879391252239887 -0.055261225875474863 -0.022909428263454219 0.027386378703762856 0.033825299368701794 -0.018129028693902961 0.1222039361590086 -0.041235289796704912 0.1007556524746442 0.049084437494673991 0.028616757243279223 -0.056060735985417755 0.07452397656455316 -0.029101000479988478 0.083111535334235653 -0.0085184336168062386 0.028216141573866305 7.3297378484063453e-05 0.030840053178485156 -0.055240513301463227 -0.025396496781190311 0.092244747570627089 -0.0046018087656195337 0.010929407931400544 -0.059397222487361415 0.017554419776458201 0.092498361509782023 -0.011773350354996411
leaf_weight=221.86421782150865 18.75604231283069 51.203617035411298 30.212383285164833 4.5653582289814931 31.149683818221092 25.754724591970444 53.415437921881676 10.762810587882994 22.632075548171997 43.485918134450912 11.882467269897459 10.42150405049324 82.225364550948143 17.225058656185869 46.926582179963589 19.526461493223906 66.469187937676907 1675.3596181888133 322.1801972547546 3566.507969441358 77.685939475893974 7.6719058528542545 542.06041952315718 17.055985674262047 511.53938854113221 3.634751319885253 34.852597862482071 4.0257622450590134 9.7721188962459564 2.8186880797147742
leaf_count=1597 357 472 155 62 206 135 286 60 110 492 60 49 518 296 233 143 426 11477 2003 26462 755 94 6148 92 4160 29 321 48 54 23
internal_value=0.000129805 0.000269178 -0.00610245 0.021977 0.0543663 0.0875268 -0.0104549 0.0198336 0.0769761 0.000140749 0.0112382 0.00131594 0.0120312 0.0409984 0.0042252 0.044075 0.0529769 -0.000195705 -0.000447292 0.00240495 -0.00677427 -0.015459 -0.0174642 0.046487 -0.000480571 -0.0443879 -0.0518318 -0.0211401 0.0700933 -0.0484631
internal_weight=7543.64 7522.07 1061.39 142.443 98.9993 55.9671 918.949 130.296 33.3949 96.9014 43.0322 6460.68 798.75 169.554 629.196 66.453 148.695 5661.93 5641.73 3888.69 1753.05 788.653 763.925 24.7279 562.743 20.8598 43.4437 8.59112 20.1936 21.5747
internal_count=57323 56943 9866 987 556 290 8879 948 170 778 266 47077 6277 1269 5008 376 944 40800 40697 28465 12232 7931 7745 186 4632 325 431 110 103 380
is_linear=0
shrinkage=0.05


Tree=100
num_leaves=31
num_cat=0
split_feature=28 28 2 28 0 20 19 2 21 13 8 15 2 0 28 0 6 2 29 4 28 1 28 13 17 24 3 4 28 29
split_gain=21.659 33.6764 71.7947 59.5479 43.6062 40.063 44.0955 45.241 37.1803 36.3944 31.5819 34.3568 41.701 30.9559 60.2177 103.483 58.7723 35.2206 40.3702 30.8668 31.3792 44.0657 51.5008 34.0312 25.9075 25.7794 20.3722 19.2039 18.9134 12.1952
threshold=65.500000000000014 59.500000000000007 5.5000000000000009 50.500000000000007 4.5000000000000009 1.5000000000000002 0.63500000000000012 7.5000000000000009 0.91650000000000009 1.0000000180025095e-35 21.750000000000004 2.5000000000000004 7.5000000000000009 3.5000000000000004 43.500000000000007 1.5000000000000002 73.65000000000002 3.5000000000000004 15.500000000000002 2.6650000000000005 71.500000000000014 9.5000000000000018 73.500000000000014 1.0000000180025095e-35 -1.0000000180025095e-35 11.500000000000002 0.71800000000000008 1.9850000000000001 77.500000000000014 1.0000000180025095e-35
decision_type=10 10 2 10 2 10 8 2 10 2 2 2 2 2 10 2 2 2 8 2 10 2 10 2 10 2 2 2 10 10
left_child=1 3 4 13 8 6 7 -4 -3 -7 25 12 -12 14 16 -16 -1 24 -19 20 29 22 23 -22 -15 27 -11 -5 -23 -2
right_child=19 2 5 10 -6 9 -8 -9 -10 26 11 -13 -14 17 15 -17 -18 18 -20 -21 21 28 -24 -25 -26 -27 -28 -29 -30 -31
leaf_value=-0.00065688143730239048 0.0010455961148144997 -0.0481672411954394 0.10566895198660982 -0.043369309417097379 0.065074427521110145 -0.070193726921581143 -0.032191391147275102 0.033113782723503356 0.045223610406955654 -0.016890401420431914 -0.016560193210412518 -0.037966145704706106 0.11173992198977228 0.064643098808575744 -0.018350764717714435 0.03913403302703039 0.021349149654677008 -0.01756807999882358 0.003891064459639661 0.041496266405656679 0.016207772764770163 -0.053937878243113996 -0.035370761724036408 0.11999816764474908 -0.04623804379176942 0.057559626980706949 0.10491316583854882 0.055587764003490886 0.0051789248920787612 -0.055628486406938508
leaf_weight=5227.7020329828374 11.127180270850657 58.339791927486658 45.520962491631508 156.5798482587561 14.114620536565779 12.944072376936674 11.656218850985168 40.689772825688124 13.039171699434517 6.584749024361372 12.305002652108671 20.169594755396247 13.050257906317709 5.6511040404438964 112.92756242863834 255.23729675449431 322.10395463556051 367.45401803776622 543.09630948398262 20.989908892661333 15.809763040393591 40.754289804026484 19.444416277110577 15.781271331012249 77.720317350700498 7.0265975147485724 7.1717904135584831 5.0611700657755128 20.25346308760345 64.593363045714796
leaf_count=39180 64 703 212 1616 57 122 103 272 88 64 74 217 56 32 752 1474 1908 2725 4865 121 106 491 208 69 754 41 43 24 251 776
internal_value=-0.0001268 0.000325104 0.0200562 -0.000256525 -0.0152279 0.0442725 0.0590834 0.0714243 -0.031107 -0.0100146 -0.0262207 0.0107348 0.0494754 0.000548078 0.00191938 0.0215017 0.000620322 -0.00761687 -0.00476881 -0.0160079 -0.0224362 -0.00563272 0.0286507 0.0680562 -0.0387223 -0.0361953 0.0466103 -0.0402708 -0.0343122 -0.0473002
internal_weight=7544.9 7336.15 210.061 7126.09 85.4936 124.568 97.867 86.2107 71.379 26.7006 214.192 45.5249 25.3553 6911.89 5917.97 368.165 5549.81 993.922 910.55 208.754 187.764 112.043 51.0355 31.591 83.3714 168.668 13.7565 161.641 61.0078 75.7205
internal_count=57468 55382 1664 53718 848 816 587 484 791 229 2028 347 130 51690 43314 2226 41088 8376 7590 2086 1965 1125 383 175 786 1681 107 1640 742 840
is_linear=0
shrinkage=0.05


Tree=101
num_leaves=29
num_cat=0
split_feature=19 14 30 9 0 30 8 8 4 9 6 4 6 1 19 16 30 4 28 29 4 4 0 5 25 5 4 0
split_gain=22.3012 20.8264 43.0655 35.927 42.4556 34.9953 34.9203 52.6306 25.7099 19.943 52.2305 42.2595 67.1939 55.188 49.4167 43.973 37.9003 33.5068 32.0335 33.3853 18.3822 11.5797 1.69835 0.331668 0.232896 0.0859175 0.0466239 0.00940633
threshold=-0.14499999999999999 -2.4999999999999996 61.500000000000007 11.850000000000003 1.5000000000000002 76.500000000000014 21.900000000000002 17.950000000000003 0.27500000000000008 12.350000000000003 25.650000000000002 0.29500000000000004 70.050000000000011 12.500000000000002 0.18500000000000011 1.0000000180025095e-35 27.500000000000004 0.12500000000000003 11.000000000000002 49.500000000000007 0.19500000000000003 0.64500000000000013 1.0000000180025095e-35 4.5000000000000009 2.7750000000000004 1.5000000000000002 1.4550000000000003 3.5000000000000004
decision_type=8 2 2 2 2 2 2 2 2 2 2 2 2 2 10 2 2 2 8 10 2 2 2 2 2 2 2 2
left_child=21 2 3 4 8 6 7 -4 -2 11 16 14 15 -14 17 -13 -11 -3 26 -20 -16 -1 -7 25 -24 -5 -12 -8
right_child=1 9 5 23 -6 22 27 -9 -10 10 18 12 13 -15 20 -17 -18 -19 19 -21 -22 -23 24 -25 -26 -27 -28 -29
leaf_value=0.081328129564904927 -0.048116770570917164 -0.0037689848020484675 -0.0076063040438301942 -0.05643977391766998 0.091886751353321638 -0.017093623241207914 -0.054293977795948981 0.073615982827975032 0.05794990109465778 -0.0046136869820893774 -0.059301422693817135 -0.0073800260567027992 0.022342109020660698 -0.039545736329662351 0.1199178431496537 -0.030106907196105759 0.11738862870922001 0.010889267334892198 0.0020153689363106931 0.072762617922153758 0.033623866726007416 0.0065235968385905889 -0.054810031030969333 -0.069186979715344349 -0.038572567601763925 -0.060477909770425511 -0.054789095058667969 -0.057034385543780257
leaf_weight=12.693232104182245 28.42660204693675 1257.5596058377996 40.064586412161589 45.56769753061235 9.5594780519604665 3.9828181695193079 7.8401605989783985 39.715795766562223 7.1503381552174679 10.195746451616289 11.06139934808016 491.78535759076476 213.51286413520575 43.333483600988984 10.990521028637888 375.23001679684967 16.945761986076832 565.02409396041185 4202.9946650192142 16.741796292364597 14.073961369693277 8.7326766401529294 17.819811873137954 6.8437115401029578 2.5207239249721161 18.528190709650517 11.86530323512852 5.2136535719037056
leaf_count=68 429 10474 366 543 90 80 144 266 118 54 85 4381 1617 661 50 4509 89 4902 27276 179 71 54 348 37 56 134 175 49
internal_value=-9.85016e-05 -0.000244517 -0.0149506 -0.0365357 -0.00166264 0.00643515 0.0204229 0.0328273 -0.0267992 0.000229149 0.00241812 -0.00291622 -0.0105616 0.0119008 0.00173418 -0.0172158 0.0715583 0.00077526 0.00197581 0.00229606 0.0714629 0.0508396 -0.0469514 -0.0587242 -0.0527978 -0.0576071 -0.0569661 -0.0553885
internal_weight=7495.97 7474.55 233.234 116.076 45.1364 117.158 92.8342 79.7804 35.5769 7241.31 4269.8 2971.51 1123.86 256.846 1847.65 867.015 27.1415 1822.58 4242.66 4219.74 25.0645 21.4259 24.3234 70.9396 20.3405 64.0959 22.9267 13.0538
internal_count=57305 57183 2660 1351 637 1309 825 632 547 54523 27858 26665 11168 2278 15497 8890 143 15376 27715 27455 121 122 484 714 404 677 260 193
is_linear=0
shrinkage=0.05


Tree=102
num_leaves=31
num_cat=0
split_feature=30 28 3 5 29 29 6 4 4 13 3 30 6 1 8 13 4 6 21 0 9 15 4 30 21 9 5 13 1 28
split_gain=20.8116 28.9851 73.8503 69.4895 50.093 53.1727 42.8623 31.7837 54.7793 63.3398 31.3358 54.3983 60.4423 50.2863 60.8645 80.5157 60.5519 49.7254 44.679 41.3993 36.8666 73.4966 40.7411 31.4141 30.4107 29.4198 25.4519 30.5077 61.0151 72.6281
threshold=72.500000000000014 22.500000000000004 0.77550000000000019 1.5000000000000002 29.500000000000004 49.500000000000007 39.850000000000001 0.52500000000000013 0.42500000000000004 1.0000000180025095e-35 0.77550000000000019 35.500000000000007 55.350000000000001 3.5000000000000004 11.850000000000001 1.0000000180025095e-35 0.83500000000000008 29.950000000000003 0.19100000000000003 1.5000000000000002 11.950000000000001 1.5000000000000002 1.1850000000000003 56.500000000000007 0.15500000000000003 13.900000000000002 2.5000000000000004 1.0000000180025095e-35 6.5000000000000009 65.500000000000014
decision_type=2 8 2 2 10 8 2 2 2 2 2 2 2 2 2 2 2 2 10 2 2 2 2 2 8 2 2 2 2 8
left_child=1 2 7 6 -5 -6 -4 8 25 -10 13 12 17 14 15 -3 -16 -12 24 -14 21 -15 -22 -20 -13 -1 -2 28 -28 -30
right_child=26 10 3 4 5 -7 -8 -9 9 -11 11 18 19 20 16 -17 -18 -19 23 -21 22 -23 -24 -25 -26 -27 27 -29 29 -31
leaf_value=-0.0052683744807724029 -0.020707497121288637 0.026864437125117921 0.053080849055839041 0.077849255615601118 -0.058010759885610969 0.10226192940612258 -0.042484397596361939 -0.043890703718602951 -0.054138105352706967 0.088063854079755796 0.049929943453841497 -0.014442460609766859 0.080808438552187278 0.030039541520821961 -0.015275572607580013 -0.018253134312169655 0.096971339361902734 -0.0091903150787911812 -0.0070770285889309491 0.01997855063073594 0.0033014254245916537 -0.042163233346851584 0.021588652436645872 0.029471498794764073 -0.045119561612430359 -0.047883579103481559 0.07094828221014475 -0.013283046417083295 0.031218612291568422 -0.028481609997027514
leaf_weight=92.013799272477627 249.24457798944786 266.79226425662637 15.47065210342407 53.686496838927269 16.815032312646512 7.4757229536771765 48.567444702610373 124.31679791584611 11.381349131464956 25.101679667830467 40.13353231549263 547.94930242653936 37.900828398764133 317.7553727850318 751.88131175749004 157.12016255967319 12.209973342716692 312.57688349485397 169.20432802289724 106.75271673500538 3027.4303381703794 39.64223313331604 338.6291660964489 90.099274374544621 94.756519200280309 72.339508509263396 36.733587494120002 251.13556844182312 100.45111915562302 103.36643794830889
leaf_count=663 3401 1842 79 225 170 30 445 1252 66 103 328 5630 186 2396 6856 1368 72 2163 1147 576 18211 440 2215 702 1036 729 288 2822 843 1191
internal_value=0.000264562 0.00113429 -0.0108832 0.0191974 0.0508928 -0.00868524 -0.0193973 -0.0240213 -0.0117222 0.0437021 0.0020239 -0.00457673 0.00869918 0.00390455 -0.00505227 0.0101419 -0.0134819 -0.00246325 -0.011897 0.0359167 0.00676231 0.0220309 0.00514114 0.00562235 -0.0189653 -0.0240253 -0.00769166 -0.0010937 0.011632 0.000941538
internal_weight=7518.93 6778 467.168 142.015 77.9773 24.2908 64.0381 325.153 200.836 36.483 6310.83 1399.37 497.364 4911.46 1188 423.912 764.091 352.71 902.009 144.654 3723.46 357.398 3366.06 259.304 642.706 164.353 740.931 491.687 240.551 203.818
internal_count=57475 48930 3762 949 425 200 524 2813 1561 169 45168 11768 3253 33400 10138 3210 6928 2491 8515 762 23262 2836 20426 1849 6666 1392 8545 5144 2322 2034
is_linear=0
shrinkage=0.05


Tree=103
num_leaves=31
num_cat=0
split_feature=30 26 27 21 1 23 23 15 30 9 25 8 28 27 25 29 28 15 1 1 8 5 28 4 5 29 30 2 1 30
split_gain=22.1731 19.514 33.5392 26.1263 21.9672 71.0732 67.5791 73.274 42.3094 41.9388 23.0981 21.7377 31.0226 16.8759 28.6494 30.0757 6.57593 6.57055 6.44602 11.0516 7.68485 12.3103 5.35307 4.30461 3.54652 9.53939 3.25969 1.79782 1.26315 1.06943
threshold=81.500000000000014 5.5000000000000009 52.750000000000007 1.0000000180025095e-35 6.5000000000000009 1.0000000180025095e-35 3.5000000000000004 1.0000000180025095e-35 47.500000000000007 13.750000000000002 0.12500000000000003 20.700000000000006 46.000000000000007 73.850000000000009 1.8600000000000003 9.5000000000000018 20.500000000000004 1.5000000000000002 17.500000000000004 15.500000000000002 14.850000000000001 6.5000000000000009 46.000000000000007 0.35500000000000004 4.5000000000000009 3.5000000000000004 59.500000000000007 1.5000000000000002 4.5000000000000009 82.500000000000014
decision_type=2 2 2 8 2 2 2 2 2 2 2 2 10 2 2 8 10 2 2 2 2 2 8 2 2 10 2 2 2 2
left_child=1 2 4 11 5 8 9 -8 -1 -6 -7 12 -4 26 -15 -16 17 28 19 20 22 -22 -18 -17 -5 -26 27 -3 -2 -20
right_child=16 13 3 24 6 10 7 -9 -10 -11 -12 -13 -14 14 15 23 18 -19 29 -21 21 -23 -24 -25 25 -27 -28 -29 -30 -31
leaf_value=-0.0035839143222430661 -0.017585811793429964 0.05265502314160464 0.030092356150965845 -0.054194826932561037 -0.0093426041542946717 -0.052454282951763388 0.10182575486519903 0.014945229937863564 0.0090270126458959713 0.0050775342613245678 -0.013661885934550935 -0.052364068631776131 -0.05787448570847388 -0.053065266701345204 -0.050645838032678692 0.093223125428532005 0.066707814772043419 0.026837884855967865 -0.023852981134293193 0.055343514874582736 -0.034499352417633668 0.041250210507032994 -0.0032799221341771878 0.046273720690678748 0.042315975263883199 -0.055047296034341713 0.025182572275739497 0.08326836336406189 -0.052345923434242936 -0.055211794692054977
leaf_weight=2999.6486907564104 2.9024710720405009 18.786368977278475 44.509156920015812 50.857285030186176 639.60781252384186 86.601708848029375 34.645473912358284 81.026391241699457 854.57401801086962 2381.999434187077 68.903810633346438 18.244051918387413 12.935397731140254 14.601996423676608 8.3471009060740453 6.7760874330997494 4.1334066856652472 3.1767910160124293 3.8063283096998921 6.2130340998992315 39.546823081560433 6.205055631697177 8.0589743498712778 17.467587057501078 3.7263859510421735 7.7437259647995234 8.8370754420757276 6.4397992938756934 26.25630550365895 9.5154715767130238
leaf_count=21166 98 182 560 1141 5392 801 149 611 6971 15385 740 681 119 333 73 33 35 34 59 88 947 54 170 192 26 127 92 32 852 211
internal_value=-0.000205052 0.000127418 -0.000144371 -0.0245578 0.000327077 -0.00212489 0.00346091 0.0409673 -0.000787768 0.00202511 -0.0352655 -0.0048168 0.0102839 0.0244947 0.00513582 0.0312123 -0.0225069 -0.0414465 -0.0146025 -0.00803075 -0.014826 -0.0242259 0.020447 0.059396 -0.0485306 -0.0234161 0.0513154 0.0604701 -0.0488859 -0.0462519
internal_weight=7476.09 7366.28 7285.02 138.016 7147.01 4009.73 3137.28 115.672 3854.22 3021.61 155.506 75.6886 57.4446 81.256 47.1928 32.5908 109.815 32.3356 77.4791 64.1573 57.9443 45.7519 12.1924 24.2437 62.3274 11.4701 34.0632 25.2262 29.1588 13.3218
internal_count=57354 54806 53869 2654 51215 29678 21537 760 28137 20777 1541 1360 679 937 631 298 2548 984 1564 1294 1206 1001 205 225 1294 153 306 214 950 270
is_linear=0
shrinkage=0.05


Tree=104
num_leaves=31
num_cat=0
split_feature=28 19 30 4 6 18 3 3 30 2 28 13 6 6 28 3 28 21 26 7 10 10 16 0 28 30 5 5 28 23
split_gain=18.5284 103.896 50.8715 69.7647 64.2316 45.1652 43.0142 35.6549 56.7634 43.5721 46.2719 78.05 53.3178 42.4326 75.3859 44.6727 34.5077 34.1553 30.8047 28.2469 26.7811 90.7271 62.3033 51.0038 55.8541 64.3281 60.2538 50.2998 55.6439 49.8849
threshold=22.500000000000004 0.12000000000000001 19.500000000000004 0.81500000000000006 50.45000000000001 1.5000000000000002 0.96650000000000014 0.78200000000000014 38.500000000000007 5.5000000000000009 26.500000000000004 1.0000000180025095e-35 29.950000000000003 80.750000000000014 40.500000000000007 0.96650000000000014 43.500000000000007 -1.0000000180025095e-35 4.5000000000000009 4.5000000000000009 14.950000000000001 15.15 2.5000000000000004 3.5000000000000004 48.500000000000007 45.500000000000007 5.5000000000000009 1.0000000180025095e-35 49.500000000000007 1.0000000180025095e-35
decision_type=8 8 2 2 2 8 2 2 2 2 8 2 2 2 10 2 8 10 2 2 2 2 2 2 10 2 2 2 10 2
left_child=1 2 -1 4 6 -6 -4 20 9 10 11 -9 -12 16 15 -15 -10 -18 -16 -3 23 -22 29 24 25 -2 -26 -25 -29 -23
right_child=7 19 3 -5 5 -7 -8 8 13 -11 12 -13 -14 14 18 -17 17 -19 -20 -21 21 22 -24 27 26 -27 -28 28 -30 -31
leaf_value=-0.060111676609186919 -0.00085926216911373079 0.0010919465990497409 -0.0080056846749295609 -0.027484210825377858 0.079068840522871456 -0.017448685065665662 0.064745685522409196 -0.059193916815126861 -0.044167917808764813 0.06178192866478624 0.050434110426932334 0.1182948616502057 -0.0064113405635360431 0.040898677641908028 -0.049525389472443997 -0.060455841930677282 -0.049006362159747102 -0.010184612219091137 0.047423194276472604 -0.052656530916340642 0.074171366758923343 0.015219407146851195 -0.063365903192318038 0.069763252906676315 -0.032257230409525349 0.012474298799230371 0.040858808129143331 -0.027104435494037633 0.019442576794065993 -0.012230776719845455
leaf_weight=25.971799306571484 2505.1212782245129 30.151407543569803 106.44768260419369 78.361781796440482 68.533083148300648 14.725097909569739 25.110208131372929 8.9534792266786116 128.91000901535153 32.594558604061604 45.32286087796092 20.097202286124229 458.99629981443286 105.06314374599606 58.150997643359005 12.126478739082811 65.03095512278378 439.94165943749249 9.5374207608401758 129.14433853887022 52.0047252997756 697.04443592205644 31.007014251314104 16.747419035062194 193.23656586650759 1415.8314527464099 32.987402785569429 349.99626643024385 78.630209280177951 217.04278620611876
leaf_count=165 16736 176 770 1072 317 68 118 80 1481 161 369 90 3033 768 594 91 819 4775 84 1321 252 5017 342 127 1769 10566 228 3158 844 1762
internal_value=1.51573e-05 -0.00950328 0.00695777 0.0128993 0.0276306 0.0619987 0.00588023 0.000668127 -0.00651457 0.00566148 0.00223192 0.0635925 -0.00130267 -0.0149312 0.00614552 0.0304108 -0.0210784 -0.0151841 -0.0358652 -0.042483 0.0024475 0.00987512 0.00633716 0.000834868 0.00256162 0.0039554 -0.0215956 -0.0152441 -0.0185655 0.00870158
internal_weight=7452.82 478.445 319.15 293.178 214.816 83.2582 131.558 6974.37 1384.73 565.964 533.37 29.0507 504.319 818.761 184.878 117.19 633.883 504.973 67.6884 159.296 5589.65 997.099 945.094 4592.55 4147.18 3920.95 226.224 445.374 428.626 914.087
internal_count=57153 4007 2510 2345 1273 385 888 53146 12345 3733 3572 170 3402 8612 1537 859 7075 5594 678 1497 40801 7373 7121 33428 29299 27302 1997 4129 4002 6779
is_linear=0
shrinkage=0.05


Tree=105
num_leaves=31
num_cat=0
split_feature=10 10 20 30 26 25 1 22 28 28 29 16 27 25 10 29 3 3 28 30 17 30 28 2 29 28 28 17 10 9
split_gain=18.0638 39.3767 21.0425 18.5867 19.522 34.1127 22.3038 18.3813 15.7334 34.3813 16.0362 19.4809 14.2084 28.0231 10.8543 9.42976 5.69101 6.92402 3.904 5.10528 3.77347 2.77851 1.8592 1.62475 1.24107 3.02785 0.0668103 0.0375982 0.00822712 0.00595404
threshold=18.500000000000004 18.300000000000001 1.0000000180025095e-35 83.500000000000014 5.5000000000000009 0.43000000000000005 7.5000000000000009 1.5000000000000002 20.500000000000004 28.500000000000004 9.5000000000000018 1.0000000180025095e-35 73.850000000000009 1.8600000000000003 19.900000000000002 1.0000000180025095e-35 0.82100000000000006 0.71000000000000008 72.500000000000014 84.500000000000014 1.0000000180025095e-35 59.500000000000007 84.500000000000014 8.5000000000000018 38.500000000000007 25.500000000000004 83.500000000000014 1.0000000180025095e-35 19.900000000000002 11.65
decision_type=2 2 8 2 2 2 2 2 8 8 10 2 2 2 2 10 2 2 8 2 10 2 10 2 10 8 10 10 2 2
left_child=1 3 15 4 5 7 -7 -1 23 -10 11 -11 21 -14 -12 16 17 -2 19 20 -5 -6 26 27 28 -26 -20 -4 29 -17
right_child=2 -3 8 18 12 6 -8 -9 9 10 14 -13 13 -15 -16 24 -18 -19 22 -21 -22 -23 -24 -25 25 -27 -28 -29 -30 -31
leaf_value=0.00029811842723693793 -0.023358691324039685 0.09199120848141229 -0.053314422121676246 -0.015621417279562158 0.058904255982846668 -0.037571137017338947 0.0037945486447170298 0.019183548951872992 0.076088950153556156 0.016591775618708969 0.048418478245176588 -0.045699768213274816 -0.052930291876361418 0.032097124003578226 -0.053622839820264882 -0.052790850774637632 -0.053363399962464642 0.045864540435873721 -0.052110974060193473 -0.05238656288966681 0.047922043900284365 0.026558492248574844 -0.0080760683570301455 -0.019301733512672198 -0.052767154021301166 0.011857415465463024 -0.062950485121476163 -0.058959242017679214 -0.052356428195756623 -0.055527848419840743
leaf_weight=6843.9700606940314 8.0290634762495774 11.71310320496559 4.5167524702847031 7.1782335783354956 24.067984232679009 97.422964345663786 48.964381603524089 131.3156542526558 14.21242333203554 63.337653981521726 2.9534638607874539 15.653344869613646 13.694307059980927 33.142438794486225 22.158590396866202 3.9994031991809598 5.1465581618249407 6.5669619888067237 18.295492968987681 6.0752658303827038 3.4637191751971841 9.1683420166373235 2.6117487195879212 3.6617463100701562 5.4713119361549589 2.7103861365467319 1.5413168929517258 8.5035962946712953 32.561945235356688 3.9490052908658981
leaf_count=48231 94 56 94 203 209 2274 645 1047 98 431 51 238 328 310 416 81 120 49 669 231 40 93 20 70 124 42 14 80 916 46
internal_value=-2.24358e-05 0.00038974 -0.014717 0.000241563 0.000428376 0.000152341 -0.0237349 0.000653653 -0.0032676 0.00314189 -0.00681704 0.0042477 0.0249789 0.00723648 -0.0416216 -0.0373028 -0.00815474 0.00778584 -0.0341095 -0.0158165 0.00506057 0.0499816 -0.047732 -0.048726 -0.0491211 -0.0313587 -0.0529532 -0.0570011 -0.0527085 -0.0541507
internal_weight=7456.06 7252.63 203.432 7240.91 7201.75 7121.67 146.387 6975.29 134.998 118.315 104.103 78.991 80.0731 46.8367 25.1121 68.4346 19.7426 14.596 39.1658 16.7172 10.642 33.2363 22.4486 16.6821 48.6921 8.1817 19.8368 13.0203 40.5104 7.94841
internal_count=57320 54370 2950 54314 53137 52197 2919 49278 1478 1234 1136 669 940 638 467 1472 263 143 1177 474 243 302 703 244 1209 166 683 174 1043 127
is_linear=0
shrinkage=0.05


Tree=106
num_leaves=31
num_cat=0
split_feature=14 30 8 8 15 30 5 9 9 19 14 27 8 14 6 5 8 15 1 23 5 5 8 5 6 22 1 30 5 29
split_gain=21.1103 40.7206 28.1699 39.139 44.4222 35.3365 27.9552 23.6315 18.4827 54.3216 18.4473 16.0834 15.6163 65.5749 163.863 145.325 36.28 72.1311 33.6327 1.63726 1.02955 0.10038 0.0536831 0.0212734 0.0200021 0.0153378 0.0135512 0.0103779 0.00974689 0.00857567
threshold=-2.4999999999999996 57.500000000000007 21.900000000000002 17.950000000000003 1.0000000180025095e-35 62.500000000000007 4.5000000000000009 7.2500000000000009 11.850000000000003 0.20000000000000007 3.5000000000000004 82.550000000000011 25.550000000000001 -1.0000000180025095e-35 53.95000000000001 1.0000000180025095e-35 22.400000000000002 1.0000000180025095e-35 2.5000000000000004 5.5000000000000009 3.5000000000000004 1.5000000000000002 11.15 1.0000000180025095e-35 51.150000000000013 4.5000000000000009 5.5000000000000009 72.500000000000014 3.5000000000000004 1.5000000000000002
decision_type=2 2 2 2 2 2 2 2 2 8 2 2 2 2 2 2 2 2 2 2 2 2 2 2 2 2 2 2 2 8
left_child=1 8 3 6 5 -5 7 -3 9 20 11 12 16 14 -14 -15 18 -18 -2 29 23 22 -10 -1 -23 27 -24 -4 -6 -12
right_child=10 2 25 4 28 -7 -8 -9 21 -11 19 -13 13 15 -16 -17 17 -19 -20 -21 -22 24 26 -25 -26 -27 -28 -29 -30 -31
leaf_value=-0.056412752589456605 -0.0082460738668364356 0.017180274846510513 -0.056551579064707772 -0.026590642440890988 -0.058139299262475498 0.086393505549403171 0.074031599700082343 -0.053568327908163654 -0.059645647489966182 0.088435129956000919 -0.056153606338533585 -0.052933590960096859 -0.036104146801690495 0.056804084853721883 0.062060134751876245 -0.014276247316735026 -0.038216597772662793 0.0052202100048472297 0.0023199331511016713 -0.015755417293829843 -0.023298634539255819 -0.059006339278838485 -0.056177381179931402 -0.053203042791984581 -0.06225734336499858 -0.051634348654101193 -0.054050531186730803 -0.05388539023480679 -0.054885494928055306 -0.053346308525196166
leaf_weight=8.2747117653489166 879.84812136180699 18.156613330356777 7.0578144565224665 8.6057562548667175 4.4309852570295316 35.335803726688027 7.5720518939197055 33.730070108547807 8.9657784700393659 9.7576406039297563 3.4227130599319997 14.04353034775704 61.336738852784038 87.011163756251335 138.51911645382643 414.29034337308258 179.16715807747096 204.85320752020925 5230.1172983394936 3.3790677208453408 3.024730220437049 9.214740492403509 17.048223294317726 13.724760147742925 9.7242144718766195 3.8742196671664706 13.35714742541313 7.5585495736449957 4.789188701659441 13.257553576957433
leaf_count=93 8473 180 76 84 41 249 72 394 68 79 48 335 464 484 710 3257 1275 1657 37651 47 33 72 182 328 62 145 232 141 82 274
internal_value=-7.92931e-05 -0.0151893 0.00276601 0.012157 0.0433297 0.0642661 -0.0157144 -0.0288114 -0.0404776 -0.0116311 0.000389318 0.000522549 0.000626885 0.00771593 0.031933 -0.0019388 -0.000138521 -0.0150455 0.000798405 -0.047493 -0.0506498 -0.0576845 -0.0562456 -0.0544103 -0.0606756 -0.0544314 -0.0552431 -0.0551728 -0.0564492 -0.0539224
internal_weight=7453.45 224.203 131.111 112.62 53.1617 43.9416 59.4587 51.8867 93.0919 34.7818 7229.25 7209.19 7195.14 701.157 199.856 501.302 6493.99 384.02 6109.97 20.0593 25.0242 58.3101 39.3711 21.9995 18.939 18.4906 30.4054 14.6164 9.22017 16.6803
internal_count=57288 2613 1464 1102 456 333 646 574 1149 533 54675 54306 53971 4915 1174 3741 49056 2932 46124 369 454 616 482 421 134 362 414 217 123 322
is_linear=0
shrinkage=0.05


Tree=107
num_leaves=31
num_cat=0
split_feature=26 27 21 8 30 9 0 22 1 28 1 0 3 28 1 28 28 1 29 2 1 5 30 5 29 5 0 3 28 18
split_gain=17.4896 29.1501 28.4515 20.2403 19.735 29.7123 22.1697 19.1348 61.1082 60.2256 28.2708 50.6901 56.9455 46.6684 43.454 77.799 42.9037 24.3795 11.9066 23.9717 17.8213 6.22393 5.49543 5.18218 14.7213 3.80945 19.2002 3.00351 2.9216 0.811198
threshold=5.5000000000000009 52.250000000000007 1.0000000180025095e-35 20.700000000000006 53.500000000000007 6.3500000000000005 1.5000000000000002 1.5000000000000002 6.5000000000000009 48.500000000000007 13.500000000000002 6.5000000000000009 0.60450000000000015 69.500000000000014 10.500000000000002 65.500000000000014 46.000000000000007 8.5000000000000018 9.5000000000000018 2.5000000000000004 14.500000000000002 1.0000000180025095e-35 59.500000000000007 4.5000000000000009 41.500000000000007 2.5000000000000004 1.5000000000000002 0.19100000000000003 59.500000000000007 1.0000000180025095e-35
decision_type=2 2 8 2 2 2 2 2 2 10 2 2 2 10 2 8 10 2 8 2 2 2 2 2 8 2 2 2 10 8
left_child=1 7 3 4 6 -6 -3 10 27 17 14 12 -12 -13 16 -16 -1 -10 20 21 -2 22 -20 -4 -25 26 -23 -9 -11 -27
right_child=18 2 23 -5 5 -7 -8 8 9 28 11 13 -14 -15 15 -17 -18 -19 19 -21 -22 25 -24 24 -26 29 -28 -29 -30 -31
leaf_value=0.00014458107014635055 -0.052821113842862734 -0.051370889311177205 -0.05451807464003644 -0.052091907871472977 0.061203830661295935 -0.033696317554446624 0.078327519871243423 -0.0078941313238156865 0.09639494995466423 -0.05673246616800473 -0.0010623157896350465 0.040595585899322974 -0.042648998588448804 -0.048878098504798607 0.025234450419542899 -0.014313890449794349 -0.018243867442703617 0.037259811439248065 -0.051948295810192606 -0.052698680692992855 0.048796232319060273 -0.05304749566418121 0.051765296896090267 -0.055423033512891975 0.063771458993185634 0.060401871972599878 0.056781705905926898 -0.055771226097750232 -0.014254190509571883 0.08205463431526365
leaf_weight=5738.2752701863647 10.888225743547084 4.1650352897122529 51.87238856870681 16.506001412402838 11.150306698866187 31.686221298761666 15.769355669617651 3.8337161391973522 24.91170996427536 13.155925590544941 163.65675797872245 67.149207339156419 165.62376570608467 18.613597029820085 413.11861770413816 177.9045464489609 335.76937947515398 58.025800675153732 2.9438405539840451 7.0973588097840539 7.1465621888637534 4.7143979314714697 2.2560674585402012 8.2761033112183178 3.7706563100218782 11.631063058972359 25.522074103355408 22.508004875853658 5.8468567710369816 6.8866510689258584
leaf_count=41114 110 180 1240 708 107 433 86 35 105 108 1131 524 1641 203 2979 1492 3184 388 88 194 62 118 25 132 33 99 231 315 76 44
internal_value=-0.000246407 -0.000498004 -0.0228365 -0.00282407 0.0101312 -0.0089939 0.0512287 -5.42464e-05 0.0190839 0.0366262 -0.000401004 -0.0130622 -0.0219799 0.0211766 0.000387427 0.01333 -0.000871921 0.0550221 0.0231412 0.0336856 -0.0125537 0.045049 -0.00695041 -0.0476572 -0.018115 0.050595 0.0396574 -0.0488033 -0.0436626 0.0684544
internal_weight=7430.68 7351.59 143.196 79.2769 62.7709 42.8365 19.9344 7208.39 128.282 101.94 7080.11 415.043 329.281 85.7628 6665.07 591.023 6074.04 82.9375 79.0862 61.0515 18.0348 53.9541 5.19991 63.9191 12.0468 48.7542 30.2365 26.3417 19.0028 18.5177
internal_count=57185 56214 2919 1514 806 540 266 53295 1027 677 52268 3499 2772 727 48769 4471 44298 493 971 799 172 605 113 1405 165 492 349 350 184 143
is_linear=0
shrinkage=0.05


Tree=108
num_leaves=31
num_cat=0
split_feature=9 5 29 10 9 10 2 15 21 9 6 19 9 6 21 10 0 28 28 19 14 14 29 28 28 3 10 6 5 10
split_gain=17.6627 44.6899 90.6306 159.464 94.9725 87.0579 56.7456 51.9412 53.0823 38.8299 49.3683 37.5103 60.4892 65.513 64.7393 32.6856 32.6068 49.6154 46.3586 31.9467 31.3067 30.8464 68.1654 67.375 78.9622 92.6097 51.9281 41.2707 36.2023 30.3125
threshold=9.7500000000000018 1.0000000180025095e-35 48.500000000000007 15.450000000000001 12.050000000000002 1.0500000000000003 3.5000000000000004 1.0000000180025095e-35 0.13400000000000004 12.15 25.650000000000002 1.4800000000000002 11.950000000000001 59.95000000000001 0.47200000000000003 6.7500000000000009 3.5000000000000004 19.500000000000004 56.500000000000007 0.040000000000000029 1.5000000000000002 1.0000000180025095e-35 14.500000000000002 44.500000000000007 49.500000000000007 0.65950000000000009 5.8500000000000005 30.250000000000004 2.5000000000000004 1.3500000000000003
decision_type=2 2 8 2 2 2 2 2 10 2 2 8 2 2 10 2 2 8 8 10 2 2 10 8 10 2 2 2 2 2
left_child=15 2 7 4 6 -6 -4 -2 -9 11 -11 12 14 -14 -3 21 17 -12 -18 -5 -10 22 26 27 25 -25 28 29 -1 -23
right_child=1 9 3 19 5 -7 -8 8 20 10 16 -13 13 -15 -16 -17 18 -19 -20 -21 -22 23 -24 24 -26 -27 -28 -29 -30 -31
leaf_value=-0.014658204720410307 0.079837965553944845 -0.00025719790899990228 0.036493396078828143 0.15170530570054014 0.028257654679634394 -0.034440637902269693 0.13514515600150179 -0.035987567138331934 0.025316474108270461 0.072244337654746596 -0.047888166492496727 -0.029175756048494178 -0.023322389273602792 0.0051183322383410741 0.053241427337615457 -0.025681508561661216 -0.015372542686527694 0.0046672985473694001 0.0075340128112434211 0.053601989628484573 -0.027313238130674003 -0.014663414689478363 0.066807715835323883 0.087360729290218361 -0.041783591420775298 0.012242987204995885 0.071844558010811591 -0.048729764546225067 0.016855626236289618 0.098074893037835245
leaf_weight=787.94877953547984 15.495259508490561 185.78440789598972 150.42535004019737 27.995930716395378 107.89587430655956 113.71788131818175 16.140921102836728 137.46846965048462 88.752649392932653 24.743250414729118 45.582187809050083 182.08690852858126 480.17056067381054 350.12511966004968 81.292383819818497 171.34000239614397 586.49157233536243 3034.6629546675831 354.31504211667925 11.794630482792853 41.454058200120926 16.003253728151325 30.440079534426332 66.108728379011154 34.772121146321297 108.16344992443919 19.319236595183611 59.24999825283885 103.05139187723398 9.5028504729270917
leaf_count=8635 70 1882 993 134 574 749 108 1297 549 138 392 1391 3730 3090 601 2470 5220 18381 2968 59 335 92 184 374 410 802 209 657 869 44
internal_value=-0.000169911 0.00100562 0.0127784 0.0272977 0.0175261 -0.00391506 0.0460531 -0.00916546 -0.0143177 -0.00056653 0.00183448 -0.0081588 -0.00467146 -0.0113293 0.0160266 -0.00521718 0.00140122 0.00388957 -0.00674576 0.122626 0.00856069 -0.00237702 -0.00679377 0.0117656 0.0270117 0.0407383 -0.00925492 -0.0258378 -0.0110134 0.0273397
internal_weight=7442.3 6036.4 711.141 427.971 388.18 221.614 166.566 283.17 267.675 5325.25 4045.8 1279.46 1097.37 830.296 267.077 1405.9 4021.05 3080.25 940.807 39.7906 130.207 1234.56 940.759 293.8 209.044 174.272 910.319 84.7561 891 25.5061
internal_count=57407 42661 4868 2617 2424 1323 1101 2251 2181 37793 27099 10694 9303 6820 2483 14746 26961 18773 8188 193 884 12276 9897 2379 1586 1176 9713 793 9504 136
is_linear=0
shrinkage=0.05


Tree=109
num_leaves=22
num_cat=0
split_feature=14 15 29 15 8 1 3 28 10 28 10 3 21 28 16 5 29 20 5 5 29
split_gain=18.9321 22.2705 16.1138 86.7248 36.3445 35.3888 33.2994 20.126 20.9648 34.1105 26.5824 9.27594 8.05018 2.50029 0.735223 0.603388 0.0122735 0.00210072 0.0015293 0.000307112 0.000132916
threshold=3.5000000000000004 4.5000000000000009 1.0000000180025095e-35 1.0000000180025095e-35 13.700000000000001 11.500000000000002 0.48700000000000004 73.500000000000014 18.900000000000002 39.500000000000007 14.950000000000001 0.84800000000000009 0.81650000000000011 81.500000000000014 1.5000000000000002 6.5000000000000009 1.5000000000000002 1.5000000000000002 2.5000000000000004 4.5000000000000009 2.5000000000000004
decision_type=2 2 8 2 2 2 2 10 2 10 2 2 8 10 2 2 8 10 2 2 10
left_child=1 2 3 11 5 -5 -6 8 10 -10 -4 14 13 -9 -1 16 -2 18 20 -20 -18
right_child=15 -3 7 4 6 -7 -8 12 9 -11 -12 -13 -14 -15 -16 -17 17 -19 19 -21 -22
leaf_value=0.087458088231859146 -0.056592516948582444 0.091999885330666276 -0.0014767013718601511 -0.039738997955034938 0.076124989489064737 0.054048253895877252 0.0050998878962235242 -0.05327525528540758 -0.0020656475394742429 -0.051716108041892243 0.007124865760331155 0.030978116084293458 0.027301858082815569 -0.0058969523275890431 0.073958844928086673 -0.028777681224189007 -0.052210678506603048 -0.054272019977164354 -0.053498681445201979 -0.052808828364084286 -0.051569001943821517
leaf_weight=20.98861426115036 3.1959613896906438 6.5619029179215422 5729.1872374457307 76.055179327726364 17.581734746694565 11.591037489473818 268.8748537953943 26.521483814343814 103.17251535411924 52.041266219690442 1065.2164178537205 12.044436275959013 3.9958486687391988 3.1113350186496964 19.418377980589867 2.8272099755704394 1.5861137956380829 3.0823675170540801 3.867542096413672 2.7679870631545782 1.6429683957248924
leaf_count=99 44 36 43801 578 79 59 1574 428 1513 1057 7573 66 52 60 97 33 42 60 68 63 61
internal_value=-0.000199754 -7.21518e-05 -0.000153688 0.00928055 0.000838699 -0.0273358 0.00945917 -0.000729955 -0.000543233 -0.0187128 -0.000128161 0.0694909 -0.0393174 -0.0483007 0.0809708 -0.0500858 -0.0538176 -0.0531326 -0.0527766 -0.0532109 -0.0518842
internal_weight=7435.33 7416.36 7409.8 426.554 374.103 87.6462 286.457 6983.25 6949.62 155.214 6794.4 52.4514 33.6287 29.6328 40.407 18.9702 16.1429 12.947 9.86461 6.63553 3.22908
internal_count=57443 57072 57036 2552 2290 637 1653 54484 53944 2570 51374 262 540 488 196 371 338 294 234 131 103
is_linear=0
shrinkage=0.05


Tree=110
num_leaves=31
num_cat=0
split_feature=14 0 7 5 8 28 28 9 13 2 26 26 20 28 30 21 29 9 29 3 30 5 13 5 9 16 8 5 0 22
split_gain=19.4425 32.1408 46.8657 30.4558 17.2756 57.7287 81.8276 57.7419 92.2473 43.8588 42.0556 56.8589 45.931 32.4202 44.7561 52.7261 39.5553 57.763 30.3585 59.1585 47.5313 47.186 45.3089 68.955 80.8102 71.765 46.6953 48.6129 36.3721 16.5346
threshold=-2.4999999999999996 1.5000000000000002 11.000000000000002 6.5000000000000009 16.950000000000003 24.500000000000004 40.500000000000007 9.2500000000000018 1.0000000180025095e-35 1.0000000180025095e-35 1.0000000180025095e-35 3.5000000000000004 2.5000000000000004 15.500000000000002 23.500000000000004 0.29300000000000004 48.500000000000007 13.250000000000002 29.500000000000004 0.84800000000000009 57.500000000000007 6.5000000000000009 1.0000000180025095e-35 1.0000000180025095e-35 9.7500000000000018 1.5000000000000002 17.400000000000002 1.5000000000000002 3.5000000000000004 4.5000000000000009
decision_type=2 2 2 2 2 8 8 2 2 2 2 2 10 10 2 10 10 2 10 2 2 2 2 2 2 2 2 2 2 2
left_child=1 -1 29 -4 5 13 7 9 -9 -7 12 -12 -8 14 -2 -16 -15 -18 22 21 -21 -20 26 25 -25 -24 -6 -28 -23 -3
right_child=4 2 3 -5 18 6 10 8 -10 -11 11 -13 -14 16 15 -17 17 -19 19 20 -22 28 23 24 -26 -27 27 -29 -30 -31
leaf_value=-0.032647729965159113 -0.057496098053184889 0.065742489103290502 -0.039762308634223101 0.039320810687868857 -0.068363038053054215 0.023384496960033408 0.0061282250699247259 0.073494080321627353 0.013890189806486777 -0.056225578766452115 -0.036467609191736888 0.016594142807773729 -0.025514964179858032 -0.057757379674926113 -0.018079860537570335 0.082742453584775499 -0.055501835135291389 0.17913173307971597 -0.046336898012284633 -0.057212161207637238 0.060995841434719866 0.083783416642667141 0.034442454044868565 -0.034242929393223362 0.0037799502590273302 -0.050389902354556308 -0.014414517572328707 0.0014820968550005719 -0.039830584784732302 -0.014703744946175044
leaf_weight=117.02178076934069 24.320166483521461 30.77174298837781 49.395024920813739 16.156229607760906 29.658213417977095 38.883802838623524 1885.4398506637663 112.10593262687325 154.21041051670909 31.168255195021629 149.57001378387213 76.211165938526392 122.10645406879485 78.72452187538147 30.789060033857822 22.402712002396584 6.1479871124029142 4.5750178396701813 134.12370563298464 11.456794675439594 32.996103560552001 13.566702648997309 270.8582331109792 151.54393863026053 1793.8014229745604 27.457680858671665 825.72542143892497 1151.7485684435815 10.600423268973826 8.0605342276394349
leaf_count=1537 177 193 598 116 202 199 13527 604 1049 398 1637 892 799 852 343 110 93 23 1947 108 229 56 1790 1742 11970 441 7705 7633 149 203
internal_value=-6.17057e-05 -0.0146554 0.0055153 -0.0202709 0.000387674 0.00351417 0.00536523 0.0283557 0.0389805 -0.0120364 0.00190257 -0.0185569 0.00420357 -0.0249757 -0.00130717 0.0243833 -0.0454861 0.0446056 -0.00153353 -0.020436 0.0305302 -0.0347489 -0.000631965 0.00425047 0.000817938 0.0266343 -0.00608976 -0.00515578 0.0295626 0.049044
internal_weight=7411.6 221.405 104.384 65.5513 7190.19 2736.66 2569.7 336.368 266.316 70.0521 2233.33 225.781 2007.55 166.959 77.5119 53.1918 89.4475 10.723 4453.54 202.744 44.4529 158.291 4250.79 2243.66 1945.35 298.316 2007.13 1977.47 24.1671 38.8323
internal_count=57322 2647 1110 714 54675 20703 19105 2250 1653 597 16855 2529 14326 1598 630 453 968 116 33972 2489 337 2152 31483 15943 13712 2231 15540 15338 205 396
is_linear=0
shrinkage=0.05


Tree=111
num_leaves=31
num_cat=0
split_feature=19 8 14 6 6 28 30 16 6 6 8 6 9 8 9 6 16 0 9 4 30 18 30 29 10 4 11 21 21 20
split_gain=19.2363 18.2516 64.1231 167.113 85.5554 87.0586 73.2264 50.8574 49.171 48.795 33.1372 53.406 81.9455 63.337 49.1297 38.7286 28.7801 46.1659 70.7106 61.4449 28.5839 26.7848 58.9564 24.5164 31.4772 29.2199 23.0118 15.8405 9.88302 4.99492
threshold=-0.20499999999999999 25.550000000000001 -1.0000000180025095e-35 53.95000000000001 44.350000000000001 19.500000000000004 49.500000000000007 1.0000000180025095e-35 36.650000000000013 59.95000000000001 22.250000000000004 55.050000000000004 13.900000000000002 24.850000000000005 7.3500000000000005 59.250000000000007 1.5000000000000002 1.5000000000000002 4.8500000000000005 0.28500000000000009 46.500000000000007 1.5000000000000002 22.500000000000004 4.5000000000000009 5.1500000000000012 1.3650000000000004 9.5000000000000018 0.38750000000000007 1.0000000180025095e-35 1.5000000000000002
decision_type=8 2 2 2 2 10 2 2 2 2 2 2 2 2 2 2 2 2 2 2 2 8 2 8 2 2 2 10 8 8
left_child=-1 10 3 21 6 26 8 -7 -4 28 16 12 14 -14 -12 29 23 19 -19 -18 -11 -3 -23 24 -2 -25 -6 -17 -5 -13
right_child=1 2 4 9 5 7 -8 -9 -10 20 11 15 13 -15 -16 27 17 18 -20 -21 -22 22 -24 25 -26 -27 -28 -29 -30 -31
leaf_value=0.071373546331388871 -0.021917608560431737 -0.05729045756298682 0.10275049214023205 0.10043228322132165 -0.046724412829012602 0.024722157905946163 0.160130969320917 -0.027712003665570084 0.007853174544085113 -0.0076317891663879788 0.060526543754583564 -0.064106942895306093 0.059970901769517818 -0.054604471398898062 -0.039447255477373794 -0.024150241303744966 -0.0053866679412563076 0.14686723612108521 -4.2898279102017913e-05 -0.041758183099872059 0.056833360468886131 -0.062328837778722418 0.12305869249891295 0.0039944986839949605 0.00031234991616951066 -0.013436704170134491 0.0064306635052961015 0.022132345168240392 0.05885676653688468 -0.026575314354587421
leaf_weight=9.445675328373909 235.93832707963884 45.436097797006369 16.287110399454832 53.474090564996004 150.06533061899245 146.2653641095385 10.815809061750768 67.626758111640811 84.314281951636076 28.490184359252453 14.219679340720175 72.624508939683437 70.144053474068642 14.566771699115632 90.502982065081596 86.023363366723061 323.37438806798309 8.3019648753106576 611.15130668086931 181.17671411670744 43.373624799773097 10.236763454973699 7.3805023059248915 4197.7695350656286 489.87650522217155 255.02210714947432 23.557347577065229 23.547996459528804 19.508892267942429 10.097439240664242
leaf_count=53 1591 381 110 255 1204 1032 80 625 592 128 128 497 338 81 834 858 3475 47 5124 2287 262 67 51 30673 3166 2957 142 211 98 60
internal_value=6.58116e-05 -2.53174e-05 0.00761541 0.0309453 -0.00210592 -0.013208 0.0365077 0.00814393 0.0232168 0.0605218 -0.000833282 -0.0151381 0.00370455 0.0402687 -0.0258724 -0.0337006 3.3111e-05 -0.00721923 0.001926 -0.0184471 0.0312764 -0.0369983 0.0153366 0.00160722 -0.00691387 0.00299617 -0.0395123 -0.0142036 0.0893188 -0.0595257
internal_weight=7400.62 7391.17 706.832 207.9 498.932 387.515 111.417 213.892 100.601 144.847 6684.34 381.727 189.433 84.7108 104.723 192.293 6302.61 1124 619.453 504.551 71.8638 63.0534 17.6173 5178.61 725.815 4452.79 173.623 109.571 72.983 82.7219
internal_count=57407 57354 5027 1242 3785 3003 782 1657 702 743 52327 3007 1381 419 962 1626 49320 10933 5171 5762 390 499 118 38387 4757 33630 1346 1069 353 557
is_linear=0
shrinkage=0.05


Tree=112
num_leaves=31
num_cat=0
split_feature=14 0 28 8 28 28 1 1 28 28 1 28 3 28 8 15 15 21 28 28 14 27 30 30 2 8 30 29 30 20
split_gain=16.7843 21.1812 37.4269 27.7991 33.5915 28.2652 23.9454 61.7482 59.3547 56.5992 39.2057 71.2964 57.0083 43.6836 41.7495 40.1724 40.1309 32.9889 26.651 25.3263 20.8563 15.8718 33.3805 13.6108 1.68631 0.718274 0.0615937 0.00432405 0.00273993 0.00213477
threshold=3.5000000000000004 6.5000000000000009 72.500000000000014 21.350000000000005 59.500000000000007 49.500000000000007 13.500000000000002 14.500000000000002 43.500000000000007 50.500000000000007 10.500000000000002 65.500000000000014 0.65950000000000009 46.000000000000007 16.350000000000005 2.5000000000000004 1.0000000180025095e-35 0.38750000000000007 33.500000000000007 20.500000000000004 1.5000000000000002 32.45000000000001 66.500000000000014 68.500000000000014 12.500000000000002 17.950000000000003 77.500000000000014 1.5000000000000002 68.500000000000014 1.0000000180025095e-35
decision_type=2 2 10 2 10 10 2 2 8 10 2 8 2 10 2 2 2 10 8 10 2 2 2 2 2 2 2 8 2 10
left_child=1 6 3 4 5 -3 10 18 17 -10 13 12 -12 15 -13 -1 -15 -9 19 -8 -20 22 -5 -6 27 26 -4 -2 29 -29
right_child=24 2 25 21 23 -7 7 8 9 -11 11 14 -14 16 -16 -17 -18 -19 20 -21 -22 -23 -24 -25 -26 -27 -28 28 -30 -31
leaf_value=0.00072764130036616359 -0.055152443062038085 0.033470951687919144 -0.065417328812557379 0.063866163785256655 0.034448857523655799 -0.054728250753238165 -0.053427643151018556 -0.052344688569530867 0.032448210272553311 -0.025813644819105908 0.039984934697863295 -0.052981313649895549 0.0018838254654134014 0.095762648246729531 0.0013211076269738012 -0.028118539133566163 -0.020615578755914143 0.094124910940205447 -0.062357818573934645 0.094084739569344114 0.006335986974247392 -0.067608493515036602 -0.057876778585473555 0.099890567949246778 -0.012729164215487377 -0.037497828559364788 -0.05786305951857721 -0.052765647900933438 -0.052203645994448357 -0.054477922413098456
leaf_weight=5805.1390920840204 2.8263967819511953 53.859249960631132 4.5380157306790334 12.596337087452413 11.753164812922476 10.926539707928894 5.3649857528507692 56.920552562922239 132.39965225663036 60.840376685373485 237.47338959667832 49.251521182246506 167.36808969080448 7.572076514363288 125.81866240501404 123.25831872038543 340.93565305508673 4.1226961761713019 83.525398940779269 6.3581260293722153 12.734095152467487 9.457292187958954 10.181596370413898 24.524003386497498 3.032782804220914 4.622782325372099 6.6559255458414555 3.5297351721674186 5.9651884385384619 3.7586938589811325
leaf_count=43341 47 398 33 69 51 162 104 826 812 560 1474 462 1478 33 1021 1469 3420 17 615 40 110 90 139 123 25 50 95 77 179 54
internal_value=-0.000132245 -1.08611e-05 0.018642 0.0272707 0.0401663 0.0185956 -0.000396148 -0.0129243 0.000527678 0.0141048 0.000265752 0.0127045 0.0242333 -0.000883437 -0.0139555 0.000127895 -0.018087 -0.0424525 -0.0446018 0.0265769 -0.0532704 -0.0131593 0.00944782 0.0786886 -0.046927 -0.0540783 -0.0609256 -0.0533769 -0.0529983 -0.0536487
internal_weight=7387.31 7368.2 149.115 133.298 101.063 64.7858 7219.08 362.266 254.283 193.24 6856.82 579.912 404.841 6276.91 175.07 5928.4 348.508 61.0432 107.983 11.7231 96.2595 32.2352 22.7779 36.2772 19.1128 15.8167 11.1939 16.08 13.2536 7.28843
internal_count=57374 56992 1210 1032 734 560 55782 3084 2215 1372 52698 4435 2952 48263 1483 44810 3453 843 869 144 725 298 208 174 382 178 128 357 310 131
is_linear=0
shrinkage=0.05


Tree=113
num_leaves=31
num_cat=0
split_feature=30 5 8 30 8 28 3 6 25 25 27 30 10 26 28 14 4 6 28 28 27 5 4 4 3 13 21 6 28 28
split_gain=16.5066 30.0623 25.3807 23.4365 50.0446 75.1927 66.6242 74.6517 44.2284 72.8566 62.9246 54.5831 68.2002 44.7348 43.1507 42.9825 57.3412 99.9751 37.3421 35.8327 34.2251 29.8886 29.6815 47.864 26.3908 23.0012 51.3161 47.3829 43.4208 46.7667
threshold=72.500000000000014 2.5000000000000004 20.550000000000004 45.500000000000007 25.550000000000001 38.500000000000007 0.7945000000000001 51.150000000000013 0.10500000000000002 1.0000000180025095e-35 38.250000000000007 44.500000000000007 17.050000000000004 5.5000000000000009 46.000000000000007 1.5000000000000002 0.13500000000000004 34.550000000000004 47.500000000000007 39.500000000000007 32.550000000000004 5.5000000000000009 0.68500000000000016 0.93500000000000016 0.65950000000000009 1.0000000180025095e-35 0.52250000000000008 79.850000000000009 60.500000000000007 61.500000000000007
decision_type=2 2 2 2 2 8 2 2 2 2 2 2 2 2 8 2 2 2 8 10 2 2 2 2 2 2 8 2 8 8
left_child=3 2 -2 8 15 -6 7 -7 9 11 22 19 -13 -12 -8 16 21 -18 -17 -1 -20 -5 24 -24 -10 26 27 -3 -27 -30
right_child=1 25 -4 4 5 6 14 -9 10 -11 13 12 -14 -15 -16 18 17 -19 20 -21 -22 -23 23 -25 -26 28 -28 -29 29 -31
leaf_value=0.0038745893698951951 -0.013306772161586659 0.034745109057358579 -0.05382544690654515 -0.01115426826046037 -0.05662636249229034 0.18667371870808885 0.073627778960606391 0.049192611477471559 0.06587532260583838 -0.053618856771987002 -0.046279181289136995 -0.01218399900345943 0.024121311365222001 0.03750730114400315 -0.025298429938855178 -0.032635251570112635 0.049821014474812242 0.0064445187994049899 0.015066746993619075 -0.046026522580242452 -0.038392762242113632 0.02398274515725337 -0.05809728516021824 0.031493802046708007 -0.010108548328763806 -0.045122339900215844 -0.055832420702155883 -0.018926001225250781 0.11718336863368861 -0.0033700585825106075
leaf_weight=2330.6316204033792 188.62236411310732 147.84750121645629 48.608456388115883 532.47891682386398 22.819253694266081 10.897526502609251 14.376745354384182 105.12983378395438 76.924020748585463 68.735545620322227 51.50201041996479 1433.0835700891912 142.19020019844174 23.065478349104524 47.255553670227528 148.41856033354998 150.6877965349704 1121.4327339744195 122.98767658881843 36.538846328854561 39.571821693331003 68.283528048545122 18.282156847417355 80.776142280548811 13.421243928372858 66.043439987581223 25.172481700778008 56.967691340483725 8.4469579719006997 168.99624302331358
leaf_count=13949 2498 1290 920 4281 252 63 98 529 427 668 1066 11963 1591 330 405 1499 1185 7901 850 213 427 394 124 519 86 1081 298 702 47 1714
internal_value=0.000162025 -0.00708125 -0.021609 0.000935031 0.00490683 0.0288148 0.0397892 0.0621051 -0.00128013 -0.00258475 0.0185444 -0.00169499 -0.00890694 -0.0203621 -0.00222227 0.00271208 0.00557041 0.0115826 -0.0145024 0.00310433 0.00205311 -0.00716054 0.0338617 0.0149589 0.0545875 0.000197788 0.011537 0.0198169 -0.0105128 0.00236873
internal_weight=7370.2 710.705 237.231 6659.49 2384.34 200.479 177.66 116.027 4275.15 4011.18 263.971 3942.44 1575.27 74.5675 61.6323 2183.86 1872.88 1272.12 310.978 2367.17 162.559 600.762 189.404 99.0583 90.3453 473.474 229.988 204.815 243.487 177.443
internal_count=57370 8550 3418 48820 17884 1347 1095 592 30936 28384 2552 27716 13554 1396 503 16537 13761 9086 2776 14162 1277 4675 1156 643 513 5132 2290 1992 2842 1761
is_linear=0
shrinkage=0.05


Tree=114
num_leaves=30
num_cat=0
split_feature=14 29 15 3 16 19 15 7 6 10 10 6 28 14 20 16 0 28 21 3 15 28 11 14 23 29 30 20 28
split_gain=17.152 17.7111 80.4152 38.1874 46.2121 39.7442 38.6283 45.9906 30.882 20.8897 35.5668 20.7794 35.5495 27.3784 24.8513 20.7053 48.2706 24.2731 8.29848 18.1199 5.96325 5.84575 1.43468 1.43104 0.894761 0.00689141 0.00164903 0.00145467 0.000273387
threshold=3.5000000000000004 1.0000000180025095e-35 1.0000000180025095e-35 0.64500000000000013 1.0000000180025095e-35 0.95500000000000018 2.5000000000000004 11.000000000000002 62.45000000000001 18.500000000000004 18.300000000000001 70.950000000000017 39.500000000000007 1.0000000180025095e-35 11.500000000000002 1.5000000000000002 1.5000000000000002 73.500000000000014 1.0000000180025095e-35 0.74450000000000005 1.5000000000000002 57.500000000000007 3.5000000000000004 -1.4999999999999998 5.5000000000000009 1.5000000000000002 69.500000000000014 1.0000000180025095e-35 64.500000000000014
decision_type=2 8 2 2 2 8 2 2 2 2 2 2 10 2 10 2 2 10 8 2 2 10 2 2 2 8 2 10 10
left_child=1 2 18 4 8 -6 7 -5 -4 10 15 14 13 -13 22 17 -17 -3 19 -1 -14 -8 -11 -20 25 -2 27 -27 -28
right_child=24 9 3 6 5 -7 21 -9 -10 11 -12 12 20 -15 -16 16 -18 -19 23 -21 -22 -23 -24 -25 -26 26 28 -29 -30
leaf_value=0.081536250768091928 -0.055465189339120813 0.0016906985144476362 0.044218857043832452 -0.0039801480739382437 -0.045438479183062458 0.023510826570303543 -0.045992451354183096 0.055151825825311057 -0.021066960366110984 -0.051788336551931435 0.091570504977322276 -0.043075120283811254 0.029961385687392372 0.036491718921798824 0.066853590318310924 -0.016900500610500153 0.0030687241824041917 -0.050394148756426227 0.073053557595659319 -0.0095028082293926504 -0.050253331504427227 0.0075363904876913903 -0.025784736519748691 0.095215034126387918 -0.023310782204186711 -0.052663279800484401 -0.052524234016530093 -0.054103240610469672 -0.051754805005912591
leaf_weight=13.865393728017809 3.3199839871376762 5506.5294598583132 45.887571573257446 55.453390203416348 99.517945915460587 26.45669262856245 21.448863111436371 80.787156321108341 29.927319776266813 52.90483153052628 10.661400347948073 13.868102759122847 2.4997244179248801 49.051578475162387 5.0073178708553305 539.36171746160835 689.46037328569219 22.460000840015709 12.763290926814081 9.022069960832594 31.685841749422252 6.691636921837925 5.8953988607972851 16.96937008202076 2.9463898250833145 3.5964910071343184 2.3683415269479156 3.4233398959040642 2.2524275258183479
leaf_count=69 54 39762 224 285 633 191 239 435 234 1264 52 178 32 382 28 6032 5599 350 61 56 662 45 101 82 47 81 61 53 81
internal_value=0.000379397 0.000498502 0.0104836 0.0021779 -0.0123956 -0.030958 0.020068 0.0310836 0.0184478 -0.000104965 0.000318326 -0.0179099 -0.00334501 0.0189544 -0.0400753 0.000174363 -0.00569628 0.00147912 0.0682807 0.0456493 -0.0443879 -0.0332636 -0.0491812 0.0857018 -0.0484958 -0.0534558 -0.0528827 -0.0533655 -0.0521492
internal_weight=7366.08 7348.18 418.791 366.171 201.79 125.975 164.381 136.241 75.8149 6929.39 6768.47 160.913 97.1052 62.9197 63.8075 6757.81 1228.82 5528.99 52.6201 22.8875 34.1856 28.1405 58.8002 29.7327 17.907 14.9606 11.6406 7.01983 4.62077
internal_count=57373 56996 2554 2286 1282 824 1004 720 458 54442 51795 2647 1254 560 1393 51743 11631 40112 268 125 694 284 1365 143 377 330 276 134 142
is_linear=0
shrinkage=0.05


Tree=115
num_leaves=24
num_cat=0
split_feature=20 10 10 29 0 28 19 4 14 4 20 28 28 4 4 21 13 4 1 4 8 29 19
split_gain=14.9971 15.5035 24.9808 23.0508 18.581 21.6945 18.0323 24.154 53.4218 38.3851 20.739 14.4138 44.5054 12.6571 8.53099 5.97589 8.85527 6.55139 1.48984 1.40416 1.21244 0.138194 0.00195788
threshold=11.500000000000002 18.900000000000002 18.300000000000001 1.0000000180025095e-35 5.5000000000000009 44.500000000000007 0.69500000000000017 1.1250000000000002 1.5000000000000002 1.0850000000000002 4.5000000000000009 34.500000000000007 27.500000000000004 1.0150000000000003 1.9850000000000001 0.13400000000000004 1.0000000180025095e-35 2.1250000000000004 9.5000000000000018 1.7950000000000002 20.900000000000002 4.5000000000000009 0.020000000000000014
decision_type=10 2 2 10 2 10 10 2 2 2 10 10 10 2 2 10 2 2 2 2 2 10 10
left_child=1 2 6 13 11 -6 7 9 -9 -1 14 12 -5 18 -8 17 -17 -15 -3 -7 -12 -13 -20
right_child=-2 3 -4 4 5 19 10 8 -10 -11 20 21 -14 15 -16 16 -18 -19 22 -21 -22 -23 -24
leaf_value=-0.00036198314455878461 0.05578019480855622 -0.01665454582617271 0.057935599502162073 -0.033285719977892508 0.054796090205704008 -0.053869796667953634 -0.050932561530865783 0.022355461831084538 -0.010454732336664949 -0.047001088398988575 0.036259031800680151 -0.059150781814266487 0.13559940658960878 -0.020909522097537214 0.0048580637358995914 0.070440272289988642 0.013672482188870502 0.043327671654846571 -0.052958857547782061 -0.0095160435890448095 0.0092444013856554409 -0.052691360759016787 -0.05476681866791358
leaf_weight=6478.5378839606419 11.942480765283106 4.848099406808613 18.59881229698658 34.469870315864682 13.099193796515467 7.5323677361011487 42.210860084742308 339.63786578830332 195.46030232217163 44.419050479307771 8.1761692352592963 10.126016478985546 4.3987537920474997 12.311620282009246 8.1798057621344906 11.480958543717863 17.103944931179285 5.8576399385929099 3.5798489544540644 2.3383839130401611 8.4415679648518545 45.425416208803654 2.5742165669798851
leaf_count=49471 77 31 99 737 95 142 261 2079 1990 352 59 101 19 216 80 59 105 33 72 66 42 1129 48
internal_value=-0.000204829 -0.000296183 6.41509e-05 -0.014993 -0.0277162 0.012615 -8.69131e-05 0.000158175 0.0103706 -0.000679579 -0.0259023 -0.0375278 -0.014173 0.0108669 -0.0418762 0.0222214 0.0364729 -0.000199909 -0.0373844 -0.0433624 0.022536 -0.0538688 -0.0537151
internal_weight=7330.75 7318.81 7143.66 175.146 117.39 22.9699 7125.06 7058.06 535.098 6522.96 67.0084 94.4201 38.8686 57.7563 50.3907 46.7542 28.5849 18.1693 11.0022 9.87075 16.6177 55.5514 6.15407
internal_count=57363 57286 54433 2853 2289 303 54334 53892 4069 49823 442 1986 756 564 341 413 164 249 151 208 101 1230 120
is_linear=0
shrinkage=0.05


Tree=116
num_leaves=31
num_cat=0
split_feature=30 14 30 3 9 3 10 4 9 9 10 10 14 1 30 10 28 5 29 14 4 1 13 30 11 29 1 3 18 5
split_gain=17.936 15.2032 40.9656 37.7557 34.7351 31.3769 31.0215 34.3014 28.1869 26.8367 15.8059 69.6591 66.9555 208.679 99.0929 73.0172 64.2342 59.8289 59.0736 55.5852 158.637 69.8736 39.2084 37.8459 12.879 0.720726 0.428965 0.30318 0.288478 0.0121823
threshold=84.500000000000014 -2.4999999999999996 61.500000000000007 0.69600000000000006 11.050000000000002 0.5415000000000002 0.45000000000000007 0.27500000000000008 11.050000000000002 5.7500000000000009 4.0500000000000007 4.9500000000000011 -1.0000000180025095e-35 3.5000000000000004 52.500000000000007 3.1500000000000008 42.500000000000007 1.0000000180025095e-35 11.500000000000002 -1.0000000180025095e-35 0.31500000000000006 2.5000000000000004 1.0000000180025095e-35 37.500000000000007 3.5000000000000004 1.0000000180025095e-35 14.500000000000002 0.69600000000000006 1.0000000180025095e-35 6.5000000000000009
decision_type=2 2 2 2 2 2 2 2 2 2 2 2 2 2 2 2 10 2 10 2 2 2 2 2 2 8 2 2 8 2
left_child=1 2 4 5 6 9 -1 -8 -7 -4 12 18 13 23 -15 17 -17 -14 22 20 -13 -21 -12 -3 -20 -2 27 -6 -5 -27
right_child=25 10 3 28 26 8 7 -9 -10 -11 11 19 15 14 -16 16 -18 -19 24 21 -22 -23 -24 -25 -26 29 -28 -29 -30 -31
leaf_value=0.10840619489456754 -0.029519254690776504 0.001502431023026036 0.093023527015726831 -0.054301893641579113 -0.056676224533073132 -0.035985287657168116 -0.054125195255165397 0.052485839213306212 0.06841272767665689 -0.025592000086599388 -0.055012271684297426 0.04763403269295341 0.010637019268054625 0.045882388621284603 0.0065917304762513566 0.039778398002041936 -0.061306943388391634 -0.0091677766909058749 0.10868079001738694 -0.040066555248252866 -0.019021115562287302 0.0053256284166348653 -0.011395491281084445 -0.025233838418609114 0.019462943736625757 -0.051547760683227875 -0.069441823066157399 -0.043125768171503487 -0.037479934542011893 -0.054960690804185086
leaf_weight=5.8670326620340338 4.478331126272681 282.00164016894996 5.5309973694384089 17.779439250938594 56.220518640242517 7.7543052937835446 21.3057602038607 11.68143666628748 38.901263425126672 34.592016943730414 117.35443915612996 101.35022496152669 495.79354305565357 417.89651245623827 260.51092563290149 153.01339670270681 17.514426626265049 1651.8610358331352 7.9501796290278461 87.868512216024101 748.52726617082953 2411.6459041405469 91.851532462984324 249.43454676680267 8.2348790951073152 12.286772670224307 6.2466624602675429 4.4550471417605868 2.9750464679673341 3.3214804166927925
leaf_count=47 30 2035 35 328 659 123 397 169 266 415 1111 887 3674 2275 2012 885 127 12036 41 1415 5867 17940 611 3116 66 537 35 47 79 99
internal_value=-1.79635e-05 0.000111578 -0.0130409 0.00869103 -0.0351337 0.0231801 0.0024696 -0.0163721 0.0510614 -0.00924073 0.000506569 -0.00183661 0.0028808 0.0124155 0.0307946 -0.00209529 0.0293962 -0.00459577 -0.0287426 -2.60233e-05 -0.0110723 0.0037299 -0.0358624 -0.0110465 0.0632872 -0.0472008 -0.0569657 -0.0556813 -0.0518906 -0.052274
internal_weight=7336.21 7316.12 213.31 107.533 105.776 86.7786 38.8542 32.9872 46.6556 40.123 7102.81 3574.78 3528.03 1209.84 678.407 2318.18 170.528 2147.65 225.391 3349.39 849.877 2499.51 209.206 531.436 16.1851 20.0866 66.9222 60.6756 20.7545 15.6083
internal_count=57364 56698 2600 1246 1354 839 613 566 389 450 54098 27938 26160 9438 4287 16722 1012 15710 1829 26109 6754 19355 1722 5151 107 666 741 706 407 636
is_linear=0
shrinkage=0.05


Tree=117
num_leaves=31
num_cat=0
split_feature=30 0 0 29 28 13 2 6 4 4 29 28 29 9 30 10 8 28 25 15 6 2 30 4 20 30 28 8 4 4
split_gain=16.8072 14.6185 44.5902 40.7915 61.8701 48.7023 57.1358 50.299 39.1023 54.0383 47.3955 37.9762 36.1219 44.163 55.6988 36.0105 68.946 52.8205 43.9491 35.4044 33.7859 31.1259 35.1256 28.8323 28.2996 24.5021 22.4543 8.35332 7.5282 2.14315
threshold=84.500000000000014 3.5000000000000004 4.5000000000000009 13.500000000000002 16.500000000000004 1.0000000180025095e-35 9.5000000000000018 81.250000000000014 1.1850000000000003 1.0650000000000002 48.500000000000007 53.500000000000007 6.5000000000000009 13.900000000000002 61.500000000000007 14.950000000000001 16.650000000000002 26.500000000000004 0.39500000000000007 1.5000000000000002 71.65000000000002 6.5000000000000009 58.500000000000007 0.60500000000000009 6.5000000000000009 45.500000000000007 42.500000000000007 10.600000000000001 1.1050000000000002 1.1450000000000002
decision_type=2 2 2 8 10 2 2 2 2 2 10 10 8 2 2 2 2 8 2 2 2 2 2 2 8 2 10 2 2 2
left_child=1 8 3 4 -3 6 -5 -7 9 10 11 -1 24 20 -15 16 27 28 -19 -18 -14 29 -23 -12 26 -6 -10 -4 -17 -11
right_child=-2 2 15 5 25 7 -8 -9 12 21 23 -13 13 14 -16 17 19 18 -20 -21 -22 22 -24 -25 -26 -27 -28 -29 -30 -31
leaf_value=0.0015067050748301001 -0.046620820929092373 0.094269892319993012 0.013246318671590969 0.033000281246873361 -0.050906739575941162 -0.041955800950475741 -0.051256872489614191 0.01691292102717348 -0.067811779110535583 -0.060236793037331128 0.006671506452424346 -0.019877079805158723 -0.049141895483927632 0.072942799267063013 0.0071123472888824785 0.0077342348900220556 0.034386089095194118 0.024876844337710351 -0.035669591385824595 -0.010302286791252136 0.035086202507114285 0.072015273157473331 -0.058008071517714255 0.093934927950098696 0.074450214685543678 -0.018618743120193185 -0.00056331108552489309 -0.056073769716394696 -0.051500549364464056 -0.086490636998559259
leaf_weight=5478.6758060818538 19.087993954773992 9.5645604431629163 4.6411372348666182 116.88092149980366 122.78093525394797 105.6658235732466 24.304119281470776 55.262065527960658 19.713536132127047 38.37945955619216 16.64567381888628 215.80464160628617 25.059706127271056 81.104014165699482 53.213636917993426 6.4173758924007407 68.128150623291731 330.68631478119642 32.959063296206295 126.83090065419674 22.682268274948001 10.495954394340517 10.283114111050962 21.945083122700453 8.1748051065951568 112.68074854463339 33.518422849476337 68.320289933122694 32.673329673707485 9.7476017288863641
leaf_count=40581 656 39 83 933 1072 1213 223 448 181 378 186 2064 693 380 381 41 510 2360 434 1229 172 48 130 103 47 895 218 726 545 54
internal_value=0.000235382 0.000358522 -0.00463933 -0.015232 -0.0303914 -0.00293699 0.0184959 -0.0217405 0.00136529 0.000541553 0.00107057 0.00069632 0.0209955 0.0321806 0.0468623 0.00400242 -0.0102026 0.0134523 0.0193892 0.005314 -0.00912503 -0.0434731 0.00766952 0.0562949 -0.012166 -0.0354552 -0.0254676 -0.0516643 -0.0417762 -0.0655542
internal_weight=7282.33 7263.24 1217.8 547.139 245.026 302.113 141.185 160.928 6045.44 5801.98 5733.07 5694.48 243.466 182.06 134.318 670.657 267.92 402.736 363.645 194.959 47.742 68.9061 20.7791 38.5908 61.4068 235.462 53.232 72.9614 39.0907 48.1271
internal_count=57023 56367 10751 4823 2006 2817 1156 1661 45616 43544 42934 42645 2072 1626 761 5928 2548 3380 2794 1739 865 610 178 289 446 1967 399 809 586 432
is_linear=0
shrinkage=0.05


Tree=118
num_leaves=31
num_cat=0
split_feature=26 23 25 23 25 25 3 19 19 25 25 26 10 13 3 10 3 1 14 30 5 9 14 0 23 19 23 23 25 3
split_gain=17.7365 52.6677 21.8124 21.9266 16.9918 29.5916 30.4389 43.2216 28.3553 27.1861 106.082 35.1822 16.2911 17.3417 15.272 12.5699 12.4684 19.825 10.7299 22.8629 10.6007 9.4897 6.88424 3.9377 1.36869 3.42373 0.221627 0.137908 0.0408112 0.0193536
threshold=3.5000000000000004 6.5000000000000009 0.97500000000000009 14.500000000000002 0.43000000000000005 0.22500000000000003 0.62200000000000011 0.024999999999999915 0.15000000000000027 1.0000000180025095e-35 0.10500000000000002 1.5000000000000002 6.7500000000000009 1.0000000180025095e-35 0.24050000000000002 2.2500000000000004 0.72450000000000003 11.500000000000002 1.0000000180025095e-35 59.500000000000007 5.5000000000000009 6.3500000000000005 1.5000000000000002 5.5000000000000009 7.5000000000000009 1.0000000180025095e-35 6.5000000000000009 3.5000000000000004 0.6150000000000001 0.32250000000000006
decision_type=2 2 2 2 2 2 2 8 8 2 2 2 2 2 2 2 2 2 2 2 2 2 2 2 2 8 2 2 2 2
left_child=1 4 14 15 5 9 7 -7 -8 11 -11 -1 13 21 -2 -4 24 22 27 -20 28 -5 -18 -19 26 -26 -16 -6 -3 -17
right_child=2 20 3 12 18 6 8 -9 -10 10 -12 -13 -14 -15 16 29 17 23 19 -21 -22 -23 -24 -25 25 -27 -28 -29 -30 -31
leaf_value=0.00010590754628090802 -0.033055473179131496 -0.05428410620082541 0.039222931472171006 0.074678914794333612 -0.061327509624149415 -0.034267018376868782 0.055677550471616322 0.03685378786542795 -0.016504950970287726 -0.055370680620169747 0.0075244984903090608 0.072076400077235689 -0.052916056006589419 -0.053261269459320554 0.056658433338900333 -0.056703140753237007 -0.039869615007867197 0.056781026229945186 0.071287037691654176 -0.05386321090019458 0.0056629047454767167 0.022291081480222612 -0.16935024124407139 0.0032373891005565733 0.016074662685656185 0.057609619045507932 0.065295726618952027 -0.053239722540649681 -0.051604701173943217 -0.051866230696597598
leaf_weight=6539.4983028583229 7.5134370699524871 27.244004445150495 4.4583439454436329 13.588944405317305 10.45382133126259 44.994608899578452 69.532101407647133 40.67260149307549 16.915166981518269 105.38800703734159 184.25447219610214 17.024835046380758 7.0526325860992065 5.5646197656169525 13.819668993353845 2.2909891977906254 3.0715988222509649 8.812524810433386 6.2347901016473761 8.8000775193795544 8.9451888557523471 23.756639122962952 1.5418787971138952 5.6257836502045384 7.0736198611557484 16.616270214319233 16.055242493748665 10.630475210025905 29.70905007282272 21.254121175035834
leaf_count=49069 64 524 24 60 72 307 389 250 96 1073 1274 82 185 125 135 24 140 96 40 198 89 246 16 56 93 96 93 233 1214 809
internal_value=-7.85429e-05 -0.000446331 0.0164858 -0.00234224 -3.07073e-05 0.000145333 0.0206217 -0.000500678 0.0415536 -0.000369449 -0.0153603 0.000292788 0.0175089 0.0290838 0.0348054 -0.0377599 0.0418268 0.00708679 -0.034237 -0.00196481 -0.0449388 0.0413535 -0.0831436 0.0359181 0.054183 0.0452076 0.0613002 -0.0572497 -0.0528864 -0.0523369
internal_weight=7278.39 7120.3 158.096 77.9663 7054.4 7018.28 172.114 85.6672 86.4473 6846.17 289.642 6556.52 49.9628 42.9102 80.13 28.0035 72.6166 19.0518 36.1192 15.0349 65.8982 37.3456 4.61348 14.4383 53.5648 23.6899 29.8749 21.0843 56.9531 23.5451
internal_count=57172 54910 2262 1473 53083 52540 1042 557 485 51498 2347 49151 616 431 789 857 725 308 543 238 1827 306 156 152 417 189 228 305 1738 833
is_linear=0
shrinkage=0.05


Tree=119
num_leaves=22
num_cat=0
split_feature=19 14 4 28 15 3 28 19 6 28 0 11 4 28 23 26 29 3 30 19 5
split_gain=17.4879 14.2011 16.4734 42.5426 19.9277 69.7714 50.1497 31.2401 23.2021 46.3459 31.0945 11.6175 16.5741 6.42854 2.35181 0.00997871 0.00563434 0.00251324 0.0019473 0.00154347 0.000352784
threshold=-0.20499999999999999 3.5000000000000004 2.0250000000000004 22.500000000000004 2.5000000000000004 0.69000000000000006 43.500000000000007 -0.14499999999999999 81.250000000000014 62.500000000000007 3.5000000000000004 4.5000000000000009 2.1450000000000005 72.500000000000014 7.5000000000000009 2.5000000000000004 1.5000000000000002 0.69000000000000006 70.500000000000014 0.77500000000000024 2.5000000000000004
decision_type=8 2 2 8 2 2 8 10 2 10 2 2 2 10 2 2 8 2 2 8 2
left_child=-1 2 4 15 8 6 -6 -7 10 -10 -2 12 -5 -13 16 17 -3 -4 19 -18 -20
right_child=1 14 3 11 5 7 -8 -9 9 -11 -12 13 -14 -15 -16 -17 18 -19 20 -21 -22
leaf_value=0.063794836474331859 0.0003192836930815415 -0.055137235786534136 -0.053484330271085102 0.036718766430598432 -0.046743990510842451 -0.00823842785047222 0.020266207896428825 -0.053591940206291357 0.015738309274439762 -0.040466501590360443 -0.012750608644713963 0.056434013068755062 -0.054138517468403147 0.0054172294563525 0.00093522832994212719 -0.056320355261429783 -0.052661979173090956 -0.052077550902584528 -0.051179423088243373 -0.054163411570209818 -0.052150116730164599
leaf_weight=10.642590463161469 5851.4912926312536 2.9317733608186254 8.0386079140007478 15.180734839290382 33.964121215045452 61.2782909180969 156.91584150586277 99.818008234724402 424.31276157312095 40.148306532762945 493.44634873699397 45.399647109210491 7.498768860474228 7.1469064727425566 2.3234687000513068 2.5917484601959577 5.2063396070152521 5.2472166344523421 1.4425716735422609 2.5501007083803415 2.6656230785883963
leaf_count=59 44431 49 133 109 459 689 1103 1164 3051 455 4591 318 130 55 14 37 114 146 74 44 79
internal_value=-0.000251991 -0.000345755 -0.000238385 0.0208891 -0.000507159 -0.0121082 0.00834279 -0.0363402 9.24969e-05 0.0108799 -0.000697163 0.0365863 0.00667764 0.0494952 -0.0458308 -0.0534824 -0.0531744 -0.0529287 -0.0526894 -0.0531556 -0.0518093
internal_weight=7280.24 7269.6 7252.48 91.1036 7161.37 351.976 190.88 161.096 6809.4 464.461 6344.94 75.2261 22.6795 52.5466 17.1199 15.8776 14.7964 13.2858 11.8646 7.75644 4.10819
internal_count=57304 57245 56871 928 55943 3415 1562 1853 52528 3506 49022 612 239 373 374 316 360 279 311 158 153
is_linear=0
shrinkage=0.05


Tree=120
num_leaves=31
num_cat=0
split_feature=26 23 27 8 1 8 14 8 14 6 5 16 28 1 28 28 25 28 14 19 1 29 29 6 25 13 29 23 19 30
split_gain=18.715 51.279 19.3888 15.678 23.5033 15.8138 15.6117 14.8275 42.4815 134.868 106.801 29.2174 27.9596 24.6626 13.6449 10.9342 10.2848 9.96978 5.12886 5.05929 3.50815 1.31537 1.24749 0.458968 0.0455608 0.0250446 0.00502346 0.00375231 0.00183163 0.00144129
threshold=3.5000000000000004 6.5000000000000009 82.550000000000011 21.350000000000005 11.500000000000002 7.3500000000000005 3.5000000000000004 25.550000000000001 -1.0000000180025095e-35 53.95000000000001 1.0000000180025095e-35 1.5000000000000002 39.500000000000007 2.5000000000000004 46.000000000000007 51.500000000000007 1.0300000000000002 52.500000000000007 1.5000000000000002 0.029999999999999992 16.500000000000004 2.5000000000000004 3.5000000000000004 68.850000000000009 0.67500000000000016 1.0000000180025095e-35 1.5000000000000002 17.500000000000004 0.13999999999999999 69.500000000000014
decision_type=2 2 2 2 2 2 2 2 2 2 2 2 8 2 8 10 2 8 2 10 2 8 8 2 2 2 8 2 8 2
left_child=1 6 3 5 18 19 7 11 9 -9 -10 13 -13 -1 -3 16 -7 -4 23 -2 -6 -16 -19 -5 25 -23 -8 -24 -26 -28
right_child=2 14 17 4 20 15 26 8 10 -11 -12 12 -14 -15 21 -17 -18 22 -20 -21 -22 24 27 -25 28 -27 29 -29 -30 -31
leaf_value=-0.0076579697049284721 0.01147442049060478 0.022103169684727645 0.058282111928717843 -0.051133944372235819 0.056061927031565401 0.060573669013245506 -0.054764054936113707 -0.035917367798545666 0.047710464352437754 0.053411721190349516 -0.012004323472159271 0.013034923064993612 -0.011107246182775744 0.00233574599320096 -0.010767429428009991 -0.013975448925910752 0.026284214640912341 -0.0073622658020909421 -0.14760206359707212 -0.052016758881656779 0.004136429751851199 -0.052558567577664361 -0.051621607643031898 -0.015734808408286709 -0.051457989647891438 -0.05555491168487238 -0.05292995209244155 -0.053354153387408447 -0.052651291966292348 -0.051764786256589451
leaf_weight=713.61856197100133 6.2052520513534528 6.9944735560566178 2.6315050497651127 10.350501094944773 8.0804376639425737 46.270937032997608 2.9551224578171942 60.438779823482037 92.232713051140308 140.43151702452451 397.9262784216553 137.40582333505154 942.81454874575138 4575.8038869611919 1.8987849093973626 8.8396063484251481 41.465429127216339 1.748107284307477 1.458569839596749 6.3469045236706734 5.4444841835647813 11.187868757173421 8.5822004387155157 1.0045325402170426 24.31930170301348 18.514786378946155 6.3065586667507887 4.9148347144946465 3.7057189885526922 4.5826856547500938
leaf_count=6118 51 82 22 559 97 362 51 493 495 697 3209 1259 8428 32118 18 74 512 15 17 51 56 325 333 26 1094 270 136 100 92 172
internal_value=6.77689e-05 -0.000303352 0.0173507 0.0238094 -0.0108142 0.0321659 0.00010781 0.000211816 0.00716832 0.026534 -0.000767853 -0.00054288 -0.00803632 0.000987451 -0.0439649 0.0390278 0.044368 -0.0315917 -0.0593397 -0.0206294 0.0351592 -0.051715 -0.0471051 -0.0480023 -0.0530619 -0.0544263 -0.0529358 -0.0522525 -0.0516158 -0.0524396
internal_weight=7294.48 7141.14 153.343 135.467 26.3385 109.128 7074.52 7060.67 691.029 200.87 490.159 6369.64 1080.22 5289.42 66.6209 96.576 87.7364 17.8766 12.8136 12.5522 13.5249 59.6265 15.2451 11.355 57.7277 29.7027 13.8444 13.497 28.025 10.8892
internal_count=57332 55057 2275 1805 755 1050 53176 52817 4894 1190 3704 47923 9687 38236 1881 948 874 470 602 102 153 1799 448 585 1781 595 359 433 1186 308
is_linear=0
shrinkage=0.05


Tree=121
num_leaves=31
num_cat=0
split_feature=29 14 16 10 2 14 19 14 9 28 28 28 17 30 3 2 30 9 1 29 5 19 14 0 13 1 1 28 10 16
split_gain=15.1257 40.1329 46.53 27.6723 26.5816 25.7244 24.614 22.937 28.1001 21.2488 21.204 33.7712 17.0742 16.4895 74.2305 49.6792 43.0782 112.138 33.9394 51.7023 53.7834 33.3213 31.5823 67.3499 30.2139 24.2098 12.2357 9.79483 6.17713 3.85424
threshold=1.0000000180025095e-35 -1.0000000180025095e-35 1.0000000180025095e-35 2.1500000000000008 9.5000000000000018 2.5000000000000004 0.95500000000000018 -1.4999999999999998 12.350000000000003 55.500000000000007 46.000000000000007 44.500000000000007 -1.0000000180025095e-35 44.500000000000007 0.89450000000000018 11.500000000000002 45.500000000000007 12.350000000000003 5.5000000000000009 19.500000000000004 1.0000000180025095e-35 -0.14499999999999999 1.0000000180025095e-35 2.5000000000000004 1.0000000180025095e-35 3.5000000000000004 9.5000000000000018 47.500000000000007 4.7500000000000009 1.5000000000000002
decision_type=8 2 2 2 2 2 8 2 2 10 10 10 8 2 2 2 2 2 2 10 2 8 2 2 2 2 2 10 2 2
left_child=1 3 5 -1 6 10 9 -5 29 -4 11 -3 -2 18 16 25 17 -15 19 20 -14 -18 23 -20 -24 -16 -8 -7 -21 -9
right_child=12 2 4 7 -6 27 26 8 -10 -11 -12 -13 13 14 15 -17 21 -19 22 28 -22 -23 24 -25 -26 -27 -28 -29 -30 -31
leaf_value=0.080626383614677291 -0.04914066970825353 -0.00063409762356220667 -0.048210420368890117 0.065278855422966048 0.038490597151533294 -0.052782171298637964 -0.010688452158120199 -0.011966792671939654 0.059551229052086721 0.018339151098818517 -0.013320906830757668 0.053524470614546321 0.0084283021347198676 -0.029732992144320208 -0.018551831400155136 0.074244977018629352 0.10881509516722221 0.0010934885726284318 0.0091578121412456345 0.033898756182208938 -0.0094416244279112854 0.0020660349556208186 -0.020729582847327115 0.060676312189328258 0.011962063913744728 -0.05398425931510234 0.051141346885024225 0.019297448901419226 0.076052417423034632 -0.05561853946030975
leaf_weight=28.358708839863539 18.32138491794467 44.025834329426289 86.338343117386103 17.248795062303543 18.032548189163208 15.712963448837401 25.595989115536213 8.1169023066759109 10.838875956833361 13.929710902273653 27.953760385513306 83.142623782157898 705.03549877181649 426.93132201954722 88.987736113369465 10.434424787759779 7.3293035551905632 954.786078594625 223.67944610863924 14.897213831543921 1045.3723024157807 2815.6161964400671 103.94843666255474 88.55268644168973 220.8052627556026 105.20278809452429 11.640495095402001 6.73263294994831 20.860091810114682 13.413117088377476
leaf_count=139 143 210 577 93 137 202 176 50 52 81 155 500 4987 5544 1886 55 41 6676 1099 82 6452 24142 608 465 1196 1225 71 47 117 93
internal_value=-0.000378044 0.00893755 0.00137885 0.0412273 -0.0185881 0.0188685 -0.0260735 0.018709 -0.00610719 -0.038965 0.0261077 0.0347747 -0.000937029 -0.000807769 -0.0026287 -0.0320365 -0.00119753 -0.00843146 0.00250568 -0.00102807 -0.00224391 0.00234319 0.0124146 0.0237691 0.00149799 -0.0377474 0.00864016 -0.0311616 0.0584904 -0.0391617
internal_weight=7261.84 411.081 333.105 77.9764 155.537 177.568 137.505 49.6177 32.3689 100.268 155.122 127.168 6850.76 6832.44 4409.29 204.625 4204.66 1381.72 2423.15 1786.17 1750.41 2822.95 636.986 312.232 324.754 194.191 37.2365 22.4456 35.7573 21.53
internal_count=57301 2583 2156 427 1042 1114 905 288 195 658 865 710 54718 54575 39569 3166 36403 12220 15006 11638 11439 24183 3368 1564 1804 3111 247 249 199 143
is_linear=0
shrinkage=0.05


Tree=122
num_leaves=31
num_cat=0
split_feature=0 5 28 4 4 28 28 28 4 6 5 28 28 2 5 19 3 7 3 3 3 5 28 2 29 29 17 14 14 5
split_gain=14.9138 40.0721 52.3207 33.9793 50.1392 38.5998 51.5463 41.9461 38.2652 49.4505 41.313 30.5524 65.6028 57.0758 54.4931 50.1198 32.6905 30.0734 33.8317 63.4439 30.1522 43.3561 34.6806 29.9437 29.0943 28.6196 27.2786 26.9336 25.9174 21.7422
threshold=3.5000000000000004 6.5000000000000009 72.500000000000014 1.1850000000000003 1.0650000000000002 53.500000000000007 62.500000000000007 43.500000000000007 1.2350000000000001 73.950000000000017 3.5000000000000004 56.500000000000007 62.500000000000007 4.5000000000000009 6.5000000000000009 0.15000000000000027 0.38000000000000006 26.500000000000004 0.58100000000000007 0.63950000000000007 0.72900000000000009 4.5000000000000009 26.500000000000004 6.5000000000000009 24.500000000000004 6.5000000000000009 1.0000000180025095e-35 -2.4999999999999996 1.5000000000000002 1.5000000000000002
decision_type=2 2 8 2 2 10 10 10 2 2 2 8 8 2 2 8 2 2 2 2 2 2 10 2 8 8 10 2 2 2
left_child=1 3 -3 4 5 7 -7 -1 -5 10 -10 16 26 29 15 -15 28 18 -18 -20 22 -22 -19 -6 -25 -11 -13 -4 -2 -14
right_child=11 2 27 8 23 6 -8 -9 9 25 -12 12 13 14 -16 -17 17 20 19 -21 21 -23 -24 24 -26 -27 -28 -29 -30 -31
leaf_value=-0.0002196704223237975 -0.03852471858829 0.068605089570198619 0.059829529733032884 0.0624746889543134 -0.067233935093242228 -0.051845447371813229 -0.00043282085795200609 0.018080733716023156 -0.034869818325765779 -0.016669654804165174 0.039583803767929387 0.083563400996546799 0.030394988320101082 0.038688329263949488 -0.039465359001107425 -0.0085130297404841168 -0.05164385422320257 -0.046388199962901749 0.035036070296154929 -0.029347359828762 0.033988446799191524 -0.044314888030205002 -0.0049016025445899345 0.062734107293058269 -0.057331210800698446 0.048952794244942269 0.01888884074495277 -0.021584631941428602 0.06922564790971282 -0.055043118347390674
leaf_weight=5079.5454325317405 7.5380213968455818 49.93952102214098 13.38959073834121 41.602155093103647 44.302526226267219 82.196692674420774 119.82097208872437 333.6892350492999 72.038533918559551 21.210072237998247 25.13183356449008 33.315285380929708 8.5320929717272502 126.36495729442686 51.072456429712474 101.34222178347409 85.934883927926421 60.522350873798132 49.673404630273581 166.57684546243399 87.183720632456243 22.173954547382891 300.43665800336748 10.707948923110964 9.5416097277775389 76.690560569986701 31.930279158055782 42.098878255113959 21.493369910866022 58.512219238094985
leaf_count=38389 87 283 61 202 413 878 1194 2183 1094 128 189 178 132 956 544 1153 676 944 316 1641 657 340 2744 53 126 515 173 338 110 504
internal_value=-9.68618e-05 0.000921853 0.0314766 0.000377387 -0.000396101 0.000107588 -0.0213515 0.000908425 0.0189399 0.00965544 -0.0156134 -0.0051559 0.00592656 -0.00274948 0.00721189 0.0176811 -0.0108396 -0.0127971 -0.0251046 -0.0145583 -0.00488935 0.0181112 -0.0118577 -0.044211 0.00615922 0.0347358 0.0519126 -0.00193907 0.0412482 -0.0441702
internal_weight=7234.51 6021.91 105.428 5916.48 5679.8 5615.25 202.018 5413.23 236.673 195.071 97.1704 1212.6 411.07 345.824 278.78 227.707 801.533 772.502 302.185 216.25 470.317 109.358 360.959 64.5521 20.2496 97.9006 65.2456 55.4885 29.0314 67.0443
internal_count=57201 46046 682 45364 43236 42644 2072 40572 2128 1926 1283 11155 3640 3289 2653 2109 7515 7318 2633 1957 4685 997 3688 592 179 643 351 399 197 636
is_linear=0
shrinkage=0.05


Tree=123
num_leaves=31
num_cat=0
split_feature=30 14 0 18 14 28 9 4 4 28 10 5 4 10 4 28 4 9 9 3 1 1 21 28 28 8 28 0 30 5
split_gain=17.2894 14.6968 83.0914 91.2596 69.0917 67.0392 38.2118 54.3191 48.976 102.434 54.2598 42.5715 73.5448 50.7974 163.288 78.0841 49.2615 37.2016 83.3368 83.3604 81.8217 53.0009 46.5027 37.9012 32.5612 39.0399 31.0607 15.4623 32.1065 19.9384
threshold=82.500000000000014 1.0000000180025095e-35 1.5000000000000002 -1.0000000180025095e-35 1.5000000000000002 20.500000000000004 13.65 0.81500000000000006 0.63500000000000012 40.500000000000007 6.7500000000000009 5.5000000000000009 0.64500000000000013 12.050000000000002 0.42500000000000004 62.500000000000007 0.33500000000000008 13.900000000000002 12.350000000000003 0.56800000000000006 7.5000000000000009 3.5000000000000004 0.35400000000000004 43.500000000000007 24.500000000000004 19.800000000000004 61.500000000000007 5.5000000000000009 69.500000000000014 1.0000000180025095e-35
decision_type=2 2 2 10 2 8 2 2 2 8 2 2 2 2 2 8 2 2 2 2 2 2 10 8 10 2 10 2 2 2
left_child=1 6 3 24 5 -5 7 8 10 -10 -1 13 16 14 -8 -15 -13 18 23 -20 21 -19 -22 -4 25 -3 -14 29 -29 -9
right_child=-2 2 17 4 -6 -7 11 27 9 -11 -12 12 26 15 -16 -17 -18 20 19 -21 22 -23 -24 -25 -26 -27 -28 28 -30 -31
leaf_value=-0.0031308075171574898 -0.025722783600817985 -0.05158745949227548 -0.011666023328308454 0.0028305867677149567 -0.044369249423809765 0.045189890912342795 -0.0017191374517393472 0.01770685298326936 0.16513059049162804 0.010452679760088127 -0.026526658280182792 0.019347630521713302 0.086644261223319863 0.013368455998286899 0.045987278410298954 -0.03427351226072041 -0.049398884121325586 0.040029207003236117 0.093509949955490113 -0.0095054881755463061 -0.0038321156657653895 -0.031048242472503824 0.027118730816601239 0.013291406915941446 0.064388085266646161 -0.0001989849582116544 0.0022249856743890204 -0.057278951230195101 0.099371637542345181 -0.058017041748875342
leaf_weight=1712.8564232997596 66.498364781728014 59.864324577152729 307.01453077606857 128.74268669635057 30.27583172172308 340.29791395552456 1459.3456906499341 9.7665571067482215 12.20218365639448 87.152387558482587 289.74376852344722 126.30021967366338 50.593704681843519 137.60709749162197 204.50080374069512 229.34880691207945 32.832287535071373 28.214011698961258 51.300522647798061 31.81778871640563 766.9079161323607 372.53664777614176 144.17408747412264 301.52397010196 12.375587273389099 96.592506296932697 13.886730827391146 7.8737092837691289 5.5953391250222921 79.075193891301751
leaf_count=15430 1943 395 3034 898 160 2079 9193 99 67 828 3246 786 257 902 1179 1531 242 136 278 233 6097 2657 911 2661 55 559 76 57 62 1036
internal_value=-0.000345858 -0.000109189 0.00282333 0.0180925 0.0288377 0.0335631 -0.00186635 -0.00654748 -0.00481582 0.0294494 -0.00651581 0.00271064 0.0234167 0.000430679 0.00414438 -0.016408 0.00516382 -0.00226883 0.00711437 0.0540755 -0.00721608 -0.0260442 0.0010657 0.000700102 -0.0136859 -0.0198615 0.0684634 -0.0421241 0.00779715 -0.0496926
internal_weight=7196.82 7130.32 2671.64 668.149 499.316 469.041 4458.68 2204.27 2101.95 99.3546 2002.6 2254.42 223.613 2030.8 1663.85 366.956 159.133 2003.49 691.657 83.1183 1311.83 400.751 911.082 608.539 168.832 156.457 64.4804 102.311 13.469 88.8418
internal_count=57087 55144 20153 4146 3137 2977 34991 20825 19571 895 18676 14166 1361 12805 10372 2433 1028 16007 6206 511 9801 2793 7008 5695 1009 954 333 1254 119 1135
is_linear=0
shrinkage=0.05


Tree=124
num_leaves=31
num_cat=0
split_feature=7 28 28 30 5 5 1 5 5 28 28 5 28 7 30 1 30 6 1 3 3 14 6 6 5 7 14 5 15 19
split_gain=14.24 33.7175 73.2238 45.6627 65.5941 35.1067 30.9348 32.0342 30.0973 51.0315 31.2712 45.9547 42.8737 71.6298 58.7725 42.5968 47.0155 43.2788 41.4126 48.4736 39.5507 35.2427 30.0887 50.3553 45.7899 40.7928 34.0547 33.5355 37.5662 33.1845
threshold=23.500000000000004 56.500000000000007 62.500000000000007 54.500000000000007 4.5000000000000009 3.5000000000000004 9.5000000000000018 6.5000000000000009 6.5000000000000009 72.500000000000014 48.500000000000007 5.5000000000000009 43.500000000000007 7.5000000000000009 54.500000000000007 11.500000000000002 47.500000000000007 69.65000000000002 11.500000000000002 0.84800000000000009 0.65950000000000009 -1.4999999999999998 72.750000000000014 69.65000000000002 1.5000000000000002 26.500000000000004 -1.0000000180025095e-35 1.0000000180025095e-35 2.5000000000000004 0.030000000000000141
decision_type=2 8 8 2 2 2 2 2 2 8 10 2 10 2 2 2 2 2 2 2 2 2 2 2 2 2 2 2 2 8
left_child=8 22 -3 4 5 -4 -5 -8 10 -10 12 18 15 21 -15 16 -1 -17 19 -12 -20 -14 23 24 -2 -24 -26 28 -27 -25
right_child=1 2 3 6 -6 -7 7 -9 9 -11 11 -13 13 14 -16 17 -18 -19 20 -21 -22 -23 25 29 26 27 -28 -29 -30 -31
leaf_value=-0.0017121275827677186 -0.045575048284733632 0.054067855982468507 0.016808471792547994 -0.048016109813574029 0.080546499883784969 -0.063720430275355136 0.0076844636016144725 -0.041250385181099226 0.065283767027620662 -0.0054477510910619304 -0.034813950319131211 0.049943892076786206 0.055053373226544314 0.050032765026149 -0.0097186583372793432 -0.048078306090130161 0.00881253435855784 0.010778467034916897 0.063085186366424351 0.04057219961982942 -0.050977178139794257 -0.029882491425447483 -0.032647101541669159 0.066931642976078079 0.099402183161934179 0.084691971208882486 -4.772327278973737e-05 -0.010012922124702424 -0.054843242145567156 -0.0005950783806787192
leaf_weight=3652.5031485678628 58.656253773719072 68.74159612134099 56.393542073667049 54.684026653878391 34.967262886464596 17.807753439992666 129.76376506779343 45.056197576224804 48.62394717335701 53.623275656253099 224.87929550465196 25.309235183522105 14.420259797014294 165.7977980170399 54.742861829698086 87.268651607446373 1495.630193116609 48.643087761476636 25.711966166272759 23.55746992956847 10.788914790377019 79.793967373669147 233.13404599670321 43.321745295077562 10.098591814748941 19.09105317294598 58.323878968134522 332.27270195772871 6.4543422926217309 31.367075915448368
leaf_count=26736 602 363 427 599 184 155 1374 517 286 399 2430 181 106 943 371 806 12421 356 148 217 87 564 2109 258 74 103 475 3513 100 278
internal_value=0.000300338 -0.00467227 0.00701801 -0.00253186 0.0240881 -0.00251786 -0.0151942 -0.00492747 0.0012931 0.0281888 0.000827711 -0.014624 0.00168394 0.0196112 0.0352012 0.000616064 0.00134549 -0.0270133 -0.0203592 -0.0276656 0.0293707 -0.0168824 -0.0106804 0.00599059 -0.013159 -0.0163724 0.0146303 -0.00576868 0.0494368 0.0385724
internal_weight=7211.43 1200.13 407.414 338.673 109.169 74.2013 229.504 174.82 6011.29 102.247 5909.05 310.247 5598.8 314.755 220.541 5284.05 5148.13 135.912 284.938 248.437 36.5009 94.2142 792.72 201.768 127.079 590.952 68.4225 357.818 25.5454 74.6888
internal_count=57182 11131 3619 3256 766 582 2490 1891 46051 685 45366 3063 42303 1984 1314 40319 39157 1162 2882 2647 235 670 7512 1687 1151 5825 549 3716 203 536
is_linear=0
shrinkage=0.05


Tree=125
num_leaves=31
num_cat=0
split_feature=14 30 3 8 30 21 19 9 19 6 3 1 6 6 24 10 4 6 29 6 4 21 6 9 4 10 0 30 23 6
split_gain=16.1087 32.6135 29.7625 30.9281 26.5198 24.3679 47.8337 20.5182 49.1674 25.235 16.2445 13.3013 62.1759 50.9096 51.4604 47.6302 48.8052 40.9533 45.9512 37.8493 37.1415 62.8295 39.9219 33.0875 32.3105 86.4975 33.0012 31.0373 29.5275 28.5144
threshold=-2.4999999999999996 57.500000000000007 0.69600000000000006 17.950000000000003 62.500000000000007 0.35400000000000004 0.040000000000000001 11.850000000000003 0.020000000000000014 33.050000000000004 0.57800000000000007 2.5000000000000004 35.150000000000013 33.050000000000004 2.5000000000000004 2.2500000000000004 0.10500000000000002 19.850000000000005 15.500000000000002 33.350000000000001 0.12500000000000003 -1.0000000180025095e-35 25.850000000000005 8.4500000000000011 0.085000000000000006 1.2500000000000002 1.5000000000000002 13.500000000000002 1.0000000180025095e-35 53.050000000000004
decision_type=2 2 2 2 2 8 8 2 8 2 2 2 2 2 2 2 2 2 10 2 2 10 2 2 2 2 2 2 2 2
left_child=1 7 3 5 -5 6 -3 8 -1 -10 -6 15 13 20 23 16 24 18 -17 28 22 -22 -13 -15 25 -2 -26 -14 -18 -29
right_child=11 2 -4 4 10 -7 -8 -9 9 -11 -12 12 27 14 -16 17 19 -19 -20 -21 21 -23 -24 -25 26 -27 -28 29 -30 -31
leaf_value=-0.054032723092443835 -0.0035737924036601193 0.06980722205262721 -0.051600685207266697 -0.035910989970983277 0.13711427989176281 -0.054436406053902556 -0.043273396594257905 -0.056587954306641763 -0.0013494366216002295 0.13930533606909112 0.048572873780978201 0.020000326224481196 0.062694838695939878 0.1065016768228029 -0.041371410743086895 -0.053251781105091267 0.1048704315579268 -0.03018174988484178 0.072022629930028989 -0.036855963722502903 -0.0053748044011303836 0.046954964971395362 -0.015981768634140112 0.040255119595704936 -0.055406817664527645 0.066588478052245756 0.040768853902469197 -0.006398269549235485 -0.010204610878127874 0.0015697902686834281
leaf_weight=20.809036853723228 576.54756599292159 18.872402946464717 20.82349271979183 8.1345553481951338 6.2810802357271305 20.145352330990136 18.537958424538374 53.083207760006189 6.232201053760944 6.5301713831722736 29.558008871041238 123.03258258104324 19.260145515203476 22.845433089882135 16.698990143835545 11.076749145984648 25.271543323993683 237.38915302185342 21.583129853010178 8.9121696799993497 103.70040462072939 128.35789646022022 206.41913473233581 107.73368350975215 47.125157030299306 47.55033952370286 11.001802593469618 1625.1720459377393 7.1521028243005267 3632.1815081755631
leaf_count=441 4480 171 455 77 52 291 204 641 81 39 234 1036 96 144 311 59 166 3554 103 63 1015 826 1574 617 500 360 103 11516 161 27873
internal_value=-9.2473e-05 -0.0137701 0.00285164 0.0140197 0.0455915 -0.0101017 0.0137724 -0.0372393 -0.00664527 0.0706199 0.0640904 0.000317145 0.00120651 0.015111 0.041276 -0.00504031 0.00164755 -0.0229595 0.0295352 0.0544029 0.00824815 0.0235702 -0.00254438 0.0518453 -0.00154887 0.00177191 -0.0372035 -0.000661222 0.0794868 -0.000893325
internal_weight=7188.02 209.007 122.353 101.529 43.9736 57.5557 37.4104 86.6546 33.5714 12.7624 35.8391 6979.01 5985.4 708.788 147.278 993.61 723.561 270.049 32.6599 41.3358 561.51 232.058 329.452 130.579 682.225 624.098 58.127 5276.61 32.4236 5257.35
internal_count=57243 2686 1484 1029 363 666 375 1202 561 120 286 54557 45008 5523 1072 9549 5833 3716 162 390 4451 1841 2610 761 5443 4840 603 39485 327 39389
is_linear=0
shrinkage=0.05


Tree=126
num_leaves=31
num_cat=0
split_feature=30 8 21 14 3 20 8 4 19 4 4 30 16 8 3 16 8 0 3 8 1 14 9 2 25 3 2 14 9 19
split_gain=16.9397 33.4567 26.6243 25.9611 40.6584 29.395 29.6812 43.0647 20.2218 26.4243 21.4695 16.9907 54.7382 52.7398 59.971 45.5593 79.1139 74.0384 67.1878 55.6155 47.5645 37.8938 37.9448 52.677 42.1717 35.2582 33.3903 26.981 20.9626 35.0005
threshold=71.500000000000014 21.650000000000002 0.47200000000000003 2.5000000000000004 0.64500000000000013 1.0000000180025095e-35 19.000000000000004 0.53500000000000014 0.15999999999999984 1.7550000000000001 0.87500000000000011 47.500000000000007 2.5000000000000004 25.550000000000001 0.7945000000000001 1.0000000180025095e-35 17.050000000000004 1.0000000180025095e-35 0.65950000000000009 12.700000000000001 3.5000000000000004 2.5000000000000004 10.750000000000002 1.5000000000000002 0.10500000000000002 0.62200000000000011 4.5000000000000009 2.5000000000000004 11.850000000000003 0.040000000000000029
decision_type=2 2 10 2 2 8 2 2 10 2 2 2 2 2 2 2 2 2 2 2 2 2 2 2 2 2 2 2 2 8
left_child=11 3 -3 5 -5 6 -2 -8 9 -7 -10 12 21 15 -15 17 18 20 -17 -19 -13 22 23 -1 -24 -23 -18 -16 29 -14
right_child=1 2 -4 4 -6 8 7 -9 10 -11 -12 13 28 14 27 16 26 19 -20 -21 -22 25 24 -25 -26 -27 -28 -29 -30 -31
leaf_value=-0.0010298335465446261 -0.00228550134748281 -0.037293182834723063 0.012325009079603898 0.060168463724583024 -0.056879043583238934 -0.028732354312880168 0.078300832593847694 -0.00098297646533047011 0.040095604325161169 0.038040904983364925 -0.017438529016704514 0.10997821748547801 -0.051162659610468335 0.052551917665898777 -0.023481288201610225 0.018210411129269251 -0.020825256401522191 -0.045580972753345668 0.087800285820787194 -0.0061176997828459477 0.018081072814278783 0.042350229120646253 0.0018007751039077792 -0.027207230863876549 0.025818024381270413 -0.052998406739060248 0.0045657704046207104 0.057715353607884025 -0.059611812696164272 0.0627202488497451
leaf_weight=727.66578772338107 207.8070625513792 129.30236414121464 34.182791282422841 35.031044559087604 9.4129444472491723 192.22590819792822 31.784488201141357 37.141583218239248 29.290415305644274 16.053635386750102 36.322360650636256 18.12618076428771 17.172651880886406 113.85206538811326 52.368996262550354 474.90341097675264 189.51359019335359 104.06966487690806 37.417553637176752 628.18862573057413 63.086500387638807 11.678652964532374 2986.6478848271072 261.15154671669006 194.68842946924269 57.096454877406359 408.73331869486719 12.71517828479409 53.66484927944839 11.112756084650757
leaf_count=6868 2544 1911 381 259 173 2311 290 425 286 149 454 156 372 607 483 3535 1784 892 268 4943 347 58 18737 3251 1257 813 2928 90 577 91
internal_value=0.000181461 -0.00688484 -0.0269186 -0.00138091 0.0353786 -0.00434797 0.00714515 0.0355779 -0.0159603 -0.0235856 0.00824547 0.00101588 -0.000778065 0.0047018 0.0306663 0.0022871 0.00887201 -0.00670277 0.0232929 -0.0117263 0.038592 4.42074e-06 0.000611528 -0.00794341 0.00327056 -0.0368073 -0.00347764 -0.0076183 -0.0412526 -0.0064204
internal_weight=7182.41 758.555 163.485 595.069 44.444 550.625 276.733 68.9261 273.892 208.28 65.6128 6423.85 4320.88 2102.98 178.936 1924.04 1110.57 813.471 512.321 732.258 81.2127 4238.93 4170.15 988.817 3181.34 68.7751 598.247 65.0842 81.9503 28.2854
internal_count=57240 9183 2292 6891 432 6459 3259 715 3200 2460 740 48057 32024 16033 1180 14853 8515 6338 3803 5835 503 30984 30113 10119 19994 871 4712 573 1040 463
is_linear=0
shrinkage=0.05


Tree=127
num_leaves=31
num_cat=0
split_feature=30 8 15 28 16 14 18 14 29 15 6 9 19 15 4 7 0 3 7 28 28 3 28 30 8 23 14 1 16 1
split_gain=13.0903 18.4283 23.2307 38.1663 24.1046 22.9841 22.3413 23.1309 21.3348 24.3985 20.7021 26.8364 19.8652 18.068 46.1648 58.1704 36.2239 32.7727 29.8861 29.3627 32.2034 29.3552 46.2594 26.316 53.6353 25.1652 23.1553 21.6923 20.2912 8.65581
threshold=72.500000000000014 20.700000000000006 1.0000000180025095e-35 28.500000000000004 1.0000000180025095e-35 1.0000000180025095e-35 1.5000000000000002 2.5000000000000004 12.500000000000002 1.5000000000000002 28.650000000000002 5.7500000000000009 0.15999999999999984 2.5000000000000004 2.0650000000000004 29.000000000000004 6.5000000000000009 0.6100000000000001 29.000000000000004 46.000000000000007 43.500000000000007 0.68600000000000005 69.500000000000014 48.500000000000007 25.550000000000001 2.5000000000000004 1.5000000000000002 9.5000000000000018 1.5000000000000002 13.500000000000002
decision_type=2 2 2 10 2 2 8 2 10 2 2 2 10 2 2 2 2 2 2 10 10 2 8 2 2 2 2 2 2 2
left_child=13 6 -3 4 -4 -6 10 -8 9 -5 -2 -12 -13 16 15 23 18 -17 19 20 -1 -20 -23 -15 -25 29 -27 -21 -19 -18
right_child=1 2 3 8 5 -7 7 -9 -10 -11 11 12 -14 14 -16 17 25 28 21 27 -22 22 -24 24 -26 26 -28 -29 -30 -31
leaf_value=0.00073152181056578426 -0.040335949649332625 -0.051440665681237965 -0.057573609384534465 0.03071195190977152 0.034367207309168632 0.14968884362352572 -0.050550556556747478 0.04037888893641977 -0.04788548774456701 -0.034379400236286849 0.071640178712326405 -0.0021942018505181106 0.031799855692206759 -0.052222630091674188 0.05365768715256064 0.067793773463141624 0.035996947658947995 -0.030673060423314271 -0.047212042091207572 -0.025589114122777819 0.015101132872988698 0.055164756366514522 -0.055466660335926898 -0.023507904138799964 0.11323350954099382 0.068611558650784166 -0.054927779605260511 0.0056991446215488087 0.064025602443577023 0.091018513610409246
leaf_weight=5387.2644067397341 27.522398659028113 45.620053853839636 5.2010643491521504 27.54465273860842 18.692838226445023 5.6194815123453727 39.286431005224586 8.5087394472211582 50.186412249691784 30.159826828166842 14.345662508159874 346.34809733740985 49.06422136630863 78.936878668144345 24.897860014811158 26.781026594340801 11.22356788814068 23.412179827690128 63.32015660777688 173.12045188061893 420.31888715550303 22.203375846147537 16.449069458991289 134.30613790638745 7.5756820291280738 6.2491095364093754 9.6504050064831972 81.463982474058867 7.4587976932525626 19.684289582073689
leaf_count=39918 466 729 80 284 256 38 589 89 917 376 119 4023 483 1104 202 130 57 217 932 1449 2561 123 212 1135 49 33 136 518 34 95
internal_value=-0.000341413 -0.00700677 -0.0205257 -0.0102615 0.0401225 0.0610223 -0.00190592 -0.0343628 -0.024044 -0.0033087 0.00164165 0.00446118 0.00202391 0.000342177 -0.0115725 -0.0174047 0.000924142 0.0273194 0.000591399 0.00104294 0.00177151 -0.0262522 0.00808406 -0.0290814 -0.0162067 0.0447437 -0.00637216 -0.0155772 -0.00779273 0.0710385
internal_weight=7182.42 668.1 183.024 137.404 29.5134 24.3123 485.076 47.7952 107.891 57.7045 437.28 409.758 395.412 6514.32 303.369 278.471 6210.95 57.652 6164.14 6062.17 5807.58 101.973 38.6524 220.819 141.882 46.8074 15.8995 254.584 30.871 30.9079
internal_count=57354 8449 2680 1951 374 294 5769 678 1577 660 5091 4625 4506 48905 2871 2669 46034 381 45713 44446 42479 1267 335 2288 1184 321 169 1967 251 152
is_linear=0
shrinkage=0.05


Tree=128
num_leaves=31
num_cat=0
split_feature=16 8 3 8 30 4 4 6 18 3 14 21 6 30 29 30 25 6 9 7 28 8 19 29 6 0 23 4 9 4
split_gain=13.6917 36.4694 45.3022 72.8694 81.7583 54.2756 73.8178 41.0271 40.2417 37.2152 36.3951 30.103 29.0024 34.8067 24.5069 28.8873 21.0072 20.4272 68.335 95.7026 77.3606 85.898 74.9146 59.5303 51.6167 46.5937 46.8244 43.0308 36.7785 22.9604
threshold=1.5000000000000002 24.700000000000006 0.6170000000000001 21.500000000000004 51.500000000000007 0.025000000000000005 0.085000000000000006 57.250000000000007 -1.4999999999999998 0.48700000000000004 -3.4999999999999996 0.61250000000000016 60.95000000000001 49.500000000000007 1.0000000180025095e-35 49.500000000000007 0.77500000000000013 41.650000000000013 13.900000000000002 11.000000000000002 33.500000000000007 21.500000000000004 0.14999999999999999 25.500000000000004 42.250000000000007 1.5000000000000002 3.5000000000000004 1.6150000000000004 9.6500000000000004 0.055000000000000007
decision_type=2 2 2 2 2 2 2 2 10 2 2 8 2 2 8 2 2 2 2 2 10 2 10 8 2 2 2 2 2 2
left_child=16 2 3 5 -5 9 -7 8 -3 -2 -4 12 -9 -14 -12 -16 17 18 19 22 21 -20 -1 -21 28 27 -27 -26 -19 -30
right_child=1 7 10 4 -6 6 -8 11 -10 -11 14 -13 13 -15 15 -17 -18 24 20 23 -22 -23 -24 -25 25 26 -28 -29 29 -31
leaf_value=-0.0052718499975999865 -0.051804076166824232 0.073886369253842968 0.065111930150198324 0.15187570952317161 0.0043109694852986559 0.08967125047222968 0.000468120705871279 0.085362467008127413 -0.04613456583521456 -0.0043720555772718385 0.031785709105594841 -0.040619335544409454 -0.043030017670645807 0.049751209966233917 -0.04156049075571594 -0.014786986609642214 -0.036376738035239879 0.069828825822555701 0.042170443703102703 -0.023406144967389835 -0.038340750331750661 -0.025592326220805414 0.061740628281851062 0.081262260741708725 0.011338718440388714 -0.0043916897352205761 0.023432578760564385 -0.064529246349769115 -0.0096085824159751268 -0.060910636264604003
leaf_weight=1233.15921581164 83.024473482742906 8.806590333580969 12.270589356776325 16.39469950646162 21.958747736178339 24.492999387905002 436.67607048153877 32.045982022769749 33.745316814631224 82.393951604142785 20.119031731039286 10.816275611519812 13.838604040443895 37.501097288914025 159.66338165756315 273.03308293200098 37.766273443587124 7.6963259112089863 298.70759046822786 17.983276285231113 44.560615792870522 55.448419719934464 43.165567860007286 55.53825144097209 916.4247636096552 2918.9502302720211 159.46479596709833 19.078801459632814 32.828462727367878 64.978691844269633
leaf_count=10462 839 51 93 86 164 193 4067 149 281 772 107 76 62 258 1864 3180 1011 76 1523 170 299 300 259 328 5602 22632 1518 257 245 409
internal_value=-0.00021708 -0.00493389 -0.00788516 0.000487439 0.0673895 -0.00360764 0.00520576 0.0194531 -0.0212949 -0.0281785 -0.0198556 0.0378593 0.0480391 0.0247421 -0.0221581 -0.0246663 0.000794674 0.00103391 0.00556192 0.000189861 0.0237489 0.0315612 -0.00300547 0.0556605 -0.000888089 1.93052e-05 -0.00295037 0.00979146 -0.0354102 -0.0436914
internal_weight=7172.53 1266.78 1130.03 664.941 38.3534 626.587 461.169 136.754 42.5519 165.418 465.086 94.202 83.3857 51.3397 452.815 432.696 5905.75 5867.99 1748.56 1349.85 398.717 354.156 1276.32 73.5215 4119.42 4013.92 3078.42 935.504 105.503 97.8072
internal_count=57333 12242 11365 6121 250 5871 4260 877 332 1611 5244 545 469 320 5151 5044 45091 44080 13341 11219 2122 1823 10721 498 30739 30009 24150 5859 730 654
is_linear=0
shrinkage=0.05


Tree=129
num_leaves=31
num_cat=0
split_feature=30 8 5 15 29 16 0 8 29 4 4 5 15 8 0 15 9 0 0 15 23 30 15 29 15 4 7 0 9 10
split_gain=13.8773 18.1191 28.1996 21.9431 26.0766 21.0552 49.8682 39.71 28.1387 25.3407 22.7893 26.3092 22.7484 29.5474 24.3579 21.1583 55.45 27.6401 15.7081 22.3164 21.4018 21.2356 17.6437 33.2998 37.3347 36.0456 33.0727 53.4763 31.9489 30.7407
threshold=72.500000000000014 20.700000000000006 6.5000000000000009 1.5000000000000002 57.500000000000007 1.0000000180025095e-35 1.5000000000000002 18.400000000000002 24.500000000000004 1.905 0.81500000000000006 1.5000000000000002 2.5000000000000004 16.650000000000002 3.5000000000000004 1.5000000000000002 8.9500000000000011 5.5000000000000009 6.5000000000000009 2.5000000000000004 2.5000000000000004 55.500000000000007 1.5000000000000002 1.0000000180025095e-35 1.0000000180025095e-35 0.085000000000000006 29.000000000000004 4.5000000000000009 7.1500000000000012 19.300000000000001
decision_type=2 2 2 2 8 2 2 2 10 2 2 2 2 2 2 2 2 2 2 2 2 2 2 8 2 2 2 2 2 2
left_child=18 5 -3 4 -4 6 10 15 9 -9 11 -2 14 -14 -8 17 -17 -7 22 20 -20 -22 23 24 -1 -26 27 -25 -24 -30
right_child=1 2 3 -5 -6 7 12 8 -10 -11 -12 -13 13 -15 -16 16 -18 -19 19 -21 21 -23 28 26 25 -27 -28 -29 29 -31
leaf_value=0.060803151152484018 -0.0044688060403743398 -0.032006584212616783 0.076032726068183065 -0.029498263517559298 -0.032749053913921002 -0.033933351185826147 0.0010105051917591338 0.060899522498127884 -0.054531760290330938 -0.022518862906275004 -0.0045781334304893402 0.097169468636231604 0.064188485910873699 -0.054346661666971156 -0.051397447489307059 0.092372405119101275 -0.016813703183225732 0.062456298364984467 0.070597128022743566 -0.0037275833048511413 0.067776068617712001 -0.05471424352556005 -0.058501467812845369 0.00018404599857329586 0.038036096214263626 -0.0096891725067708885 -0.040109150613627714 0.035061833852036532 -0.0021124028787945681 -0.037876233892485234
leaf_weight=45.809929206967354 8.2101871436461789 135.26425499096513 18.250975157134238 17.217749605886638 7.8909582635387769 156.19948710780591 69.923961203545332 38.470680034719408 9.0643626973032934 11.926426401361821 12.194832805544136 28.360068822279572 21.361121175810698 6.9736689319834104 32.464768776670098 13.999328361824153 68.648127938620746 7.8091901969164601 29.878823682665825 44.436035893857479 6.0913217961788169 8.4424278270453197 27.733250450342894 4895.4501912179403 66.740756765007973 97.158646792173386 49.488053379580379 112.42537697963417 1045.0434723431244 63.750288182869554
leaf_count=251 104 2239 96 239 101 2249 686 355 171 93 94 169 154 152 514 112 889 109 149 311 33 123 359 36196 388 605 843 808 7686 1115
internal_value=-0.000259033 -0.00714258 -0.0207586 0.0143303 0.0431969 -0.00213409 0.0114626 -0.0101064 0.0265715 0.0411586 0.0546131 0.0743512 -0.00463425 0.035015 -0.0156067 -0.0189483 0.0016809 -0.0293438 0.000445209 0.0213244 0.0463897 -0.00337664 0.000155515 0.00137467 0.0208983 0.00974482 0.000565098 0.000967042 -0.00549447 -0.00416865
internal_weight=7156.68 664.23 178.624 43.3597 26.1419 485.606 179.489 306.118 59.4615 50.3971 48.7651 36.5703 130.724 28.3348 102.389 246.656 82.6475 164.009 6492.45 88.8486 44.4126 14.5337 6403.6 5267.07 209.709 163.899 5057.36 5007.88 1136.53 1108.79
internal_count=57393 8526 2675 436 197 5851 1873 3978 619 448 367 273 1506 306 1200 3359 1001 2358 48867 616 305 156 48251 39091 1244 993 37847 37004 9160 8801
is_linear=0
shrinkage=0.05


Tree=130
num_leaves=31
num_cat=0
split_feature=26 27 22 1 28 1 30 28 1 14 28 27 26 4 9 13 28 22 30 27 25 29 0 17 30 30 30 1 4 0
split_gain=14.221 28.2288 21.7503 60.2357 45.6752 19.0877 38.4551 41.8574 28.8978 47.0392 31.4343 18.9691 15.1547 20.3052 18.2044 18.619 10.8237 10.3905 13.6241 10.029 20.2976 24.3743 4.18988 4.05429 9.0298 3.99548 2.99428 2.77023 1.11279 0.969122
threshold=5.5000000000000009 53.150000000000013 1.5000000000000002 6.5000000000000009 48.500000000000007 13.500000000000002 46.500000000000007 43.500000000000007 10.500000000000002 -1.4999999999999998 46.000000000000007 47.850000000000001 3.5000000000000004 0.065000000000000016 6.3500000000000005 1.0000000180025095e-35 33.500000000000007 1.5000000000000002 55.500000000000007 73.850000000000009 1.8600000000000003 9.5000000000000018 5.5000000000000009 1.0000000180025095e-35 59.500000000000007 63.500000000000007 59.500000000000007 6.5000000000000009 0.36500000000000005 5.5000000000000009
decision_type=2 2 2 2 10 2 2 8 2 2 10 2 2 2 2 2 8 2 2 2 2 8 2 10 2 2 2 2 2 2
left_child=1 2 5 25 11 8 16 -8 10 -10 -1 -5 17 -14 15 -15 -7 18 -3 26 -21 -22 -6 -19 -25 -4 -2 28 -23 -28
right_child=19 12 3 4 22 6 7 -9 9 -11 -12 -13 13 14 -16 -17 -18 23 -20 20 21 27 -24 24 -26 -27 29 -29 -30 -31
leaf_value=0.00027316677420783042 0.055118653564401189 0.082647258750065303 -0.055738997790340229 0.069363672022856579 -0.0071215252285009994 0.0052023410784324611 -0.038107556038575296 0.0056318137068173957 -0.046558488282592347 0.015058693268669838 -0.016136191831855547 0.020728495835481271 0.053839877523994856 0.067634290955111906 -0.054443555131976198 -0.052173436948933762 -0.056822930082187341 -0.055007266333457289 -0.052756874180710095 -0.052622009399000906 -0.041942145985682112 0.081339438477178297 -0.058181471009706699 0.039960213955681022 -0.05278617894321086 0.0023228916003836804 0.004846376008751492 0.021939646362809314 0.055094632761842989 0.036982188938271064
leaf_weight=5596.6204673834145 20.440173912793401 3.7007698565721503 22.315362170338634 56.005379159003496 6.6358269071206477 8.1633445248007757 70.620148513931781 242.59421750204638 32.939873158931732 518.9799995161593 307.90676840534434 31.22738322429359 11.610339581966398 8.3444030471146089 19.215834696544334 5.3041930161416522 50.822564706206322 45.204317770432681 3.7303094938397408 10.776973071508108 8.9075983203947562 6.9925470501184508 10.183364279568194 3.9175820657983405 7.9500576220452785 3.4166144244372836 4.6664052903652173 4.5003680135123423 9.5619230642914772 4.7181408852338791
leaf_count=41232 219 21 341 333 75 120 1093 1906 334 4106 3162 216 77 57 624 264 311 1427 93 337 90 38 115 62 216 50 69 87 117 31
internal_value=1.83864e-05 -0.000204616 0.000190842 0.0204678 0.0374072 -0.000194539 -0.0112045 -0.00423006 0.000440164 0.0113812 -0.000582541 0.0519534 -0.0254553 -0.00300056 -0.0230811 0.0210739 -0.048239 -0.0409378 0.0146761 0.0223533 0.00622511 0.0273914 -0.0380363 -0.048179 -0.02217 -0.0480297 0.0443839 0.0567241 0.0661803 0.0210029
internal_weight=7137.97 7067.41 6958.43 129.784 104.052 6828.65 372.2 313.214 6456.45 551.92 5904.53 87.2328 108.978 44.4748 32.8644 13.6486 58.9859 64.503 7.43108 70.5641 40.7394 29.9624 16.8192 57.072 11.8676 25.732 29.8247 21.0548 16.5545 9.38455
internal_count=57223 56235 53394 1130 739 52264 3430 2999 48834 4440 44394 549 2841 1022 945 321 431 1819 114 988 669 332 190 1705 278 391 319 242 155 100
is_linear=0
shrinkage=0.05


Tree=131
num_leaves=31
num_cat=0
split_feature=14 4 28 28 28 14 1 28 5 0 23 28 20 30 11 30 1 29 0 29 1 0 30 15 6 29 19 29 20 5
split_gain=12.8583 13.8177 36.7414 18.1177 40.4052 39.4383 34.6402 20.4942 62.6067 40.5475 34.2439 33.9169 23.3403 20.0237 7.99217 17.1708 7.6832 7.56285 6.07624 7.99331 4.72998 4.22773 1.37052 1.3511 0.826279 0.00348011 0.00250254 0.00232639 0.00120316 0.000507215
threshold=3.5000000000000004 2.0250000000000004 22.500000000000004 65.500000000000014 71.500000000000014 1.5000000000000002 9.5000000000000018 59.500000000000007 2.5000000000000004 6.5000000000000009 3.5000000000000004 50.500000000000007 4.5000000000000009 78.500000000000014 4.5000000000000009 69.500000000000014 12.500000000000002 1.0000000180025095e-35 4.5000000000000009 7.5000000000000009 18.500000000000004 6.5000000000000009 82.500000000000014 4.5000000000000009 95.15000000000002 1.5000000000000002 0.105 51.500000000000007 1.5000000000000002 2.5000000000000004
decision_type=2 2 8 10 10 2 2 10 2 2 2 10 10 2 2 2 2 10 2 8 2 2 2 2 2 8 8 10 10 2
left_child=1 3 26 7 17 6 -6 11 9 -9 -10 13 -13 -1 15 21 -17 -5 19 -16 -20 -4 -7 25 -19 -2 27 -3 29 -27
right_child=23 2 14 4 5 22 -8 8 10 -11 -12 12 -14 -15 18 16 -18 24 20 -21 -22 -23 -24 -25 -26 28 -28 -29 -30 -31
leaf_value=0.001146332844841808 -0.054420045901673042 -0.053027925630675571 -0.071219724857452163 -0.0080612381133215727 0.051880748737067953 -0.058358738891039041 -0.017174354375632594 -0.045498674143403056 0.043250075219409448 0.091710758391640154 -0.048068054833901197 -0.025874639958336609 0.044315288459991595 -0.018686208510134278 0.066759569008909725 0.079770091352725142 0.003830554077962265 -0.058053771760005028 0.068542697412649706 -0.017127719119303088 0.029088467911298321 -0.003576866563465589 -0.028854298242180745 -0.010549724045484788 -0.033214800114734315 -0.051453644576130234 -0.052097171705906921 -0.054714771485065178 -0.053340535811577786 -0.052346640449273299
leaf_weight=6378.5426858104765 2.6692623123526547 6.8361173644661886 5.2206796854734439 9.6709822043776494 41.294882745947689 19.055698348209265 32.416670019738376 45.841072340495884 120.25157350022346 6.100999340415 11.224440484307705 171.23759785387665 12.724040493369101 129.86132823349908 4.6626693792641136 7.6607300341129285 5.8929650280624628 47.292611968703568 25.524511445313692 7.2632856220006952 10.815263612195848 4.1431437581777573 4.9605511026456943 2.2291370108723632 3.6032004347071043 2.3360647382214665 4.4121332336217156 2.9157447032630444 2.4558435194194317 4.9798826097976416
leaf_count=48153 52 132 64 57 318 186 459 611 723 25 181 1858 83 2490 49 39 85 662 156 79 86 53 99 19 45 105 135 42 61 130
internal_value=0.00036535 0.000461708 0.0204591 0.000219072 -0.0165052 0.00338158 0.0215119 0.000604098 0.017093 -0.0293824 0.035454 0.000152185 -0.0210198 0.000750617 0.0350929 0.0107793 0.0467526 -0.0485935 0.0466375 0.0156695 0.0568005 -0.0412903 -0.0522646 -0.046397 -0.0562953 -0.05282 -0.0530852 -0.0535323 -0.0523829 -0.0520615
internal_weight=7134.1 7119.43 85.3472 7034.08 158.295 97.7278 73.7116 6875.78 183.418 51.9421 131.476 6692.37 183.962 6508.4 71.1832 22.9175 13.5537 60.5668 48.2657 11.926 36.3398 9.36382 24.0162 14.6702 50.8958 12.4411 14.164 9.75186 9.77179 7.31595
internal_count=57237 56870 920 55950 1826 1062 777 54124 1540 636 904 52584 1941 50643 611 241 124 764 370 128 242 117 285 367 707 348 309 174 296 235
is_linear=0
shrinkage=0.05


Tree=132
num_leaves=31
num_cat=0
split_feature=5 13 15 30 8 4 30 15 2 10 8 21 14 2 14 21 9 8 15 3 9 8 28 15 30 5 30 30 8 8
split_gain=15.3288 66.7786 85.2264 74.7277 52.4901 48.1238 47.6921 111.651 60.3854 52.0895 45.8852 40.8771 34.074 65.9891 35.7969 31.701 71.3705 65.1542 74.8564 55.9383 41.1276 48.6056 40.2922 73.789 35.5789 39.688 35.3683 33.2964 29.9412 88.9231
threshold=1.0000000180025095e-35 1.0000000180025095e-35 1.5000000000000002 19.500000000000004 11.850000000000001 0.015000000000000001 24.500000000000004 1.0000000180025095e-35 1.5000000000000002 17.900000000000002 23.700000000000003 0.52250000000000008 1.0000000180025095e-35 2.5000000000000004 -1.4999999999999998 -0.18349999999999997 13.65 21.350000000000005 1.0000000180025095e-35 0.59650000000000014 7.5500000000000007 11.850000000000001 39.500000000000007 1.0000000180025095e-35 34.500000000000007 2.5000000000000004 44.500000000000007 57.500000000000007 9.7500000000000018 10.150000000000002
decision_type=2 2 2 2 2 2 2 2 2 2 2 8 2 2 2 10 2 2 2 2 2 2 8 2 2 2 2 2 2 2
left_child=1 6 3 -3 11 -6 7 8 -1 12 -9 -5 14 -14 -8 16 -2 18 27 -20 21 26 -23 -24 25 -19 -17 -18 -22 -30
right_child=15 2 -4 4 5 -7 9 10 -10 -11 -12 -13 13 -15 -16 20 17 24 19 -21 28 22 23 -25 -26 -27 -28 -29 29 -31
leaf_value=0.037430422523635265 -0.023258038457804723 -0.014225085600632193 -0.038151448385337745 0.057302431400496047 0.073714164478233798 0.030442506198230718 -0.00033722791288858396 -0.060185832864536652 0.15824399384469004 0.041072474851755275 0.033142505298981349 -0.038405149557084961 0.031700672430236949 -0.053021213871876333 -0.036498195723030022 -0.028335779032355526 0.026227049192204928 -0.0097045061461814765 -0.046602756866477142 0.030954697838213915 -0.014641064971181684 -0.053446008697188754 -0.017160904263670975 0.047553020423773781 -0.036711414832555446 0.061776108398674118 0.072556831850909886 0.082098831957078483 0.046832871232731277 -0.00056628945706037174
leaf_weight=81.376790307462215 483.68104676902294 101.41415398567915 61.51162227243185 15.510250654071569 84.705644486472011 266.10600120108575 94.916139693930745 45.276675410568714 11.84882605075836 39.763832088559866 18.572229832410812 39.744871500879526 75.161688853055239 33.10783533193171 245.34663408016786 10.290301747620104 192.34699403122067 156.97252833098173 63.219972999766469 36.771400213241577 350.13517952896655 23.982415064238012 86.926884872838855 89.301203748211265 112.78338545747101 22.160239845514297 55.726825185120106 30.957349665462971 101.39505766052753 4102.36356744566
leaf_count=565 4918 594 611 122 479 2190 918 339 60 381 94 420 694 294 2693 77 1081 856 382 189 2936 541 1298 933 759 96 370 163 632 31661
internal_value=-0.000173675 0.00494346 0.0174307 0.0241678 0.0337563 0.0408907 -0.00606593 0.0178991 0.0527856 -0.013775 -0.0330387 -0.0115398 -0.0186374 0.00579349 -0.0264111 -0.00122352 -0.00888712 0.00241132 0.017873 -0.0180813 0.000523629 0.0196254 0.00735742 0.015632 -0.0147125 -0.000861749 0.0568304 0.0339727 -0.000593087 0.000576983
internal_weight=7133.38 1214.36 568.993 507.481 406.067 350.812 645.371 157.075 93.2256 488.296 63.8489 55.2551 448.532 108.27 340.263 5919.01 1098.89 615.212 323.296 99.9914 4820.12 266.228 200.211 176.228 291.916 179.133 66.0171 223.304 4553.89 4203.76
internal_count=57346 10454 4416 3805 3211 2669 6038 1058 625 4980 433 542 4599 988 3611 46892 8444 3526 1815 571 38448 3219 2772 2231 1711 952 447 1244 35229 32293
is_linear=0
shrinkage=0.05


Tree=133
num_leaves=31
num_cat=0
split_feature=2 6 6 21 6 0 29 10 10 3 18 5 18 6 29 14 9 5 8 6 8 14 8 11 19 6 10 9 13 10
split_gain=13.4656 58.474 49.4625 50.5031 43.9236 48.2811 43.4246 56.3207 83.0224 46.3063 42.0968 48.0736 39.1697 37.2597 32.0356 35.5292 23.5582 30.1405 26.7371 34.5689 21.5779 19.9894 19.1763 16.9083 15.9545 13.2305 11.0959 10.9186 12.2192 9.00561
threshold=1.5000000000000002 35.150000000000013 25.650000000000002 0.91650000000000009 42.850000000000001 1.5000000000000002 14.500000000000002 2.5500000000000003 2.4500000000000006 0.48700000000000004 -1.0000000180025095e-35 1.0000000180025095e-35 1.0000000180025095e-35 29.950000000000003 3.5000000000000004 1.0000000180025095e-35 9.3500000000000032 4.5000000000000009 14.350000000000003 40.750000000000007 5.8000000000000007 -3.4999999999999996 6.9000000000000012 9.5000000000000018 0.15999999999999984 31.250000000000004 2.5500000000000003 7.4500000000000011 1.0000000180025095e-35 0.3000000000000001
decision_type=2 2 2 10 2 2 10 2 2 2 10 2 10 2 10 2 2 2 2 2 2 2 2 2 10 2 2 2 2 2
left_child=4 2 27 14 5 6 7 8 -1 26 -7 -12 -9 -13 15 -4 17 18 19 -3 -18 -22 -23 -6 -20 -5 -8 28 -2 -25
right_child=1 16 3 25 23 10 9 12 -10 -11 11 13 -14 -15 -16 -17 20 -19 24 -21 21 22 -24 29 -26 -27 -28 -29 -30 -31
leaf_value=-0.0048830260345099239 -0.053355915956176558 0.13944660722939498 0.018822575569789623 0.10896822493975361 -0.05646261003088196 0.065631630594212217 0.015608431958040804 -0.039825701008226751 0.13471518245113409 -0.046770702968516792 -0.042773671267499404 -0.007254743926431927 0.02334037170002827 0.04123852991788382 -0.056091634202375368 0.10368316363949925 0.072291777239397975 0.070159069843722929 -0.024698613552942533 -0.028050079907664262 0.046490719278786362 -0.047586856935017061 0.00021248485893814943 -0.036343668703740888 0.020392016494421364 0.045996893183313931 0.075476351879691414 -0.062221372452853488 0.075711474940082679 0.01339141787423774
leaf_weight=768.83352803811431 3.8091802326962378 6.0644041746854764 273.70022715441883 20.250484617426991 53.094800025224686 38.96126064658165 10.1529916934669 190.23495159717277 10.800259381532667 12.92466841265559 36.823602359741926 69.155923676677048 28.178001068532467 92.7176110483706 13.527838177978991 12.916342735290526 10.408271484076975 10.148775977082549 239.15011614002287 6.2604969758540392 23.240678623784333 21.070462915115058 5038.8637995396275 18.77634353376925 21.37089023552835 14.183445036411284 32.558159530162811 20.603080667555332 3.5361386835575104 17.664780717343092
leaf_count=6666 81 29 2336 101 630 192 60 2607 55 230 439 569 178 673 192 61 64 78 3356 85 204 177 37481 129 184 101 158 141 22 123
internal_value=-0.000162993 0.0009036 0.0203398 0.0256777 -0.00459589 -0.00224777 -0.00683933 -0.00923587 -0.00294917 0.036152 0.0181094 0.00879101 -0.0316765 0.0205211 0.019098 0.0226468 -0.000406929 -0.0144483 -0.0175954 0.0543658 0.000373198 0.000225938 1.34399e-05 -0.0384618 -0.0209998 0.0830301 0.061245 -0.0435613 0.00877892 -0.0122347
internal_weight=7119.98 5739.1 362.527 334.578 1380.88 1291.34 1053.68 998.047 779.634 55.6358 237.658 198.697 218.413 161.874 300.144 286.617 5376.58 282.995 272.846 12.3249 5093.58 5083.17 5059.93 89.5359 260.521 34.4339 42.7112 27.9484 7.34532 36.4411
internal_count=57402 44693 3035 2791 12709 11827 9954 9506 6721 448 1873 1681 2785 1242 2589 2397 41658 3732 3654 114 37926 37862 37658 882 3540 202 218 244 103 252
is_linear=0
shrinkage=0.05


Tree=134
num_leaves=31
num_cat=0
split_feature=28 19 30 10 29 8 8 18 28 10 7 19 6 6 8 28 6 28 10 26 6 8 7 30 0 30 15 6 30 6
split_gain=14.3193 95.3696 39.7772 52.9365 61.0201 66.286 43.4956 39.3649 29.5021 28.4293 27.8908 24.7983 30.5426 43.0484 29.8587 69.2142 74.4447 60.7337 66.236 58.6512 56.5487 27.426 26.5678 32.2277 30.3626 22.7934 15.013 11.3789 4.68028 15.7228
threshold=22.500000000000004 0.12000000000000001 19.500000000000004 10.350000000000003 48.500000000000007 20.700000000000006 16.650000000000002 1.5000000000000002 23.500000000000004 3.1500000000000008 4.5000000000000009 0.14999999999999999 25.650000000000002 29.050000000000004 16.750000000000004 52.500000000000007 51.550000000000004 52.500000000000007 9.3000000000000025 1.0000000180025095e-35 25.650000000000002 21.900000000000002 11.000000000000002 65.500000000000014 1.0000000180025095e-35 18.500000000000004 1.0000000180025095e-35 74.450000000000017 24.500000000000004 72.450000000000017
decision_type=8 8 2 2 10 2 2 8 8 2 2 8 2 2 2 8 2 8 2 2 2 2 2 2 2 2 2 2 2 2
left_child=1 2 -1 6 5 -5 9 -8 -2 -4 25 14 22 26 17 19 -17 18 -10 -16 -19 -15 24 -24 -13 -3 -14 -6 29 -12
right_child=8 10 3 4 27 -7 7 -9 11 -11 28 12 13 21 15 16 -18 20 -20 -21 -22 -23 23 -25 -26 -27 -28 -29 -30 -31
leaf_value=-0.055970033060539937 0.083699270163662479 -0.044256175136544423 0.034637188943443718 -0.043756801947575787 0.082317943943395228 0.058727599478147013 0.064599382989998386 -0.028561804214826292 -0.0023215377475100298 -0.045355820435142705 -0.05897048804616023 0.040038521365049387 -0.017102430791157305 0.0085430522689809007 -0.027412763464463738 -0.016484870806798141 0.0085911486787517543 -0.02358714460934886 0.034200677666168439 0.026973412964221784 0.001769506490961326 -0.0014892954778878103 0.14571252611540306 0.0049344060396123192 -0.022427669527370759 0.044370174583352212 -0.059728703281461439 0.0049694557699682057 -0.058889841349477945 0.016414382153452686
leaf_weight=22.873447485268116 10.636147141456602 13.882435262203218 21.205019235610962 90.435327605810016 17.826736479997638 19.112203912809491 85.641888529062271 13.069540359079836 234.55723986215889 23.324403136968613 23.460905410349369 58.547834603115916 74.253348594531417 1499.1096881171688 487.82098870351911 466.44209022494033 809.8721148869954 276.34902561735362 263.71907802112401 55.179781252052635 1075.9697704692371 1248.6569150802679 9.9031351953744906 6.8964202851057044 29.132728569209576 15.195989303290842 28.617220319807529 6.4843815527856341 84.375374841503799 9.8084714561700803
leaf_count=158 47 78 106 1132 117 126 400 61 1826 320 168 487 573 10384 4692 5152 5988 3040 1741 562 8651 9443 44 79 273 95 238 81 1122 50
internal_value=-9.03629e-05 -0.00875555 0.00740206 0.0126332 -0.00997368 -0.0258769 0.0337593 0.0522647 0.000492956 -0.00726295 -0.0417895 0.000359372 0.00376838 0.00279522 -0.00238566 -0.00693428 -0.000573139 0.00208608 0.0170083 -0.021886 -0.00341218 0.00398409 0.0303199 0.0879214 0.0192835 0.00205875 -0.0289605 0.0616872 -0.0526275 -0.0367455
internal_weight=7082.36 446.696 299.973 277.1 133.859 109.548 143.241 98.7114 6635.66 44.5294 146.723 6625.03 2955.12 2850.64 3669.91 1819.31 1276.31 1850.6 498.276 543.001 1352.32 2747.77 104.48 16.7996 87.6806 29.0784 102.871 24.3111 117.645 33.2694
internal_count=57234 4014 2501 2343 1456 1258 887 461 53220 426 1513 53173 21521 20638 31652 16394 11140 15258 3567 5254 11691 19827 883 123 760 173 811 198 1340 218
is_linear=0
shrinkage=0.05


Tree=135
num_leaves=26
num_cat=0
split_feature=19 30 3 28 1 7 29 21 8 14 2 10 28 18 28 13 8 3 10 24 13 3 11 15 29
split_gain=13.6156 12.6587 49.2999 35.2851 37.3958 48.3031 46.9545 36.4324 50.8228 45.5129 31.0672 36.2679 67.9794 30.2652 26.7813 104.764 40.1473 12.1459 21.1001 9.42532 5.3587 4.84205 3.8275 2.53693 1.54306
threshold=-0.20499999999999999 44.500000000000007 0.89450000000000018 39.500000000000007 5.5000000000000009 21.000000000000004 19.500000000000004 0.91650000000000009 14.850000000000001 1.0000000180025095e-35 11.500000000000002 3.7000000000000006 44.500000000000007 6.5000000000000009 35.500000000000007 1.0000000180025095e-35 18.400000000000002 0.24050000000000002 0.45000000000000007 1.0000000180025095e-35 1.0000000180025095e-35 0.65950000000000009 3.5000000000000004 1.0000000180025095e-35 1.5000000000000002
decision_type=8 2 2 10 2 2 10 10 2 2 2 2 10 8 8 2 2 2 2 2 2 2 2 2 8
left_child=-1 3 13 4 5 6 -2 9 -9 -6 11 12 -4 14 15 -3 -16 18 -15 -19 -5 -7 24 -13 -22
right_child=1 2 10 20 7 21 -8 8 -10 -11 -12 23 -14 17 16 -17 -18 19 -20 -21 22 -23 -24 -25 -26
leaf_value=0.056726921440262285 0.00027351139168679985 0.010084370614529759 -0.032182764287056395 -0.013756870158852347 0.035521425487197673 -0.02922687646519255 0.05747580185060084 0.062295565253678124 -0.028873493174433593 0.0058756979223828915 0.052541433902980043 -0.038699746179160111 0.06480050045499007 0.058542710005748233 -0.0027139351352480981 -0.037280119937679962 0.0075889596577577477 -0.041614225707395661 -0.05571486322716919 0.019983844334664585 -0.025091359058090887 -0.063104108502044801 -0.077888751390230715 -0.054885637543885403 -0.0559778924104265
leaf_weight=10.652956128120422 1720.0686661833897 264.03681506868452 68.978144542314112 10.231843940913675 243.50785897299647 16.622698768973351 36.639074021950364 18.603810504078865 85.723829738795757 276.43548326939344 12.221211887896059 36.777992802672088 24.481390073895454 9.6605245992541331 2185.0143546145409 209.28656296618283 1666.8350368018728 71.981820408254862 6.9459333270788184 6.7965116621926418 8.1994215697050148 28.860307462513447 11.674086987972258 70.836960663087666 7.9785737730562678
leaf_count=56 11351 2644 1154 64 1250 91 206 85 422 1577 65 495 151 70 19019 3024 13156 667 91 85 45 192 66 1463 59
internal_value=0.000242685 0.000157916 -0.00138194 0.00305317 0.00380269 0.000149421 0.00146656 0.0143492 -0.0126161 0.0197598 -0.0248604 -0.0295648 -0.00677835 -0.000249089 0.000365297 -0.0108585 0.0017445 -0.0281081 0.0107525 -0.0362999 -0.0447012 -0.050723 -0.056069 -0.049354 -0.0403238
internal_weight=7109.05 7098.4 4633.85 2464.55 2426.46 1802.19 1756.71 624.271 104.328 519.943 213.296 201.074 93.4595 4420.56 4325.17 473.323 3851.85 95.3848 16.6065 78.7783 38.0839 45.483 27.8521 107.615 16.178
internal_count=57548 57492 42084 15408 15174 11840 11557 3334 507 2827 3328 3263 1305 38756 37843 5668 32175 913 161 752 234 283 170 1958 104
is_linear=0
shrinkage=0.05


Tree=136
num_leaves=31
num_cat=0
split_feature=14 30 3 8 10 9 30 9 19 6 10 10 6 6 14 14 9 3 8 18 6 14 10 3 28 30 10 29 3 30
split_gain=11.7653 32.3996 27.4837 29.633 27.5862 24.5095 21.1912 18.2547 36.5048 19.9792 13.5374 66.9668 51.2989 88.3761 53.7217 50.1649 117.433 141.908 149.894 143.146 94.5052 73.3054 76.3145 57.9394 47.1822 43.9825 68.4847 43.4143 42.7928 40.3164
threshold=-2.4999999999999996 57.500000000000007 0.69600000000000006 17.950000000000003 5.5000000000000009 13.050000000000002 62.500000000000007 10.750000000000002 0.020000000000000014 33.050000000000004 4.0500000000000007 4.9500000000000011 32.750000000000007 34.45000000000001 -1.0000000180025095e-35 -1.0000000180025095e-35 12.800000000000002 0.62200000000000011 23.700000000000003 1.0000000180025095e-35 52.050000000000004 1.0000000180025095e-35 1.3500000000000003 0.36950000000000005 33.500000000000007 37.500000000000007 2.5500000000000003 11.500000000000002 0.48700000000000004 53.500000000000007
decision_type=2 2 2 2 2 2 2 2 8 2 2 2 2 2 2 2 2 2 2 8 2 2 2 2 10 2 2 10 2 2
left_child=1 7 3 4 -3 -6 -5 8 -1 -10 15 27 -13 -14 -15 16 25 19 -19 -18 21 24 -23 -22 -17 28 -27 -12 -2 -25
right_child=10 2 -4 6 5 -7 -8 -9 9 -11 11 12 13 14 -16 20 17 18 -20 -21 23 22 -24 29 -26 26 -28 -29 -30 -31
leaf_value=-0.050748411299612141 -0.01034765981777741 -0.045529141912770521 -0.050977991727337114 -0.029916617749321223 0.073067093844022782 -0.021860860516402108 0.059605275974775621 -0.054711448902183601 -0.0039972995669069538 0.12749199292671021 -0.034887785847348585 -0.043636265363175913 0.067891494421617737 -0.011545928567298414 0.003686542307018459 0.0015169851011479583 0.092120450727338279 -0.060485510783722544 0.026067480037279923 0.0089322021930093812 0.048306419716886803 0.0094874331252018645 0.053589362929961207 -0.024609998368479723 -0.040817805836124127 -0.025662689113227249 0.016810042091017018 0.051615115705179883 0.032095822669830958 -0.0013795221608114507
leaf_weight=17.375346434768289 101.52198684960604 27.384584372863173 18.789097550557926 7.9817790566012254 13.587688030209392 13.610958967357874 38.478771076537669 50.631362766027451 5.5956350229680556 5.9723505601286888 201.34160414524376 65.844335357658565 48.552629226818681 769.76258740853518 2333.5728691620752 817.90124471485615 132.9900024831295 65.149493880569935 215.42825272679329 84.614589397795498 35.336993874050677 332.62661418225616 139.11724401265383 572.76510122977197 71.574267529882491 295.42653381824493 139.83399197086692 15.630841914564369 143.08752113487571 277.13971674162894
leaf_count=417 711 347 462 82 162 151 305 674 78 34 1727 939 387 6306 18886 6146 764 467 1234 508 223 2160 807 4218 608 3193 1448 112 1118 2619
internal_value=9.99595e-05 -0.0118724 0.00455124 0.0148769 -0.0101044 0.0255625 0.0442257 -0.0366049 -0.00493073 0.0638883 0.000448012 -0.00176996 4.29809e-05 0.00095546 -9.1775e-05 0.00267258 0.0110293 0.0294711 0.00597008 0.0597731 -0.00170973 0.00656045 0.0224931 -0.0144266 -0.00188961 -0.00248404 -0.0120177 -0.0286561 0.0144802 -0.0170349
internal_weight=7058.63 199.408 119.833 101.044 54.5832 27.1986 46.4606 79.5747 28.9433 11.568 6859.22 3434.7 3217.73 3151.89 3103.34 3424.51 1178.05 498.182 280.578 217.605 2246.46 1361.22 471.744 885.242 889.476 679.87 435.261 216.972 244.61 849.905
internal_count=57293 2712 1509 1047 660 313 387 1203 529 112 54581 28357 26518 25579 25192 26224 9443 2973 1701 1272 16781 9721 2967 7060 6754 6470 4641 1839 1829 6837
is_linear=0
shrinkage=0.05


Tree=137
num_leaves=31
num_cat=0
split_feature=30 28 3 5 20 10 6 5 29 8 3 28 28 8 3 3 21 4 30 8 3 2 6 30 29 29 10 6 6 20
split_gain=13.6785 13.8123 65.4878 63.4822 36.5001 40.2775 34.5472 30.7945 42.9831 76.7546 31.1801 25.9046 60.3268 57.857 71.9012 72.6474 48.538 46.4085 25.682 24.203 22.966 52.5615 24.2124 18.7983 17.538 4.65014 3.13145 5.04586 5.36212 2.17127
threshold=83.500000000000014 22.500000000000004 0.77550000000000019 1.5000000000000002 1.0000000180025095e-35 9.3000000000000025 50.45000000000001 1.5000000000000002 18.500000000000004 19.800000000000004 0.69000000000000006 33.500000000000007 34.500000000000007 11.600000000000001 0.92000000000000015 0.69600000000000006 0.91650000000000009 0.16500000000000004 39.500000000000007 20.900000000000002 0.89450000000000018 4.5000000000000009 58.050000000000004 29.500000000000004 48.500000000000007 1.0000000180025095e-35 15.350000000000003 74.65000000000002 70.950000000000017 1.0000000180025095e-35
decision_type=2 8 2 2 8 2 2 2 10 2 2 8 8 2 2 2 10 2 2 2 2 2 2 2 8 10 2 2 2 10
left_child=1 2 7 4 5 -4 24 8 9 -1 25 13 -13 17 15 -15 -16 18 -3 -10 22 -22 -14 -12 -5 -9 -2 28 -28 -19
right_child=26 11 3 6 -6 -7 -8 10 19 -11 23 12 20 14 16 -17 -18 29 -20 -21 21 -23 -24 -25 -26 -27 27 -29 -30 -31
leaf_value=-0.04619097765439064 -0.046675544382664302 -0.02903134587330294 0.065214924776657565 -0.0025420000649275703 -0.0573280172131998 -0.05768637110503913 0.078770997492566261 0.0010010954280414504 0.048082404488943346 0.068953029096262594 -0.0664683331857851 -0.057434181649147466 -0.0014060783062541803 0.012360074758298728 0.025151189518824415 -0.035325747232576032 0.12118082071465514 0.066411503334054808 0.064477052299501292 -0.057024700184386878 -0.002483075004938216 -0.041838778995706045 0.0053677312910792247 0.011721168770016291 0.078142650656489024 -0.054148008566612699 -0.033411540302557274 -0.035629465881717858 0.052836971433707247 0.086085592805722921
leaf_weight=76.310663603246212 16.214180150767788 22.461853310465813 18.410887897014621 31.975467175245285 31.155775353312492 10.450297665782271 43.082645272836089 3.9694784879684439 41.023086581379175 17.860551089048386 9.5839533060789091 45.440588388592005 3101.1923629613593 214.84050691127777 47.545423841103911 127.13292101956904 18.194021798670292 28.797205090522766 10.909170769155024 6.3209460601210585 569.78127281880006 99.680494042113423 2295.8088734210469 38.839024001732469 8.5321197360753995 103.11924768798053 3.1514204330742386 13.388456257060168 4.2087825378403068 27.335827827453613
leaf_count=529 794 115 83 203 217 222 239 18 354 85 46 533 24134 1633 368 1372 88 157 55 68 5478 1053 17097 454 36 1450 120 342 40 127
internal_value=0.000124294 0.000283354 -0.008288 0.0194338 -0.019799 0.0207138 0.0476025 -0.021691 -0.00481423 -0.0243527 -0.0370488 0.000854812 -3.80237e-05 0.0118297 0.00383841 -0.00536773 0.0517283 0.0482322 0.00153706 0.0340495 0.0003919 -0.008343 0.00147541 -0.00375422 0.0144526 -0.0521038 -0.0302126 -0.0173475 0.0159079 0.0759924
internal_weight=7086.72 7049.75 440.634 143.607 60.017 28.8612 83.5902 297.027 141.515 94.1712 155.512 6609.12 6111.9 497.217 407.713 341.973 65.7394 89.5041 33.371 47.344 6066.46 669.462 5397 48.423 40.5076 107.089 36.9628 20.7487 7.3602 56.133
internal_count=57510 56214 4004 1000 522 305 478 3004 1036 614 1968 52210 48295 3915 3461 3005 456 454 170 422 47762 6531 41231 500 239 1468 1296 502 160 284
is_linear=0
shrinkage=0.05


Tree=138
num_leaves=31
num_cat=0
split_feature=9 30 13 30 5 13 14 30 9 9 28 2 3 5 1 2 27 29 3 9 4 16 3 5 2 30 29 26 3 4
split_gain=12.0099 19.4522 16.8377 16.4835 13.4059 68.4891 76.1316 65.5345 40.313 83.4337 65.6419 42.0594 37.431 29.3271 51.7406 78.0941 52.5405 47.6173 40.2158 35.7608 48.1724 36.0375 35.7625 55.2369 33.6975 24.8805 26.2041 23.9805 20.2514 19.2211
threshold=1.9500000000000002 24.500000000000004 1.0000000180025095e-35 18.500000000000004 1.0000000180025095e-35 1.0000000180025095e-35 1.5000000000000002 19.500000000000004 9.9500000000000011 12.250000000000002 20.500000000000004 2.5000000000000004 0.65950000000000009 1.5000000000000002 8.5000000000000018 4.5000000000000009 32.45000000000001 11.500000000000002 0.63400000000000012 7.2500000000000009 0.27500000000000008 1.0000000180025095e-35 0.27950000000000003 3.5000000000000004 1.0000000180025095e-35 16.500000000000004 14.500000000000002 1.5000000000000002 0.65950000000000009 2.1000000000000001
decision_type=2 2 2 2 2 2 2 2 2 2 8 2 2 2 2 2 2 10 2 2 2 2 2 2 2 2 10 2 2 2
left_child=1 2 3 -1 5 8 7 -7 25 10 -10 -11 -9 14 15 24 18 -17 -16 20 21 -15 23 -21 -6 -2 -27 -24 -8 -18
right_child=4 -3 -4 -5 13 6 28 12 9 11 -12 -13 -14 19 16 17 29 -19 -20 22 -22 -23 27 -25 -26 26 -28 -29 -30 -31
leaf_value=-0.01231344879277602 0.058265234829164327 -0.056825483387800246 -0.05849681550016287 0.066018596165684812 0.022847300789683653 -0.014287646739019506 -0.057741844170903778 0.016888698026526865 -0.055044389377465801 0.0067278599750004511 0.043872522044051121 -0.042746547404555371 0.047246856237929638 0.038106069434965056 0.0068889086902595197 -0.05318902023487837 -0.065064542228123648 0.0088391774084991097 0.059059643120891528 -0.035205582848540792 0.083993284006426985 -0.018521840440006401 0.00072292363252289982 0.018857317484010157 -0.0076859548810893439 -0.029592548829964635 0.028769706892909669 0.024737460489001929 0.019881001274245854 0.035829367345098249
leaf_weight=16.294373229146007 9.3682541921734792 24.582610778976232 9.0743303447961789 11.424978122115133 97.53686879761517 93.902111079543829 39.521489840000868 203.16978904046118 19.171531895175576 81.870529323816299 133.99097600579262 90.381165772676468 202.97466482315212 59.080968707799911 80.809635017067194 146.31724780891091 22.245550513267521 39.23765867203474 68.040918816812336 158.43577161617577 28.44982572644949 53.569839616306126 3679.0255977103952 67.322665427811444 1228.6216964032501 230.47783358674496 20.98402346111834 106.97875147266313 10.671509953215716 5.9920132122933856
leaf_count=108 64 255 74 78 687 553 460 1540 247 524 945 758 1607 438 624 1678 173 356 456 1621 201 740 26391 552 11689 2993 165 1248 78 92
internal_value=-0.000367377 -0.0223884 0.000619717 0.0199724 -0.000173692 0.00479492 0.0174645 0.0233569 -0.00709655 0.00464198 0.031491 -0.0192316 0.0320605 -0.00114033 -0.00669579 -0.0096912 0.0188745 -0.0400725 0.0307366 0.00111886 0.025859 0.0111773 0.000248703 -0.0190837 -0.00544028 -0.0217417 -0.0247223 0.00140149 -0.0412385 -0.0436548
internal_weight=7039.53 61.3763 36.7937 27.7194 6978.15 1136.48 550.24 500.047 586.244 325.414 153.163 172.252 406.144 5841.67 1688.8 1511.71 177.088 185.555 148.851 4152.86 141.101 112.651 4011.76 225.758 1326.16 260.83 251.462 3786 50.193 28.2376
internal_count=57395 515 260 186 56880 9934 4238 3700 5696 2474 1192 1282 3147 46946 15755 14410 1345 2034 1080 31191 1379 1178 29812 2173 12376 3222 3158 27639 538 265
is_linear=0
shrinkage=0.05


Tree=139
num_leaves=31
num_cat=0
split_feature=30 3 2 6 16 6 18 28 28 6 18 17 0 28 5 7 13 2 30 9 8 6 1 9 8 5 17 8 9 2
split_gain=12.6706 34.0189 27.8587 35.6928 49.1205 41.1857 26.3437 26.1301 32.3123 51.4487 32.8897 30.7562 37.0935 108.647 48.4746 29.6973 27.957 29.5343 23.3243 78.6377 78.8865 41.257 30.0764 54.5137 35.3715 21.969 18.4547 18.032 15.8107 32.141
threshold=44.500000000000007 0.89450000000000018 11.500000000000002 57.050000000000004 1.0000000180025095e-35 32.050000000000004 6.5000000000000009 39.500000000000007 29.500000000000004 55.650000000000013 2.5000000000000004 1.5000000000000002 2.5000000000000004 19.500000000000004 1.0000000180025095e-35 11.000000000000002 1.0000000180025095e-35 2.5000000000000004 45.500000000000007 12.350000000000003 10.600000000000001 40.250000000000007 4.5000000000000009 9.7500000000000018 9.9000000000000021 2.5000000000000004 1.5000000000000002 17.950000000000003 12.350000000000003 2.5000000000000004
decision_type=2 2 2 2 2 2 8 10 10 2 8 10 2 10 2 2 2 2 2 2 2 2 2 2 2 2 10 2 2 2
left_child=7 6 3 4 5 -3 18 8 11 15 26 12 14 -14 -1 25 -13 -18 19 20 -2 -21 23 -20 -24 -10 -11 -12 -8 -30
right_child=1 2 -4 -5 -6 -7 28 -9 9 10 27 16 13 -15 -16 -17 17 -19 22 21 -22 -23 24 -25 -26 -27 -28 -29 29 -31
leaf_value=0.01067175079881676 0.013045369608422109 -0.049131195112063243 0.052206474395327988 -0.051516875842938327 -0.048101218017213884 0.042535668508401125 -0.048344392446516719 -0.041397767929171915 0.099051654971547456 -0.018476384710675621 0.093231398153136774 -0.050604567943869833 0.035742753227355532 -0.03790281078401582 -0.0061013884658752456 -0.01010463771747855 -0.062251993702419996 0.034289410907318803 0.007245383440917727 -0.02689225030029789 -0.033660632387729761 0.0061363442705089791 -0.026493490491810486 0.057596200961017585 0.001593154620760895 0.032888848655041915 0.052139277039757598 0.0090692350138659589 0.062251200849184479 -0.030131532078492885
leaf_weight=691.05075456667691 120.67237685248256 16.31035322509706 11.988476157188414 81.262557479552925 44.995458971709013 49.265267780516297 44.985493269283324 33.14441055431962 34.108328795060515 81.417328104376793 13.543949693441393 52.413731701672077 226.27729476243258 64.314405664801598 1143.5609858995304 12.760489501059054 11.252669744193552 26.76540695130825 375.64592736493796 105.70853935554624 360.45071335975081 895.62224382534623 117.9819365972653 62.734297076240182 2247.2854708114173 19.847056299448013 10.43843552470207 12.005816034972666 12.429676763713358 38.81768187507987
leaf_count=4870 1325 286 67 1117 1254 556 563 206 155 552 65 306 1241 433 6933 74 80 120 3956 840 4785 6251 1232 440 18937 87 57 90 68 318
internal_value=-0.000222738 -0.00177001 -0.0217379 -0.026359 -0.00786962 0.0197357 -0.000841303 0.00269396 0.00330293 0.0234294 0.00350545 0.00163041 0.0028456 0.0194434 0.000216619 0.0584912 -0.0269275 0.00571488 -0.000260423 -0.00533283 -0.0219461 0.00264958 0.00242166 0.0144508 0.000192164 0.0747142 -0.0104517 0.0536837 -0.026713 -0.00772477
internal_weight=7019.06 4586.16 203.822 191.834 110.571 65.5756 4382.33 2432.9 2399.76 184.121 117.406 2215.64 2125.2 290.592 1834.61 66.7159 90.4318 38.0181 4286.1 1482.45 481.123 1001.33 2803.65 438.38 2365.27 53.9554 91.8558 25.5498 96.2329 51.2474
internal_count=57264 41995 3280 3213 2096 842 38715 15269 15063 1080 764 13983 13477 1674 11803 316 506 200 37766 13201 6110 7091 24565 4396 20169 242 609 155 949 386
is_linear=0
shrinkage=0.05


Tree=140
num_leaves=31
num_cat=0
split_feature=28 2 23 28 16 15 5 5 28 0 7 28 1 8 16 28 23 2 3 15 28 28 1 5 28 26 5 5 28 15
split_gain=15.0689 37.856 40.5962 40.8578 37.1723 32.2634 33.6284 28.7102 23.2689 35.5837 21.6264 25.218 65.0113 73.101 58.4642 49.1115 29.387 23.4591 42.3796 29.2974 23.1687 27.378 30.4509 22.3229 20.5621 20.3801 20.2225 29.2956 15.5393 15.1591
threshold=48.500000000000007 5.5000000000000009 1.5000000000000002 72.500000000000014 2.5000000000000004 1.0000000180025095e-35 5.5000000000000009 2.5000000000000004 72.500000000000014 4.5000000000000009 29.000000000000004 43.500000000000007 15.500000000000002 22.800000000000001 1.0000000180025095e-35 42.500000000000007 2.5000000000000004 9.5000000000000018 0.92000000000000015 2.5000000000000004 41.500000000000007 38.500000000000007 7.5000000000000009 2.5000000000000004 73.500000000000014 4.5000000000000009 3.5000000000000004 2.5000000000000004 77.500000000000014 1.5000000000000002
decision_type=10 2 2 10 2 2 2 2 10 2 2 10 2 2 2 10 2 2 2 2 10 10 2 2 10 2 2 2 10 2
left_child=10 5 3 4 7 -2 8 -3 9 -7 11 15 13 14 -13 17 -17 19 -19 -1 21 26 -23 -15 -10 -4 27 -12 -5 -8
right_child=1 2 25 28 -6 6 29 -9 24 -11 20 12 -14 23 -16 16 -18 18 -20 -21 -22 22 -24 -25 -26 -27 -28 -29 -30 -31
leaf_value=0.0016570906258592186 0.092042175374042662 -0.011812093313544702 -0.051826713298390226 -0.053674297191089765 -0.057917886750333859 -0.047303250409694977 0.063492927975895286 0.029841326049429073 0.039913229330866051 0.032007597520419727 -0.039297850494854153 0.021740471520788982 0.07697825405121915 0.079163369266260095 -0.014371324039525513 -0.060092201588902709 0.039255701864577518 -0.034716446292938172 0.057288500475163553 -0.026673481866582128 -0.051972366401762685 -0.023111097858419038 0.092023750670886653 0.0013215577831200652 -0.041371259082243955 0.045066317447174591 -0.05293373150519385 0.056128787296806731 0.0043761141149175524 -0.02293612998894607
leaf_weight=5495.3931140345521 5.9046777039766303 52.019845330156386 43.246587338857353 31.726757268887013 15.719688040204344 155.14247553469613 14.076424177736046 202.04911513626575 18.83296069689095 15.561025556176899 17.537467032670975 190.9618312548846 35.434451021254063 42.038953609764576 271.33542064577341 49.863869529217482 8.7496382705867273 93.26987452339381 14.456207305192946 92.79647577367723 38.636931863147765 10.322470601648094 12.944322645664213 11.793970450758932 13.256901933811603 6.2057866752147666 29.157504248432815 14.855521149467675 18.107813412323594 7.9322030041366807
leaf_count=42526 26 491 725 423 181 1944 87 1478 149 95 412 1361 218 229 1863 387 106 1366 90 1325 539 120 53 64 154 67 469 136 255 70
internal_value=0.000138642 -0.00744099 0.00249047 0.00901321 0.0166964 -0.0233289 -0.0263593 0.0213129 -0.0327301 -0.0400734 0.00084571 0.00125145 0.0114644 0.00696662 0.00054543 0.000272547 -0.0452619 0.000741116 -0.0223699 0.00118664 -0.0198795 -0.00526021 0.0409434 0.0621094 0.00633314 -0.0396676 -0.0227257 0.00446509 -0.0325812 0.0323427
internal_weight=7029.33 599.782 369.076 319.623 269.789 230.707 224.802 254.069 202.793 170.704 6429.55 6306.09 551.565 516.13 462.297 5754.53 58.6135 5695.92 107.726 5588.19 123.454 84.8173 23.2668 53.8329 32.0899 49.4524 61.5505 32.393 49.8346 22.0086
internal_count=57409 6145 3620 2828 2150 2525 2499 1969 2342 2039 51264 49535 3735 3517 3224 45800 493 45307 1456 43851 1729 1190 173 293 303 792 1017 548 678 157
is_linear=0
shrinkage=0.05


Tree=141
num_leaves=31
num_cat=0
split_feature=26 23 30 26 0 14 28 19 30 28 4 30 30 21 6 6 3 23 9 5 6 1 15 3 14 6 4 19 30 24
split_gain=12.498 15.2663 17.2784 30.2713 17.7373 13.9007 12.2413 84.5886 39.5419 28.8354 22.2716 21.3297 10.7095 14.1663 10.3387 5.91224 4.98926 4.70145 4.01302 3.4833 2.69628 2.44252 2.26659 3.47695 1.06265 0.78092 0.50019 0.200606 0.0540072 0.0348744
threshold=5.5000000000000009 7.5000000000000009 65.500000000000014 3.5000000000000004 3.5000000000000004 3.5000000000000004 22.500000000000004 0.12000000000000001 19.500000000000004 23.500000000000004 2.0650000000000004 24.500000000000004 51.500000000000007 0.26150000000000007 53.750000000000007 37.45000000000001 0.44950000000000007 16.500000000000004 12.65 4.5000000000000009 40.45000000000001 3.5000000000000004 1.0000000180025095e-35 0.48700000000000004 1.5000000000000002 55.350000000000001 0.25500000000000006 -1.0000000180025095e-35 57.500000000000007 4.5000000000000009
decision_type=2 2 2 2 2 2 8 8 2 8 2 2 2 8 2 2 2 2 2 2 2 2 2 2 2 2 2 10 2 2
left_child=1 5 4 29 22 6 7 8 -1 -8 -11 -9 15 17 18 26 -16 24 -5 -15 -17 -19 28 -24 -14 -23 27 -2 -3 -4
right_child=12 2 3 14 -6 -7 9 11 -10 10 -12 -13 13 19 16 20 -18 21 -20 -21 -22 25 23 -25 -26 -27 -28 -29 -30 -31
leaf_value=-0.057006141732859762 0.066066994671916915 -0.052911543982786725 -0.056758439898886584 0.036035449276231486 0.088789164827609124 -0.052855450680234332 0.083377375511594645 -0.016954663181693645 0.012284386197213044 0.00011682008407635613 0.03294436507669031 -0.057104047048104636 0.055715693857491005 -0.054538293092070617 0.060721808405703848 -0.0516979583307762 -0.05146321048739444 0.021437295054076561 0.082973520532683379 -0.0045186659762163168 0.036006113939861827 -0.0045192189493591236 0.028344813175818953 -0.051732313415455214 0.027207033774567679 -0.052053184747689801 0.043366144449463871 0.054534051073522175 -0.057125144993685789 -0.051639142114116868
leaf_weight=22.291618280112743 5.8184044659137788 27.187403066083789 4.965147800743579 12.272696154192095 2.4435843229293814 12.475146647542713 10.483354046940802 56.041251014918089 269.68341091182083 6329.5790209951811 52.09232812281698 80.738206217065454 9.4478206392377633 8.7438779762014729 1.3040996342897404 2.0934273023158307 4.1289371741004288 5.1172842308878881 7.2399904504418364 5.7822209652513257 1.5072889719158409 1.4697082592174413 2.2356310337781897 3.4435730534605682 4.99783931672573 2.0967240827158093 8.0045312382280809 10.712912149727346 10.557988667860625 10.082088322844355
leaf_count=160 33 1070 56 130 11 361 47 358 2343 48910 472 1146 91 194 9 100 206 40 40 70 23 25 12 206 55 95 132 144 228 430
internal_value=-0.000181158 -0.000387393 -0.0213395 0.00268132 -0.0422835 -0.000124131 -2.7688e-05 -0.00820633 0.00699421 0.000520896 0.000384785 -0.040654 0.0215083 0.00407064 0.0364663 0.0448454 -0.0245353 0.0283746 0.0534514 -0.0346276 -0.0149843 -0.000700434 -0.0496592 -0.0202098 0.0458524 -0.0324647 0.0536256 0.0585932 -0.0540902 -0.0533284
internal_weight=6985.04 6919.25 85.8611 39.993 45.8682 6833.38 6820.91 428.754 291.975 6392.15 6381.67 136.779 65.792 37.6555 24.9457 28.1366 5.43304 23.1294 19.5127 14.5261 3.60072 8.68372 43.4246 5.6792 14.4457 3.56643 24.5358 16.5313 37.7454 15.0472
internal_count=57197 56195 2398 871 1527 53797 53436 4007 2503 49429 49382 1504 1002 570 385 432 215 306 170 264 123 160 1516 218 146 120 309 177 1298 486
is_linear=0
shrinkage=0.05


Tree=142
num_leaves=28
num_cat=0
split_feature=19 16 15 7 6 6 4 4 4 28 7 3 28 5 25 4 15 28 4 14 4 28 18 23 24 18 30
split_gain=11.9198 11.4696 28.7244 63.5441 89.6221 93.3826 83.9097 38.0956 37.8496 28.012 25.9382 30.0149 22.1008 21.4228 17.1224 16.1094 36.3377 31.9645 17.315 35.0924 33.0899 8.33904 0.389032 0.00319227 0.00292243 0.000550544 7.8767e-05
threshold=-0.20499999999999999 1.5000000000000002 1.5000000000000002 11.000000000000002 53.050000000000004 53.650000000000013 0.45500000000000007 1.7650000000000003 0.43500000000000005 52.500000000000007 11.000000000000002 0.91300000000000014 53.500000000000007 3.5000000000000004 1.0450000000000002 1.3650000000000004 1.5000000000000002 61.500000000000007 1.1250000000000002 1.5000000000000002 1.0850000000000002 71.500000000000014 1.0000000180025095e-35 5.5000000000000009 11.500000000000002 1.0000000180025095e-35 68.500000000000014
decision_type=8 2 2 2 2 2 2 2 2 10 2 2 10 2 2 2 2 8 2 2 2 10 10 2 2 8 2
left_child=-1 14 3 6 22 -6 8 -8 -3 10 -4 -12 -11 -14 15 18 21 -18 20 -20 -2 -17 -5 -16 25 -25 -26
right_child=1 2 9 4 5 -7 7 -9 -10 12 11 -13 13 -15 23 16 17 -19 19 -21 -22 -23 -24 24 26 -27 -28
leaf_value=0.051912223249837366 0.0016456036087365161 -0.0037964188482045424 0.044479084675316805 -0.054794954521523845 0.14556259486674658 0.018122119439090794 -0.055737700657221334 0.04730117269811767 0.08932118959942531 0.076315359542514768 -0.063720891495506568 0.054214993984630838 0.012073668881088977 -0.040043571930980348 -0.05440816220160534 -0.044368101202443999 -0.012632221028551733 0.029000997035766897 0.030549931499871671 -0.011821897327045552 -0.042556147211580908 0.020156731159049687 -0.065344756320967409 -0.051051751262445426 -0.052665332446608343 -0.051876595539830296 -0.053078026741374421
leaf_weight=11.152730524539948 5229.0362579557113 554.26071375003085 7.3511158451437941 20.916058654896915 15.069059811532496 311.84525982337072 113.05673547135666 9.7435162272304279 11.132027201354502 7.8082180917263022 66.227380010299385 5.8733601719140998 42.966417841613293 36.440324050374329 1.3296914994716633 71.043744292110205 148.25691331457347 66.909533994272351 140.00570711959153 75.064126485958695 42.686205410398543 5.3869647700339547 15.009157485328613 6.119342844467611 2.3717083018273106 3.021988241001961 2.2559268856421113
leaf_count=59 38620 6268 81 312 73 2473 1474 66 106 32 548 46 358 342 18 887 2010 541 991 903 508 51 109 390 54 100 54
internal_value=0.000262482 0.000180322 -0.00423078 -0.00117275 0.0157588 0.0239965 -0.0100997 -0.0475621 -0.00196302 -0.0235153 -0.0449917 -0.0541138 -0.0039506 -0.0118433 0.00110747 0.00124641 -0.0102054 0.000314311 0.00185502 0.0157612 0.00128769 -0.0398203 -0.0592025 -0.0520686 -0.0518427 -0.0513244 -0.0528665
internal_weight=7022.34 7011.19 1217.7 1051.03 362.84 326.914 688.193 122.8 565.393 166.667 79.4519 72.1007 87.215 79.4067 5793.49 5778.39 291.597 215.166 5486.79 215.07 5271.72 76.4307 35.9252 15.0987 13.769 9.14133 4.62764
internal_count=57474 57415 12288 10881 2967 2546 7914 1540 6374 1407 675 594 732 700 45127 44511 3489 2551 41022 1894 39128 938 421 616 598 490 108
is_linear=0
shrinkage=0.05


Tree=143
num_leaves=31
num_cat=0
split_feature=1 21 28 6 28 5 5 4 5 3 0 28 28 1 5 6 28 5 28 28 0 28 30 28 28 14 18 16 20 19
split_gain=13.8336 26.091 21.3555 12.8483 24.5518 36.3491 20.7027 21.7729 20.2417 22.0335 15.1148 26.2977 40.1255 29.5293 38.0752 23.4686 22.0188 47.8462 36.2262 34.2515 62.7759 33.8162 32.4273 20.7974 15.0654 22.2031 14.4211 14.4109 13.117 12.8398
threshold=17.500000000000004 0.10550000000000002 70.500000000000014 86.950000000000017 55.500000000000007 4.5000000000000009 4.5000000000000009 0.75500000000000012 3.5000000000000004 0.84800000000000009 3.5000000000000004 56.500000000000007 62.500000000000007 14.500000000000002 5.5000000000000009 75.250000000000014 48.500000000000007 5.5000000000000009 72.500000000000014 43.500000000000007 1.5000000000000002 61.500000000000007 47.500000000000007 43.500000000000007 15.500000000000002 1.5000000000000002 1.0000000180025095e-35 1.0000000180025095e-35 1.5000000000000002 0.43499999999999994
decision_type=2 10 10 2 8 2 2 2 2 2 2 10 10 2 2 2 10 2 10 10 2 10 2 8 10 2 10 2 10 10
left_child=3 -2 29 10 5 24 8 -8 9 -6 16 13 27 14 -12 -14 19 21 -19 22 -21 -18 -1 -15 -5 -26 -9 -13 -10 -3
right_child=1 2 -4 4 6 -7 7 26 28 -11 11 12 15 23 -16 -17 17 18 -20 20 -22 -23 -24 -25 25 -27 -28 -29 -30 -31
leaf_value=-0.0021521743939873581 -0.053208218344788831 0.0016973313148162285 -0.05609080515318169 -0.054947054778639808 0.037357608165950039 -0.038530033698941452 -0.0268219456872303 0.090398610047078068 -0.078049643518443498 -0.058878920545686358 -0.0095482816596720501 0.025553025148969195 0.034671651859951039 -0.033391969239986392 -0.049452763049143131 -0.036371701708171916 -0.038576628523679643 0.066938959493099234 -0.032533145559126564 -0.016809528615432306 0.032645555101994683 -0.002413554674364533 0.006431625072420461 0.026629144423247882 0.040689644190517522 -0.0091103484633538647 0.037923109365309848 0.088187851615360011 0.0034999375323187679 0.062469464139689672
leaf_weight=3612.4313019462861 35.089408957865089 45.208217984065413 13.787013247609137 7.3142069950699797 43.793437165673822 49.035252901725471 8.6506299041211587 21.553360030055046 9.4209963423199969 6.8823243789374819 539.69374689040706 17.277279429137707 18.500536389648914 17.635331900790334 67.223460172303021 31.277712499257177 129.89653101935983 29.791212875396013 13.21221108920872 91.912342077121139 212.5661671385169 128.68854069476947 1582.1204111960251 79.467916687019169 52.898655686527491 38.797043215949088 33.352576615288854 19.602711040526628 10.346152369864283 10.759983529336749
leaf_count=27275 616 473 173 117 287 561 86 102 60 86 5507 96 192 214 635 570 1439 157 141 693 1321 1347 13399 552 345 396 226 88 71 84
internal_value=-1.56039e-05 -0.0180407 -0.000350095 0.000259347 0.0107098 -0.00332501 0.0262158 0.0469063 0.00754795 0.0242876 -0.000187834 -0.00667303 0.0193176 -0.00987223 -0.0139682 -0.0099678 0.000696159 -0.0124581 0.0363775 0.00141759 0.0177166 -0.0205796 0.00046222 0.0157285 0.0141105 0.0196189 0.0585224 0.0588451 -0.0353665 0.0133809
internal_weight=6978.19 104.845 69.7552 6873.34 282.045 148.045 133.999 63.5566 70.4429 50.6758 6591.3 790.679 86.6582 704.02 606.917 49.7782 5800.62 301.588 43.0034 5499.03 304.479 258.585 5194.55 97.1032 99.0099 91.6957 54.9059 36.88 19.7671 55.9682
internal_count=57309 1346 730 55963 2337 1419 918 414 504 373 53626 7854 946 6908 6142 762 45772 3084 298 42688 2014 2786 40674 766 858 741 328 184 131 557
is_linear=0
shrinkage=0.05


Tree=144
num_leaves=27
num_cat=0
split_feature=19 26 25 14 14 25 4 13 29 8 14 25 25 4 29 1 8 9 22 1 29 1 8 24 20 5
split_gain=16.1316 11.9363 31.9904 17.3501 26.2959 16.9576 15.834 19.3315 14.6926 13.6731 12.8865 12.7575 115.839 40.7798 8.97996 4.66059 3.95852 0.143413 0.0641621 0.0542283 0.00515119 0.00413719 0.00390435 0.00209188 0.00107445 0.000791976
threshold=-0.20499999999999999 3.5000000000000004 0.43000000000000005 1.0000000180025095e-35 1.5000000000000002 0.97500000000000009 0.37500000000000006 1.0000000180025095e-35 9.5000000000000018 7.3500000000000005 3.5000000000000004 0.10500000000000002 1.0000000180025095e-35 0.68500000000000016 1.5000000000000002 10.500000000000002 21.900000000000002 13.900000000000002 2.5000000000000004 16.500000000000004 1.5000000000000002 6.5000000000000009 17.950000000000003 12.500000000000002 1.5000000000000002 1.5000000000000002
decision_type=8 2 2 2 2 2 2 2 8 2 2 2 2 2 8 2 2 2 2 2 8 2 2 2 10 2
left_child=-1 2 10 17 15 9 7 8 -7 -3 11 12 -2 -13 -11 -5 -16 21 -19 -6 -12 -4 -8 -9 -22 -24
right_child=1 5 3 4 19 6 22 23 -10 14 20 13 -14 -15 16 -17 -18 18 -20 -21 24 -23 25 -25 -26 -27
leaf_value=0.062514299906102341 0.00022896659968503578 -0.035643927970280147 -0.051590582715853421 0.074155099893110976 -0.052548373273210006 -0.043730788326821701 -0.053225480683654472 -0.051171562502698824 0.037010680466208375 -0.017694566954696303 -0.054781926176955514 0.032075399683934948 -0.053880571146609706 -0.0037982270332688399 0.053764873707490696 0.016719463858748815 0.020312483269725741 -0.060098216865105636 -0.052214198120271761 -0.061557335535535829 -0.051957878542549796 -0.053614203338428028 -0.050961686562027764 -0.052646497526730576 -0.053209492300162989 -0.051912810639576139
leaf_weight=10.245670661330223 6294.61041729711 6.6081327497959128 27.297656653914604 6.8384449593722838 11.094108592253177 6.7008761763572684 4.5334393419325343 6.7619632035493833 35.400929914787412 6.0210198685526839 2.6822648737579557 124.74071391997859 100.49100914411247 217.08646943327039 42.040199309587479 7.3048549070954323 11.199180862400679 9.7725128969177586 3.5065977293997994 1.9664656668901432 6.6027213567867875 2.7832545181736341 4.5598747732583416 3.7300862334668636 2.3161801202222705 4.2088071657344699
leaf_count=53 49040 62 1229 53 378 52 93 379 426 47 52 908 1108 1656 391 60 274 93 139 13 215 62 289 96 52 143
internal_value=-0.000178685 -0.000271096 -0.000559115 -0.0340502 -0.0027492 0.0146345 -0.00329888 0.00902732 0.02416 0.0325753 -0.000208925 -0.000118258 -0.000621297 0.0092929 0.0401825 0.0444902 0.046728 -0.0536884 -0.0580163 -0.0539048 -0.0528607 -0.0517778 -0.0520341 -0.0516959 -0.0522829 -0.0514182
internal_weight=6961.1 6950.86 6819.09 70.5639 27.2039 131.765 65.896 52.5939 42.1018 65.8685 6748.53 6736.93 6395.1 341.827 59.2604 14.1433 53.2394 43.36 13.2791 13.0606 11.6012 30.0809 13.3021 10.492 8.9189 8.76868
internal_count=57363 57310 55058 2027 504 2252 1478 953 478 774 53031 52712 50148 2564 712 113 665 1523 232 391 319 1291 525 475 267 432
is_linear=0
shrinkage=0.05


Tree=145
num_leaves=31
num_cat=0
split_feature=8 20 15 28 3 14 1 9 8 15 14 21 21 28 21 16 18 28 3 29 16 20 16 15 7 8 3 1 0 9
split_gain=12.2246 40.3558 59.821 60.8837 50.2192 37.9426 73.5423 32.1775 29.6006 63.9254 53.884 52.02 26.9681 33.2269 25.6177 20.9021 27.7669 33.1859 23.0953 20.2391 26.1912 18.6834 18.5638 25.3122 63.5958 72.1419 69.5117 35.5609 38.4096 29.0524
threshold=25.550000000000001 1.0000000180025095e-35 1.5000000000000002 44.500000000000007 0.84800000000000009 -1.4999999999999998 4.5000000000000009 4.7500000000000009 22.250000000000004 1.0000000180025095e-35 1.0000000180025095e-35 0.91650000000000009 inf 38.500000000000007 0.91650000000000009 1.0000000180025095e-35 1.0000000180025095e-35 33.500000000000007 0.89450000000000018 13.500000000000002 1.0000000180025095e-35 2.5000000000000004 1.5000000000000002 1.5000000000000002 11.000000000000002 12.700000000000001 0.39450000000000007 11.500000000000002 3.5000000000000004 7.9500000000000011
decision_type=2 10 2 10 2 2 2 2 2 2 2 10 8 10 10 2 8 8 2 10 2 10 2 2 2 2 2 2 2 2
left_child=8 2 3 5 14 6 -2 -7 22 12 -11 21 13 -10 -3 16 -6 -18 -17 -4 -21 -12 -1 24 25 -24 -26 29 -29 -25
right_child=1 4 19 -5 15 7 -8 -9 9 10 11 -13 -14 -15 -16 18 17 -19 -20 20 -22 -23 23 27 26 -27 -28 28 -30 -31
leaf_value=0.0012342543204874577 0.15072120981496842 0.013390532373303291 -0.052538890936001427 0.065579228109752696 0.14476644652683085 0.055293331569541505 0.00056309228369089874 -0.01050237492190275 -0.056289349845779074 0.035598917764758729 -0.034355298632164986 0.095137440543775265 -0.0044367247471211535 0.044365565802669198 -0.072029329922190313 0.069573155635511932 0.098752868557216489 -0.014970216166083967 -0.02359226628026 0.06933208784573551 -0.053728100075785296 0.058822721554434632 0.011010290475250137 0.049475811937899274 -0.054257367644453408 -0.024563786775649903 0.028222382080488176 0.057493049010126168 -0.026049520462348846 -0.054824050357477262
leaf_weight=4940.2556479601189 11.762034945189951 127.27805620618165 66.777432600967586 39.185092993080616 12.617359280586243 19.890723295509815 26.583464916795492 282.46976312249899 115.40453257644549 82.382046645972878 92.089232832193375 9.2506300732493383 46.320214603096247 8.8260307013988477 9.4274789784103614 14.327414333820343 16.661319106817249 10.431266246363519 12.417178548872471 8.6967252055183053 8.5988142471760511 5.7136280378326765 224.66507154051214 7.2934260219335547 28.949618038721383 389.7510961140506 217.19877846119925 21.583543986082077 37.947904750704765 78.942495425231755
leaf_count=38570 55 956 751 216 95 144 143 2014 1027 708 903 39 272 43 49 77 71 75 90 68 176 48 2259 43 405 5136 1756 149 316 780
internal_value=-0.000188551 0.00624793 -0.00188968 0.00655637 0.0248321 -0.000231936 0.0466223 -0.00617402 -0.000869417 -0.0147918 0.00520035 -0.0181926 -0.0369977 -0.0491383 0.00749981 0.0604868 0.0834996 0.0549669 0.0263176 -0.0400539 0.00815032 -0.0289119 -2.66012e-05 -0.00621636 -0.00295271 -0.0115559 0.0185219 -0.0254839 0.00423942 -0.0460029
internal_weight=6973.7 667.124 463.964 379.891 203.16 340.706 38.3455 302.36 6306.57 359.986 189.436 107.053 170.551 124.231 136.706 66.4545 39.7099 27.0926 26.7446 84.073 17.2955 97.8029 5946.59 1006.33 860.565 614.416 246.148 145.767 59.5314 86.2359
internal_count=57434 4980 3567 2572 1413 2356 198 2158 52454 3040 1698 990 1342 1070 1005 408 241 146 167 995 244 951 49414 10844 9556 7395 2161 1288 465 823
is_linear=0
shrinkage=0.05


Tree=146
num_leaves=31
num_cat=0
split_feature=28 19 2 4 9 29 29 28 25 28 7 4 15 3 28 19 7 3 0 10 13 9 29 28 6 28 6 28 20 10
split_gain=11.0414 78.793 37.8531 41.1995 43.7212 40.4914 26.3749 30.4244 24.7164 23.8555 20.6003 19.8188 28.3526 45.346 31.2931 25.3744 21.3433 36.922 21.9865 16.5407 26.6805 13.7833 13.3227 13.2989 16.7134 9.45852 16.589 8.88674 6.98265 9.59643
threshold=22.500000000000004 0.12000000000000001 3.5000000000000004 1.1050000000000002 13.250000000000002 9.5000000000000018 17.500000000000004 14.500000000000002 0.30500000000000005 23.500000000000004 4.5000000000000009 2.0650000000000004 2.5000000000000004 0.69000000000000006 43.500000000000007 -0.14499999999999999 29.000000000000004 0.62200000000000011 5.5000000000000009 7.3000000000000016 1.0000000180025095e-35 10.850000000000003 21.500000000000004 14.500000000000002 46.650000000000013 39.500000000000007 80.950000000000017 72.500000000000014 2.5000000000000004 8.1500000000000004
decision_type=8 8 2 2 2 10 10 10 2 8 2 2 2 2 8 10 2 2 2 2 2 2 10 10 2 10 2 10 8 2
left_child=1 2 6 4 5 -4 19 21 -5 -2 23 12 16 14 -14 -15 18 -18 -11 20 -1 -8 -6 -3 -25 -13 -27 -28 -12 -30
right_child=9 10 3 8 22 -7 7 -9 -10 11 28 25 13 15 -16 -17 17 -19 -20 -21 -22 -23 -24 24 -26 26 27 -29 29 -31
leaf_value=-0.054836105462537248 0.072182268332955643 -0.050460522272279235 -0.071658150642242971 -0.053361260442977003 0.055519458322836668 0.028291341728289662 0.0076368121139873627 -0.033492847095996661 0.052775743491616713 0.00045765433720802826 -0.057792652589546037 0.056032596859924191 -0.047493733233714835 -0.0092385058231075259 0.010035048389677309 -0.05238298022227237 -0.048003206539064418 0.0098579824693024662 0.019534491206764891 -0.062932848160353411 0.036307544534313556 0.077615452529854273 0.12076987048710218 -0.025990639803160284 0.067884795311946286 -0.058812239898019918 0.049572270355603812 -0.008123551687542736 0.0032300063184306873 -0.054601237315515666
leaf_weight=17.069815874099731 11.477613240480421 9.4413963854312914 11.298689372837542 24.882410177960995 17.489541128277782 98.224073678255081 13.020926969125867 21.438650060910732 7.0363080073148003 5849.6012974877376 76.946205075830221 21.020994819700718 27.684722291305661 55.698837094008923 161.73231532704085 87.796136661432683 59.492935606278479 51.383581236004829 155.04043692396954 31.449603032320738 15.160672068595884 15.310377240180969 14.153673976659773 9.2443538606166857 9.7335659954696876 6.4520850200206032 19.360638952348385 10.185228602029381 12.858102705329658 16.225319807417691
leaf_count=141 52 57 61 525 83 585 124 442 52 45985 1108 143 443 706 1296 1261 1040 615 1171 255 79 71 61 58 59 129 246 88 95 157
internal_value=-0.000345103 -0.00819306 0.00662431 0.0213374 0.0329371 0.0179803 -0.0158227 0.011447 -0.0299639 0.000161863 -0.0397715 3.47972e-05 -0.000224712 -0.0144346 0.00162678 -0.0356361 0.000548836 -0.0211886 0.00095022 -0.0371358 -0.0119637 0.0454536 0.0847053 -0.00196779 0.022157 0.0293834 0.0138216 0.029683 -0.0499041 -0.0290334
internal_weight=6937.91 420.984 286.535 173.085 141.166 109.523 113.45 49.77 31.9187 6516.93 134.449 6505.45 6448.43 332.912 189.417 143.495 6115.52 110.877 6004.64 63.6801 32.2305 28.3313 31.6432 28.4193 18.9779 57.0189 35.998 29.5459 106.03 29.0834
internal_count=57188 4013 2479 1367 790 646 1112 637 577 53175 1534 53123 52517 3706 1739 1967 48811 1655 47156 475 220 195 144 174 117 606 463 334 1360 252
is_linear=0
shrinkage=0.05


Tree=147
num_leaves=31
num_cat=0
split_feature=10 6 6 30 8 29 10 8 3 6 28 30 6 28 15 4 2 6 6 29 3 5 28 4 0 6 29 9 8 4
split_gain=12.4198 47.7501 71.954 69.3248 58.9595 73.5161 45.9519 70.0715 67.5104 55.6297 45.9192 45.9079 66.2543 54.47 49.8949 43.0475 38.0958 82.0695 59.2204 38.5213 35.5322 46.5713 41.5067 33.41 121.241 63.3453 68.3215 45.4589 52.1303 42.2659
threshold=4.0500000000000007 52.750000000000007 54.95000000000001 48.500000000000007 19.800000000000004 29.500000000000004 5.9500000000000011 17.050000000000004 0.5415000000000002 42.250000000000007 65.500000000000014 56.500000000000007 70.050000000000011 28.500000000000004 2.5000000000000004 0.34500000000000003 3.5000000000000004 41.650000000000013 40.250000000000007 20.500000000000004 0.48700000000000004 3.5000000000000004 25.500000000000004 0.13500000000000004 1.0000000180025095e-35 33.350000000000001 9.5000000000000018 8.9500000000000011 21.900000000000002 0.085000000000000006
decision_type=2 2 2 2 2 8 2 2 2 2 8 2 2 8 2 2 2 2 2 8 2 2 8 2 2 2 8 2 2 2
left_child=23 3 4 16 5 -3 7 10 -8 -10 -5 14 -13 -14 15 -4 20 18 -18 -19 21 -2 -22 29 -25 26 -26 -27 -29 -1
right_child=1 2 11 6 -6 -7 8 -9 9 -11 -12 12 13 -15 -16 -17 17 19 -20 -21 22 -23 -24 24 25 27 -28 28 -30 -31
leaf_value=0.0021670348301653934 -0.019990114707183641 0.069273067153264548 -0.023020573957794822 -0.051220707166472507 0.079891202055690391 -0.028368326053590992 -0.036049560480751662 -0.023167086465702855 -0.046642416010155674 0.039491008837019885 0.062215514742328448 -0.026591934821057251 0.056779857804509171 -0.0029800057849747028 -0.033565115317256464 0.010496735581628745 -0.0056633873035525041 0.014867820549120024 0.10988196447205685 -0.039148337669243451 -0.0022442967357675678 0.066637968252940549 -0.049699702709284976 -0.036698485427728141 -0.02344215166560772 -0.046604483552861578 0.070094585216699187 0.010497740122571032 0.083208435400230638 -0.017517473127933829
leaf_weight=2723.6892762440257 137.9682499691844 32.319166396744549 104.18032011762261 9.8932722993195039 50.80589662399143 47.773442208766937 109.96471965825185 46.444238316267729 24.293977368157357 82.082374664023519 90.810610087588429 337.817574408371 40.946103183552623 554.61426085839048 77.252212550491095 1190.4046867843717 20.563692882657051 50.034584395587444 24.069072023034096 96.980951218865812 57.918218655046076 17.480283506214619 225.37953930953518 94.276037840172648 23.597201321274042 29.452600713353604 113.05440206639469 202.04231221973896 28.076542092487216 303.03787438478321
leaf_count=20679 1243 194 825 125 304 405 1253 478 424 600 597 3612 418 5275 982 7978 211 250 109 761 579 109 2781 1067 198 512 715 1260 176 3231
internal_value=7.02437e-05 -0.00207055 0.00169761 -0.0113067 0.0377586 0.0110322 0.00608358 0.0276396 -0.00857809 0.0198201 0.0510714 -0.000350063 -0.00890428 0.00112862 0.0054701 0.00779947 -0.0213341 -0.00273648 0.0566467 -0.0207647 -0.0294576 -0.0102487 -0.0399978 0.00215795 0.0142633 0.0263889 0.0539425 0.0118833 0.0193691 0.000196209
internal_weight=6947.22 3430 2436.11 993.884 130.899 80.0926 363.489 147.148 216.341 106.376 100.704 2305.22 933.378 595.56 1371.84 1294.59 630.395 191.648 44.6328 147.016 438.746 155.449 283.298 3517.23 490.499 396.223 136.652 259.571 230.119 3026.73
internal_count=57351 29513 19993 9520 903 599 3477 1200 2277 1024 722 19090 9305 5693 9785 8803 6043 1331 320 1011 4712 1352 3360 27838 3928 2861 913 1948 1436 23910
is_linear=0
shrinkage=0.05


Tree=148
num_leaves=31
num_cat=0
split_feature=26 27 21 8 28 14 22 28 2 3 26 23 28 6 6 29 3 29 13 2 17 19 29 19 4 21 19 23 23 4
split_gain=12.252 17.6106 23.1158 19.6513 21.9648 18.1642 17.3475 33.0619 34.2002 29.3861 14.8983 17.1075 30.7759 16.4304 14.7242 8.84798 8.62666 7.90417 12.1659 9.24656 7.18239 5.00427 4.6756 1.96061 1.36549 1.22781 1.0887 0.211363 0.113529 0.0166943
threshold=5.5000000000000009 47.850000000000001 0.64600000000000013 20.900000000000002 51.500000000000007 1.0000000180025095e-35 1.5000000000000002 46.000000000000007 1.5000000000000002 0.65950000000000009 1.5000000000000002 3.5000000000000004 49.500000000000007 41.650000000000013 78.65000000000002 9.5000000000000018 0.82850000000000013 9.5000000000000018 1.0000000180025095e-35 11.500000000000002 1.0000000180025095e-35 0.020000000000000014 1.0000000180025095e-35 0.094999999999999876 0.25500000000000006 1.0000000180025095e-35 0.010000000000000122 4.5000000000000009 3.5000000000000004 0.03500000000000001
decision_type=2 2 8 2 10 2 2 10 2 2 2 2 10 2 2 10 2 8 2 2 8 10 10 8 2 8 8 2 2 2
left_child=1 6 3 4 5 -3 10 8 26 -10 11 13 -13 -1 20 -16 17 19 21 25 -12 24 -6 -9 -19 -2 -8 -4 -5 -29
right_child=16 2 27 28 22 -7 7 23 9 -11 14 12 -14 -15 15 -17 -18 18 -20 -21 -22 -23 -24 -25 -26 -27 -28 29 -30 -31
leaf_value=0.0034080338209250337 -0.017877221009043692 -0.011274987378232501 -0.061381847455257876 -0.061091667925948195 0.010623911241055294 0.037760296244635019 -0.020476080023484888 -0.067693777354938547 0.074431735802533969 -0.020098926681204929 -0.060493912525022654 0.064871782628345531 -0.054603145818429837 -0.0020182070907884832 0.056343580602982279 -0.045710926101005217 -0.051322081579969626 0.063751496855919229 -0.052511639936859755 0.043872697611319567 -0.0087530699216879539 0.0080492714864686902 -0.054657120489506973 -0.028774391055740228 0.042507448185698377 -0.056289395264780787 -0.056808697960774361 -0.055590389967486144 -0.051758104006044886 -0.051830099004929658
leaf_weight=2014.8976966557093 3.8638919293880454 35.984149981290102 9.0937444847077114 4.1953147202730205 3.2702091708779362 39.746681865304708 2.9337197225540859 6.6211006650701147 41.23341192305088 10.268603540956972 23.591536968015134 23.338528722524646 7.0088043389841905 4534.7603327259421 6.700422424823044 3.1094242623075843 3.7242915695533148 18.190853960812095 3.388955012895166 5.7313587442040435 9.3716102764010412 6.9701396357268086 17.009081203490496 6.3292336687445641 12.948005416430531 4.506820084527134 6.9377517942339182 3.4692947920411852 14.582417088560758 19.782215981278569
leaf_count=16421 29 861 82 29 24 278 78 56 245 128 366 147 125 34868 80 78 202 185 108 62 81 100 400 60 215 81 97 45 879 815
internal_value=-0.000276814 -0.00047292 -0.0175842 -0.00706396 0.0020852 0.0144608 -9.69907e-05 0.0239245 0.0392432 0.055584 -0.000366571 -0.00017537 0.0372787 -0.000348911 -0.0297801 0.0239954 0.0223479 0.0272826 0.0382724 -0.00505682 -0.0457837 0.0463456 -0.04413 -0.0486727 0.0549179 -0.0385585 -0.0460109 -0.0549189 -0.0538434 -0.0523912
internal_weight=6903.56 6844.24 147.133 114.788 96.0101 75.7308 6697.1 74.3238 61.3735 51.502 6622.78 6580.01 30.3473 6549.66 42.773 9.80985 59.3243 55.6 41.498 14.1021 32.9631 38.109 20.2793 12.9503 31.1389 8.37071 9.87147 32.3453 18.7777 23.2515
internal_count=57225 56243 3413 2471 1563 1139 52830 664 548 373 52166 51561 272 51289 605 158 982 780 608 172 447 500 424 116 400 110 175 942 908 860
is_linear=0
shrinkage=0.05


Tree=149
num_leaves=31
num_cat=0
split_feature=26 27 22 1 28 28 26 27 30 23 28 30 16 16 27 9 29 2 25 4 30 1 4 25 25 30 28 4 25 23
split_gain=11.5697 20.6548 27.9133 40.7031 49.2495 20.3731 24.7314 24.1819 13.8649 22.1407 20.3835 17.8177 51.5964 48.1899 13.7319 15.5033 7.47774 15.7067 10.1476 7.03725 24.6443 6.62322 5.63621 5.62871 19.2569 3.55115 2.14112 0.866684 0.616876 0.328459
threshold=5.5000000000000009 47.850000000000001 1.5000000000000002 6.5000000000000009 46.000000000000007 47.500000000000007 3.5000000000000004 52.750000000000007 71.500000000000014 1.0000000180025095e-35 28.500000000000004 47.500000000000007 1.0000000180025095e-35 2.5000000000000004 60.650000000000013 6.3500000000000005 9.5000000000000018 2.5000000000000004 0.58500000000000008 0.70500000000000007 53.500000000000007 8.5000000000000018 1.4350000000000003 1.8600000000000003 0.97500000000000009 58.500000000000007 60.500000000000007 0.35500000000000004 0.36500000000000005 2.5000000000000004
decision_type=2 2 2 2 10 8 2 2 2 2 8 2 2 2 2 2 8 2 2 2 2 2 2 2 2 2 8 2 2 2
left_child=1 2 8 25 21 7 19 -3 11 10 -10 13 -13 -1 -8 -16 18 23 -2 -7 -21 -5 -9 24 28 -4 -20 -25 -18 -11
right_child=16 5 3 4 -6 6 14 22 9 29 -12 12 -14 -15 15 -17 17 -19 26 20 -22 -23 -24 27 -26 -27 -28 -29 -30 -31
leaf_value=-0.00042495665446870367 0.056734741950522465 0.063978915105765519 -0.05478289684460827 0.08734087279084711 -0.049892057300603573 -0.054447742260966193 0.04926185698045929 -0.073069754796467573 0.029177493176122945 -0.067304826857057229 -0.0076931202722660026 -0.004841898023664231 0.011819669182499977 -0.041668332841456969 0.031028141691863673 -0.044644037800321272 0.037407352377834095 -0.052138854449927177 -0.057505059889475074 0.097687623846810748 -0.041230658645037305 0.050664773145152643 0.0048172978408557747 0.077777455485455338 -0.052113624867139753 0.0056398384671473949 -0.012001268092666073 0.054883854187875371 0.058829279559686413 -0.053986196961405969
leaf_weight=4012.9759963974357 4.1630661003291598 14.454165469855072 12.079106930643318 26.034034371376038 10.363257976248859 51.174466423224658 12.101416977122424 5.2992044091224653 40.035286502912641 7.3102112412452724 588.45944127719849 810.61896015238017 1088.7026724945754 72.097645090892911 11.273011734243484 16.938936743419617 4.6101580262184205 4.9336675256490699 5.3931802134029541 3.6592703042551902 25.030727120582014 23.350132346153259 4.1352636339142919 6.8133582770824459 5.8543047131970516 3.0446160994470111 4.9650965649634609 10.512507919222115 12.399120185524223 12.621932073030619
leaf_count=29289 56 95 228 111 104 1566 121 32 452 46 7131 6303 7754 997 295 588 69 195 75 25 606 212 85 38 225 26 51 142 124 264
internal_value=8.6192e-05 -0.000104676 0.000297647 0.0306562 0.0492041 -0.0188367 -0.0272197 0.0233362 -4.50398e-05 -0.00698981 -0.00534445 0.000707447 0.00470861 -0.00115286 0.00470554 -0.0144067 0.0220125 0.0320557 -0.00919558 -0.0433347 -0.0235123 0.0699994 -0.0389307 0.0423914 0.0261025 -0.042619 -0.0356934 0.0638867 0.0530231 -0.0588709
internal_weight=6911.4 6851.76 6707.69 74.8711 59.7474 144.066 120.178 23.8886 6632.82 648.427 628.495 5984.4 1899.32 4085.07 40.3134 28.2119 59.6445 45.1231 14.5213 79.8645 28.69 49.3842 9.43447 40.1894 22.8636 15.1237 10.3583 17.3259 17.0093 19.9321
internal_count=57305 56330 52917 681 427 3413 3201 212 52236 7893 7583 44343 14057 30286 1004 883 975 793 182 2197 631 323 117 598 418 254 126 180 193 310
is_linear=0
shrinkage=0.05


Tree=150
num_leaves=31
num_cat=0
split_feature=17 5 13 14 6 30 15 4 8 2 9 9 15 5 2 14 9 28 30 29 3 4 28 18 6 4 14 28 4 4
split_gain=13.5177 12.6075 55.9911 66.7401 56.1838 55.6201 84.8104 50.7625 46.6391 44.1102 37.0544 105.076 61.037 27.83 44.8557 54.4825 37.5771 68.8286 54.6898 33.5824 29.7235 40.7886 73.2062 41.7286 34.3866 43.0884 21.6075 18.4909 3.18751 0.353199
threshold=-1.0000000180025095e-35 1.0000000180025095e-35 1.0000000180025095e-35 1.5000000000000002 12.450000000000001 24.500000000000004 1.0000000180025095e-35 0.94500000000000006 23.700000000000003 1.5000000000000002 10.350000000000003 12.050000000000002 1.5000000000000002 1.5000000000000002 1.0000000180025095e-35 -1.4999999999999998 12.950000000000001 36.500000000000007 45.500000000000007 19.500000000000004 0.27950000000000003 0.03500000000000001 44.500000000000007 -1.0000000180025095e-35 36.250000000000007 0.32500000000000007 -3.4999999999999996 28.500000000000004 0.68500000000000016 0.9850000000000001
decision_type=8 2 2 2 2 2 2 2 2 2 2 2 2 2 2 2 2 8 2 10 2 2 10 10 2 2 2 8 2 2
left_child=28 2 5 4 -4 6 9 -6 -8 -2 12 -12 -7 14 15 -3 18 -18 -16 -17 21 23 -23 -15 25 -22 -26 -5 -1 -29
right_child=1 13 3 27 7 10 8 -9 -10 -11 11 -13 -14 20 16 19 17 -19 -20 -21 24 22 -24 -25 26 -27 -28 29 -30 -31
leaf_value=-0.05655997350647033 0.036628577921360025 0.13002454770804714 -0.058312579369711154 0.020009888578630328 0.020810528218399887 -0.035619791772253627 -0.059121001143670054 0.089808851345428431 0.03378403935893564 0.1423280809497337 0.037923119113426718 -0.031279928861746388 0.058858235191670917 0.064030564374881485 -0.025824300040322708 -0.0038677679635887446 0.035615683045403461 -0.0069238678221215967 0.0019094955472917217 0.068054035526812648 0.025152652098736062 -0.048839157594258831 0.050365329845328911 -0.010572143653298442 0.052147133795706901 -0.060152713431803763 0.00071928436019079965 -0.05992813494123797 -0.013458812268753131 -0.049912823953089304
leaf_weight=12.731030883267524 86.131784930825233 11.130367401987312 21.22704491764307 10.048329822719095 465.34553817939013 218.96474825777113 39.031126879155636 28.276445232331753 20.658556312322617 11.14785325527191 100.61491523496807 120.59964581392705 18.542768489569426 25.40281374193728 515.38000702764839 69.891950935125351 111.53613622207195 644.77319359825924 271.34591463627294 21.139492586255074 241.86368779093027 118.02245195675641 22.074419650249183 71.508517269976437 20.542777989059687 15.767984218895434 3542.2483973558992 24.086502416059375 6.4693290852010241 13.87333153747022
leaf_count=96 572 76 176 64 3459 2951 321 214 104 53 796 988 224 133 5690 530 947 5135 3204 120 1755 1463 203 599 201 150 26624 232 61 250
internal_value=-0.000142644 -2.5746e-05 0.00468204 0.0160803 0.0213378 -0.00573809 0.0199524 0.024763 -0.0269666 0.0487413 -0.0145291 0.000195661 -0.0282437 -0.000998693 -0.00648406 0.0256018 -0.00860841 -0.00065038 -0.0162588 0.012834 0.0012255 -0.0159563 -0.033208 0.00898304 0.00229141 0.0199317 0.00101581 -0.0403025 -0.0420376 -0.0562678
internal_weight=6900.38 6881.18 1178.55 562.857 514.849 615.691 156.969 493.622 59.6897 97.2796 458.722 221.215 237.508 5702.63 1645.2 102.162 1543.04 756.309 786.726 91.0314 4057.43 237.008 140.097 96.9113 3820.42 257.632 3562.79 48.0082 19.2004 37.9598
internal_count=57391 57234 10404 4395 3849 6009 1050 3673 425 625 4959 1784 3175 46830 15702 726 14976 6082 8894 650 31128 2398 1666 732 28730 1905 26825 546 157 482
is_linear=0
shrinkage=0.05


Tree=151
num_leaves=31
num_cat=0
split_feature=6 0 9 1 28 19 4 6 29 29 18 1 9 2 19 29 16 2 4 9 4 19 0 19 21 27 26 5 4 18
split_gain=11.1271 69.0382 60.1508 57.7934 57.6579 55.1549 71.1976 54.1256 53.8264 49.9327 47.9841 50.8017 55.617 47.3559 46.2712 40.2827 38.8889 35.9594 35.2031 34.7988 27.1924 19.2369 18.7874 18.0782 17.8722 16.9628 17.5285 16.5489 14.2167 20.0688
threshold=41.650000000000013 1.5000000000000002 13.750000000000002 5.5000000000000009 49.500000000000007 0.15999999999999984 0.29500000000000004 42.250000000000007 24.500000000000004 14.500000000000002 1.0000000180025095e-35 6.5000000000000009 9.9500000000000011 2.5000000000000004 0.010000000000000007 4.5000000000000009 1.0000000180025095e-35 1.5000000000000002 0.23500000000000001 9.6500000000000004 0.41500000000000004 0.01999999999999998 2.5000000000000004 -1.0000000180025095e-35 -1.0000000180025095e-35 64.050000000000011 3.5000000000000004 1.5000000000000002 0.03500000000000001 1.5000000000000002
decision_type=2 2 2 2 8 10 2 2 8 10 10 2 2 2 10 10 2 2 2 2 2 8 2 10 10 2 2 2 2 8
left_child=1 2 5 13 -5 6 9 19 -3 -1 11 12 -10 18 -6 -8 -13 22 -4 -2 24 -12 28 27 -7 26 -19 -21 -9 -30
right_child=7 8 3 4 14 20 15 17 10 -11 21 16 -14 -15 -16 -17 -18 25 -20 23 -22 -23 -24 -25 -26 -27 -28 -29 29 -31
leaf_value=-0.005264899594793703 0.059964555756596052 -0.010921115955059672 0.018776270120455504 -0.030232914661170812 0.072060017656787947 0.10488367115944937 -0.05048303727893369 -0.037193570660325997 0.030333937848488549 0.045685877889486484 0.022567978825529626 -0.063325672050525153 0.088042490144568719 -0.051052423400034089 -0.0050686553139247031 0.020455015950569543 0.039375887907318809 2.0794548541144752e-05 -0.064230861543751336 -0.035071947692682258 -0.030325925108612317 -0.039698456650812924 -0.057072933715577916 -0.062056287409876655 0.033618417508129196 -0.044144148433985564 0.034783323808671419 0.042367937979517691 -0.0367191753700132 0.050574140009601191
leaf_weight=1197.6379579361528 8.7093455046415311 84.414423633366823 154.460050098598 23.003513924777508 94.73194282874465 17.609231103211638 128.53615772374906 27.639667540788651 88.405196957290173 50.097979454323649 24.502199169248343 16.80382982827723 79.114117879420519 36.299914985895157 24.468041639775038 23.702886171638966 20.416767632588744 4458.349560469389 13.924399271607397 33.968980329111218 8.5088676419109088 25.122286619618535 40.022435228340328 59.154401512816548 17.581034574657682 21.568349777255207 36.5601298622787 8.6570931151509267 11.3736400231719 15.635343667119743
leaf_count=11518 83 765 898 161 513 106 2045 167 826 316 199 120 385 221 162 305 108 34698 79 289 91 202 546 405 122 960 414 46 142 108
internal_value=-2.34556e-05 0.00297715 -0.000938972 0.0177565 0.0422416 -0.00543114 -0.00715779 -0.00137665 0.0236752 -0.00321917 0.0351564 0.0458479 0.0575879 0.000745581 0.0562279 -0.0394383 -0.00699036 -0.000547982 0.0119121 -0.0359601 0.0498849 -0.00895427 -0.0310454 -0.0441684 0.0692796 9.12826e-05 0.000303542 -0.0193444 -0.0119839 0.0138144
internal_weight=6850.98 2129.34 1790.56 346.888 142.203 1443.67 1399.97 4721.64 338.779 1247.74 254.364 204.74 167.519 204.684 119.2 152.239 37.2206 4611.15 168.384 110.49 43.6991 49.6245 94.6711 101.78 35.1903 4516.48 4494.91 42.6261 54.6487 27.009
internal_count=57000 19142 16537 2034 836 14503 14184 37858 2605 11834 1840 1439 1211 1198 675 2350 228 37035 977 823 319 401 963 740 228 36072 35112 335 417 250
is_linear=0
shrinkage=0.05


Tree=152
num_leaves=31
num_cat=0
split_feature=26 23 6 3 19 19 8 20 15 30 3 21 8 15 15 6 6 6 6 30 16 4 30 24 16 3 26 9 25 13
split_gain=12.3268 35.3423 12.9625 14.5457 14.6973 17.7046 12.0298 32.6891 53.8931 36.0174 32.2668 22.1459 18.8691 57.5747 45.8472 28.4872 17.7277 75.8661 40.7145 14.6941 14.2766 9.09035 12.9871 5.85793 5.04239 4.64164 4.18896 2.15108 0.0218625 0.00917616
threshold=3.5000000000000004 6.5000000000000009 22.250000000000004 0.82850000000000013 0.01999999999999998 0.094999999999999876 25.550000000000001 1.0000000180025095e-35 1.5000000000000002 56.500000000000007 0.84800000000000009 0.91650000000000009 22.250000000000004 1.0000000180025095e-35 1.5000000000000002 35.850000000000001 53.45000000000001 55.650000000000013 41.650000000000013 53.500000000000007 1.0000000180025095e-35 1.5450000000000002 64.500000000000014 6.5000000000000009 2.5000000000000004 0.48700000000000004 4.5000000000000009 6.3500000000000005 0.63500000000000012 1.0000000180025095e-35
decision_type=2 2 2 2 10 10 2 10 2 2 2 10 2 2 2 2 2 2 2 2 2 2 2 2 2 2 2 2 2 2
left_child=1 6 -2 4 24 26 12 8 9 -8 11 -9 16 15 -15 -14 18 -18 -1 -10 -12 28 -23 -7 27 -26 -6 -4 29 -3
right_child=2 21 3 -5 5 23 7 10 19 -11 20 -13 13 14 -16 -17 17 -19 -20 -21 -22 22 -24 -25 25 -27 -28 -29 -30 -31
leaf_value=0.0014488679333356325 -0.052302132766122438 -0.051994167280101901 0.058181494313298901 -0.051017939450582965 -0.083034377232760442 0.047092758662585305 0.0016201760203346076 0.014456014245012623 -0.051881049765606882 0.050794281274657051 0.070399508337990913 -0.070587440707009994 0.077402715307123782 0.020462032941305813 -0.038059225143916242 -0.037677463641450887 0.031517592427039595 0.00049675483944249389 -0.01128539004640121 -0.0055569734881306104 0.022499450562258196 0.06656405705248726 -0.054901929967034517 -0.01800975883021105 0.025496930235655059 -0.05183809164576339 -0.025552356475885864 0.037090372072639988 -0.051110364859187157 -0.054184540643176737
leaf_weight=1889.7998919412494 6.552031439729034 7.3000883455388257 16.527606417424977 6.7587808712851247 4.5298891719430676 13.53022994566709 333.02847749367356 122.99455826263875 56.492308717221022 41.925226466730237 40.632382800802588 8.1631973590701801 5.5685377493500701 144.50618255417794 43.554978147149086 156.84144951077178 212.86623665876687 2660.6624854002148 939.8496543103829 24.561469422187656 25.205571731552482 4.2513173222541791 4.5620951559394598 4.6403680252842596 6.9251491166651231 2.6954540037550032 10.553299173247067 45.01701564528048 19.57413311349228 13.859149708878249
leaf_count=15777 195 274 144 537 56 157 2277 913 647 275 247 44 34 1050 585 1280 1318 21143 7140 332 159 23 93 146 68 130 212 619 1238 250
internal_value=6.18215e-07 -0.000278884 0.0160405 0.0200681 0.0246693 -0.00277244 3.1945e-05 0.00647954 -0.000873322 0.00711855 0.0235 0.00916295 -0.000663553 -0.0119244 0.00690851 -0.0337317 2.84453e-05 0.00279473 -0.00278073 -0.0378436 0.0520613 -0.0423527 0.0036895 0.030467 0.0374922 0.00382958 -0.0428158 0.0427543 -0.0523147 -0.0534288
internal_weight=6873.93 6756.2 117.73 111.178 104.419 33.2538 6706.65 653.003 456.007 374.954 196.996 131.158 6053.65 350.471 188.061 162.41 5703.18 2873.53 2829.65 81.0538 65.838 49.5468 8.81341 18.1706 71.1652 9.6206 15.0832 61.5446 40.7334 21.1592
internal_count=57363 55099 2264 2069 1532 571 53221 4894 3531 2552 1363 957 48327 2949 1635 1314 45378 22461 22917 979 406 1878 116 303 961 198 268 763 1762 524
is_linear=0
shrinkage=0.05


Tree=153
num_leaves=27
num_cat=0
split_feature=6 6 18 13 30 18 18 28 19 16 19 30 10 16 30 19 19 19 9 10 8 30 3 30 30 16
split_gain=13.0006 17.1175 35.9955 15.9635 16.7911 20.8498 13.1036 33.1502 25.8958 32.2279 25.2312 22.9787 21.9036 45.9378 32.9032 11.3077 9.48044 9.3689 7.3217 5.44887 5.04729 1.95018 0.278878 0.206787 0.000929293 0.000424408
threshold=5.9500000000000011 9.4500000000000011 1.5000000000000002 1.0000000180025095e-35 23.500000000000004 -1.0000000180025095e-35 -1.0000000180025095e-35 29.500000000000004 0.090000000000000011 1.0000000180025095e-35 0.06999999999999991 18.500000000000004 4.1500000000000012 1.0000000180025095e-35 39.500000000000007 -1.0000000180025095e-35 0.14999999999999999 -1.0000000180025095e-35 3.8500000000000001 0.3000000000000001 14.250000000000002 20.500000000000004 0.65950000000000009 27.500000000000004 31.500000000000004 1.5000000000000002
decision_type=2 2 8 2 2 10 10 8 10 2 10 2 2 2 2 10 8 10 2 2 2 2 2 2 2 2
left_child=3 2 18 4 5 17 7 20 10 -10 -9 16 14 -14 -13 -4 22 -1 -2 23 -3 -22 -8 -6 25 -5
right_child=1 6 15 24 19 -7 11 8 9 -11 -12 12 13 -15 -16 -17 -18 -19 -20 -21 21 -23 -24 -25 -26 -27
leaf_value=0.019542292806406382 0.01492959177557906 -0.011503168931015868 0.051024604003507772 -0.058020540872633912 -0.046502355739697541 0.068836217429784172 -0.054524000746577476 -0.0041510182056459137 -0.00097088500335886039 0.073804144495633647 -0.059072432235804544 0.014377350494570243 0.0043044464621557511 -0.0079143817301253264 0.0012865869616194973 0.13591064933855387 0.0018565126853724767 -0.055524426434090494 -0.060227875139526425 -0.0015213799607576841 -0.04039460045945234 -0.061675419460834248 -0.066185003009540153 -0.057956062654399149 -0.057056142463175988 -0.05748926603786856
leaf_weight=8.5137610286474246 6.3725083731114864 9.7293557971715909 8.7664167899638397 9.0162812918424624 6.5597940534353318 12.256501317024233 8.8906688988208771 812.32688010018319 36.786785829812288 23.689136751927435 21.464524619281292 623.12806896027178 1522.3860856774263 1554.8419094441924 2089.8929698648863 7.1012308001518258 8.3050029054284114 8.1217077672481519 6.5931220576167107 7.3217721730470648 20.86724066734314 22.238783330190927 12.112447433173656 9.8697897605597955 5.784162923693656 6.4470481723546973
leaf_count=53 49 62 69 77 47 80 72 5583 210 149 119 3758 12682 14587 18922 49 53 53 52 66 152 143 75 97 57 57
internal_value=-0.000156046 7.07719e-05 0.038514 -0.0210157 -0.00625118 0.019352 -9.30378e-05 -0.00554716 -0.00327341 0.0283194 -0.00556488 0.000794593 0.00101812 -0.0018694 0.00429328 0.0890136 -0.0433668 -0.0171065 -0.0232886 -0.0373957 -0.0440316 -0.0513736 -0.0612489 -0.053383 -0.0575968 -0.057799
internal_weight=6869.38 6795.49 28.8333 73.8908 52.6433 28.892 6766.66 947.103 894.267 60.4759 833.791 5819.56 5790.25 3077.23 2713.02 15.8676 29.3081 16.6355 12.9656 23.7514 52.8354 43.106 21.0031 16.4296 21.2475 15.4633
internal_count=57373 56786 219 587 396 186 56567 6418 6061 359 5702 50149 49949 27269 22680 118 200 106 101 210 357 295 147 144 191 134
is_linear=0
shrinkage=0.05


Tree=154
num_leaves=23
num_cat=0
split_feature=17 28 28 5 28 8 1 1 24 30 28 0 15 4 28 1 0 29 29 29 29 29
split_gain=11.0624 10.819 18.2179 56.925 31.7168 48.4124 32.0617 28.2911 27.7906 22.314 20.3075 19.0651 17.6846 19.3771 24.5778 23.1033 13.735 8.44444 6.30594 4.83035 4.12482 0.0203121
threshold=-1.0000000180025095e-35 65.500000000000014 59.500000000000007 2.5000000000000004 53.500000000000007 21.750000000000004 12.500000000000002 14.500000000000002 1.5000000000000002 66.500000000000014 52.500000000000007 3.5000000000000004 1.0000000180025095e-35 2.6650000000000005 71.500000000000014 9.5000000000000018 4.5000000000000009 1.0000000180025095e-35 4.5000000000000009 1.5000000000000002 1.0000000180025095e-35 5.5000000000000009
decision_type=8 10 10 2 10 2 2 2 2 2 10 2 2 2 10 2 2 10 10 10 10 8
left_child=19 2 4 7 10 16 -7 20 9 -5 11 -2 -3 14 17 -16 -6 -14 -15 -1 -4 -10
right_child=1 12 3 8 5 6 -8 -9 21 -11 -12 -13 13 18 15 -17 -18 -19 -20 -21 -22 -23
leaf_value=-0.011979177698352675 0.0013189003989388145 0.080536477115231223 -0.0075371795286918513 0.0051138801245807497 -0.055088475268457553 -0.0099813497465406562 0.10278420366285804 0.079214430843076777 -0.05739294984110202 0.052196696220894047 0.057990932571859666 -0.0066529624594624959 6.8397611561973618e-05 0.0034038021879101974 0.021898089972673819 -0.028158020613972663 -0.007897121037853224 -0.053887787828389738 0.064742417022186055 -0.061895634671789546 -0.04928950595010928 -0.052439169767218824
leaf_weight=9.3729207497090119 5461.88480915525 4.9786043576896182 7.024055764079093 35.025195863097906 67.322023649234325 16.734791306778792 10.112327218055723 5.3284350074827662 4.6275250762701008 89.388136283494532 15.250612601637838 869.3768245880492 8.4777142293751222 7.9257465787231949 43.370530001353472 49.202862983569503 19.998771332204342 50.135362688917667 8.8898190017789585 10.035836038179694 37.477579069789499 3.7430756534449765
leaf_count=52 43188 26 40 191 854 116 43 50 49 586 92 8686 57 64 361 756 293 773 61 101 601 123
internal_value=-9.53807e-05 1.19511e-05 0.000333389 0.0159074 -0.000106815 -0.0262267 0.0324933 -0.0296629 0.0330086 0.0389418 0.000363057 0.000224245 -0.0123328 -0.0150849 -0.0207481 -0.00470679 -0.0442804 -0.0460836 0.0358314 -0.0377899 -0.0426994 -0.0551778
internal_weight=6835.68 6816.27 6643.29 182.614 6460.68 114.168 26.8471 49.8301 132.784 124.413 6346.51 6331.26 172.981 168.002 151.186 92.5734 87.3208 58.6131 16.8156 19.4088 44.5016 8.3706
internal_count=57163 57010 54912 1640 53272 1306 159 691 949 777 51966 51874 2098 2072 1947 1117 1147 830 125 153 641 172
is_linear=0
shrinkage=0.05


Tree=155
num_leaves=27
num_cat=0
split_feature=20 28 28 5 14 5 1 0 28 6 25 28 30 16 9 28 1 14 28 0 29 29 3 29 28 14
split_gain=10.273 11.4404 18.6641 49.6754 37.0085 41.9973 22.4444 22.2092 20.8016 21.6302 33.1438 17.5734 16.1946 41.4411 40.0204 11.4985 20.9316 25.3298 21.1225 19.7983 12.674 9.74381 12.762 7.9255 6.06084 1.12769
threshold=11.500000000000002 65.500000000000014 60.500000000000007 2.5000000000000004 1.0000000180025095e-35 4.5000000000000009 15.500000000000002 2.5000000000000004 50.500000000000007 66.550000000000011 0.15500000000000003 53.500000000000007 47.500000000000007 2.5000000000000004 11.850000000000003 71.500000000000014 9.5000000000000018 1.5000000000000002 74.500000000000014 7.5000000000000009 1.0000000180025095e-35 1.5000000000000002 0.82100000000000006 1.0000000180025095e-35 77.500000000000014 2.5000000000000004
decision_type=10 10 10 2 2 2 2 2 10 2 2 10 2 2 2 10 2 2 10 2 10 10 2 10 10 2
left_child=1 2 8 6 7 -6 23 -5 12 11 -11 -10 13 -1 -14 19 17 18 -17 20 -3 24 -23 -4 -18 -22
right_child=-2 15 3 4 5 -7 -8 -9 9 10 -12 -13 14 -15 -16 16 21 -19 -20 -21 25 22 -24 -25 -26 -27
leaf_value=-0.00091912885132666765 0.053446950046997989 0.0088585407289950065 0.0128912397053362 0.13631797113685837 -0.059703036198458563 0.037178456718584878 0.087855368926184382 0.051548464419040034 -0.0031445300379343427 0.0094069660472525813 -0.054327342833718401 -0.052944270563938578 0.014621871225878559 -0.039089218488628154 -0.00044274139639417434 0.064533859184873366 -0.024409628518799728 -0.063060897194951504 -0.013296042045063898 0.03081579939372614 -0.057246451437317269 -0.053641489866785366 0.061874833178893543 -0.047286678114063785 0.026879566045421379 -0.035518836818802323
leaf_weight=4028.3736199892592 8.9446664042770845 9.9238016679882985 6.5261328816413871 9.5725605785846692 16.054408325348049 36.889128746464849 3.9130630642175666 40.070173542946577 26.620128197595477 103.62547614891082 25.39784978190437 52.955724624916911 609.27398200146854 72.386860555969179 1594.9725574413314 25.698070328682661 12.019037801772358 7.3533162865787736 13.192891623824833 11.232993416488169 36.726540807634592 26.646461375057701 2.6266338080167762 33.851147749926895 11.060691612772642 7.131359771359711
leaf_count=30810 71 64 36 42 185 223 16 243 289 880 533 681 6450 1057 13022 141 93 70 163 80 548 555 21 564 106 191
internal_value=-0.000102237 -0.000172426 0.000148439 0.0177745 0.0368807 0.00780046 -0.0264797 0.0678945 -0.000249014 -0.0157834 -0.00313894 -0.036285 0.000264936 -0.00159291 0.00372126 -0.0132346 -0.00247098 0.0220411 0.0381318 -0.0295579 -0.0421677 -0.024123 -0.0432764 -0.0375602 0.000170121 -0.0537135
internal_weight=6833.04 6824.09 6660.48 146.877 102.586 52.9435 44.2903 49.6427 6513.61 208.599 129.023 79.5759 6305.01 4100.76 2204.25 163.612 98.5971 46.2443 38.891 65.0147 53.7817 52.3528 29.2731 40.3773 23.0797 43.8579
internal_count=57134 57063 55031 1309 693 408 616 285 53722 2383 1413 970 51339 31867 19472 2032 1149 374 304 883 803 775 576 600 199 739
is_linear=0
shrinkage=0.05


Tree=156
num_leaves=31
num_cat=0
split_feature=2 6 0 6 6 21 28 13 6 15 13 23 5 26 5 8 5 6 3 4 28 6 19 4 10 28 10 10 6 8
split_gain=10.7665 44.1452 40.3058 38.6063 39.0506 44.3501 35.2793 53.3003 39.6461 25.3033 25.2233 22.9351 26.6514 22.9476 22.5734 75.8423 32.1659 21.995 15.1725 88.9223 32.6816 26.9941 24.286 19.8703 83.5339 87.028 41.9723 94.1685 38.5891 32.3217
threshold=1.5000000000000002 42.850000000000001 1.5000000000000002 35.150000000000013 25.650000000000002 0.91650000000000009 14.500000000000002 1.0000000180025095e-35 32.350000000000001 1.5000000000000002 1.0000000180025095e-35 1.5000000000000002 2.5000000000000004 5.5000000000000009 1.0000000180025095e-35 17.950000000000003 1.5000000000000002 25.350000000000005 0.36950000000000005 0.60500000000000009 36.500000000000007 75.250000000000014 1.0000000180025095e-35 0.42500000000000004 8.5500000000000025 28.500000000000004 6.5500000000000007 6.4500000000000011 49.750000000000007 21.900000000000002
decision_type=2 2 2 2 2 10 10 2 2 2 2 2 2 2 2 2 2 2 2 2 8 2 8 2 2 10 2 2 2 2
left_child=1 2 9 4 -2 14 7 8 -4 11 -8 12 -1 -13 15 -6 -16 -9 19 20 -5 -21 -22 26 25 -25 27 -20 -26 -28
right_child=3 -3 6 18 5 -7 10 17 -10 -11 -12 13 -14 -15 16 -17 -18 -19 23 21 22 -23 -24 24 28 -27 29 -29 -30 -31
leaf_value=-0.0010218773206805462 -0.045775291629389661 -0.040147816909830623 -0.025794900632531804 0.074895318345187742 0.074213807200395776 0.076158816877273106 0.028015686889808791 0.005839295558689641 0.031520085068445447 -0.06828780679612044 -0.045886342272710282 -0.050711710324486896 -0.034961855503213381 0.022720886545230145 -0.0092918135379964038 -0.020611858879836242 0.031298889513234708 0.087928352304062027 -0.0031118734658251634 -0.05669359932130287 -0.026904281750330324 0.044059145107300128 0.034885436460064541 0.064741023969733136 -0.022696707192655166 -0.036467936607208963 -0.03281242478893847 0.071160569426642908 0.0021927225972483491 0.011051570427248605
leaf_weight=872.97033408936113 23.289925817400217 80.493728691246361 47.783392961136997 38.947810834273696 52.761281423270702 33.04452847968787 17.800882216542959 10.261548675596712 81.862737186253071 16.165037531405687 32.858558094128966 48.571712943026796 61.945590550079942 13.622870500199495 128.87290686927736 35.123565406538546 78.559156449511647 39.8457575077191 2375.2425578413531 43.470617395825684 21.108041088096797 7.8483168855309478 64.482526172883809 96.61709695123136 168.62624620320275 27.225606536958367 194.87786805070937 43.457435585558414 2036.4061654729303 53.533677405677736
leaf_count=7510 223 887 392 202 321 191 164 73 717 100 371 1420 685 236 1382 376 499 185 18243 433 172 45 455 623 1497 281 1595 209 17222 541
internal_value=-0.000213631 -0.00426283 -0.00194029 0.000757109 0.016788 0.0212255 0.0169356 0.0273221 0.0103956 -0.00623257 -0.0199184 -0.00522653 -0.00327067 -0.0346273 0.0150787 0.0363163 0.00608079 0.0711172 -0.000332888 0.0141018 0.0369253 -0.0412853 0.0196471 -0.000840983 0.00253352 0.0424912 -0.00378754 -0.0017774 0.000289344 -0.0233596
internal_weight=6847.68 1324.18 1243.69 5523.5 351.651 328.361 230.413 179.753 129.646 1013.28 50.6594 997.111 934.916 62.1946 295.317 87.8848 207.432 50.1073 5171.84 175.857 124.538 51.3189 85.5906 4995.99 2328.88 123.843 2667.11 2418.7 2205.03 248.412
internal_count=57250 12740 11853 44510 2992 2769 1902 1367 1109 9951 535 9851 8195 1656 2578 697 1881 258 41518 1307 829 478 627 40211 19623 904 20588 18452 18719 2136
is_linear=0
shrinkage=0.05


Tree=157
num_leaves=31
num_cat=0
split_feature=14 18 6 4 30 5 28 30 2 8 14 6 5 30 6 30 1 7 14 3 6 6 9 8 5 20 6 23 30 29
split_gain=11.4836 10.6026 26.6653 55.5372 35.4145 21.0553 20.8299 20.3531 28.0954 19.3559 33.9888 128.23 88.2601 54.4267 39.3994 30.1219 25.9694 27.074 87.5361 33.5934 22.873 16.9518 16.0422 4.90896 4.52479 3.90779 3.53739 1.07634 0.817555 0.00539294
threshold=3.5000000000000004 -1.0000000180025095e-35 12.450000000000001 0.015000000000000001 18.500000000000004 1.5000000000000002 29.500000000000004 44.500000000000007 5.5000000000000009 25.550000000000001 -1.0000000180025095e-35 53.95000000000001 1.0000000180025095e-35 56.500000000000007 59.95000000000001 37.500000000000007 2.5000000000000004 4.5000000000000009 1.0000000180025095e-35 0.89450000000000018 37.95000000000001 36.650000000000013 12.350000000000003 14.250000000000002 1.5000000000000002 1.0000000180025095e-35 59.550000000000004 7.5000000000000009 48.500000000000007 1.0000000180025095e-35
decision_type=2 10 2 2 2 2 8 2 2 2 2 2 2 2 2 2 2 2 2 2 2 2 2 2 2 8 2 2 2 8
left_child=1 2 3 25 -5 -6 23 8 -8 16 11 28 15 -14 -13 -12 20 18 -18 -19 21 -3 -9 -4 -22 -1 -25 29 -11 -2
right_child=27 9 6 4 5 -7 7 22 -10 10 12 14 13 -15 -16 -17 17 19 -20 -21 24 -23 -24 26 -26 -27 -28 -29 -30 -31
leaf_value=-0.049266799266769183 -0.055124586866509943 -0.0099642080769124248 -0.0054523256253117868 0.16088229418664582 -0.0086591327757493744 0.10458941398176652 -0.0039407548487582116 -0.047832127098935903 0.043430359237672814 -0.058770720088304529 0.02142199944560437 0.080511477268857989 -0.020094360576519196 0.026617218506032988 0.024255449726391522 0.10990300958843074 0.00013898569334600634 -0.00044828385426934792 0.030014576770644043 -0.029160079853983181 -0.055869394116626184 0.038727952403062482 -0.0096156743086126817 -0.055977563752368453 0.0047833841683051735 -0.0078013305681967592 -0.025402618044447319 -0.011204433404359117 -0.043196838625710915 -0.052145632938315735
leaf_weight=9.5404283013194799 1.8101642020046664 442.65139884478413 9.570039749145506 9.1035531088709849 9.8487078212201613 7.0366910472512236 739.76420763786882 44.829930582549423 32.683156315237284 23.437106233090162 16.801917426288128 64.304311770945787 229.29491499438882 85.654222639277577 60.318015826866031 22.499308235943317 1078.4271719157696 3331.7892145102378 317.33201013226062 105.08979341201484 31.535674819722772 18.626882777549326 70.872965259477496 26.799220870248973 3.407167710363864 14.049151072278619 14.621232166886328 1.8221627771854407 13.157635319046674 9.4544508559629321
leaf_count=77 35 5346 62 56 100 29 4648 670 151 219 108 307 2064 779 318 126 9391 27756 1793 1058 607 269 539 210 35 102 85 12 136 329
internal_value=-6.45333e-05 2.50848e-05 -0.00476342 0.0309742 0.0813916 0.0385352 -0.00665006 -0.00486583 -0.00193643 0.000835185 0.010087 0.0291191 0.00142559 -0.00739058 0.0532832 0.0720759 -5.97526e-05 0.00105873 0.00693133 -0.00132621 -0.0109525 -0.00799797 -0.0244229 -0.0377277 -0.0499553 -0.0245714 -0.0451847 -0.0468572 -0.0531711 -0.0526243
internal_weight=6846.13 6833.05 988.719 49.5785 25.989 16.8854 939.141 888.15 772.447 5844.33 515.467 161.217 354.25 314.949 124.622 39.3012 5328.86 4832.64 1395.76 3436.88 496.221 461.278 115.703 50.9905 34.9428 23.5896 41.4205 13.0868 36.5947 11.2646
internal_count=57417 57041 6729 364 185 129 6365 6008 4799 50312 4057 980 3077 2843 625 234 46255 39998 11184 28814 6257 5615 1209 357 642 179 295 376 355 364
is_linear=0
shrinkage=0.05


Tree=158
num_leaves=31
num_cat=0
split_feature=16 3 3 10 13 3 30 0 3 4 5 30 28 28 3 6 4 5 10 28 4 29 0 3 20 20 13 13 28 29
split_gain=11.2397 27.8421 41.5863 28.467 41.473 57.3436 44.4577 36.6461 52.4597 38.8613 17.1669 68.0265 21.3788 13.4894 65.6448 41.5881 39.519 26.0993 55.2041 88.8516 85.5192 52.9474 51.8084 39.2021 38.9852 33.5323 31.0791 28.3429 152.449 66.3226
threshold=1.5000000000000002 0.88200000000000012 0.8620000000000001 5.7000000000000002 1.0000000180025095e-35 0.44100000000000006 54.500000000000007 1.5000000000000002 0.62200000000000011 1.7650000000000003 2.5000000000000004 35.500000000000007 33.500000000000007 24.500000000000004 0.77550000000000019 50.45000000000001 0.90500000000000014 1.0000000180025095e-35 15.050000000000002 29.500000000000004 1.0000000180025095e-35 8.5000000000000018 4.5000000000000009 0.63950000000000007 2.5000000000000004 1.0000000180025095e-35 1.0000000180025095e-35 1.0000000180025095e-35 46.000000000000007 17.500000000000004
decision_type=2 2 2 2 2 2 2 2 2 2 2 2 8 8 2 2 2 2 2 10 2 10 2 2 10 8 2 2 8 10
left_child=13 2 3 4 6 -6 -2 9 -9 -5 -3 -12 -13 14 -1 -16 -17 18 20 25 21 -15 -22 27 -25 -20 -21 28 -19 -29
right_child=1 10 -4 7 5 -7 -8 8 -10 -11 11 12 -14 17 15 16 -18 23 19 26 22 -23 -24 24 -26 -27 -28 29 -30 -31
leaf_value=-0.021924312732565163 -0.028571845889187993 -0.053875341365004686 0.093337138061301006 -0.045218922074726581 -0.018875120010658736 0.02938168961708262 0.0066865289177552752 0.015627733614176513 -0.028058418241749206 0.061035968350801474 0.14973730723434275 0.061383196571594467 -0.051143339307287386 0.03049839730015699 -0.0061592620114191933 0.061181975447238961 -0.046867097050723533 0.046332336570186268 0.12521048400227583 0.04244089464808911 -0.010971726171651245 -0.044000259806007969 0.14045059026529827 -0.0073227435378890281 0.01944278142321245 0.041711129925786281 -0.047210691938944283 0.0024123332216874271 8.4996085448386902e-05 -0.042158029802280478
leaf_weight=282.26716249575838 158.21030951943249 43.989192885346711 11.213719904422758 111.56867310218513 84.622783587314188 225.89540320169181 205.5782250771299 152.62768573593348 124.99888799362816 9.3243437148630601 5.800321862101554 4.9162764996290198 29.845263302326202 300.74399192072451 78.673011644277722 62.079571187496185 9.7982914661988598 230.11751438677311 29.437437102198601 16.763130692765117 442.93839155277237 25.904249495826662 5.7218269109725943 1819.9523825149518 147.03844765201211 20.325610458850861 22.836321530863643 1287.3279370893724 789.7101331576705 89.252701150486246
leaf_count=2856 1809 1200 64 1528 1070 1629 1757 1371 1339 56 27 35 378 2006 613 297 165 1466 129 145 4150 349 25 15603 963 101 346 8688 5916 1183
internal_value=-0.000142102 -0.00460652 -0.00245112 -0.00345235 0.00280906 0.0162307 -0.00864721 -0.0140468 -0.00404157 -0.0370236 -0.0322411 -0.00877882 -0.0352289 0.000779498 -0.00770335 0.0189595 0.0464529 0.00148177 0.00941775 0.0466303 0.00512861 0.0245904 -0.00904062 -9.08599e-05 -0.00532194 0.0911054 -0.00925963 0.00420285 0.0105204 -0.000477454
internal_weight=6829.48 1168.59 1084.04 1072.83 674.307 310.518 363.789 398.52 277.627 120.893 84.5511 40.5619 34.7615 5660.89 432.818 150.551 71.8779 5228.07 864.671 89.3625 775.308 326.648 448.66 4363.4 1966.99 49.763 39.5995 2396.41 1019.83 1376.58
internal_count=57264 12263 10623 10559 6265 2699 3566 4294 2710 1584 1640 440 413 45001 3931 1075 462 41070 7251 721 6530 2355 4175 33819 16566 230 491 17253 7382 9871
is_linear=0
shrinkage=0.05


Tree=159
num_leaves=31
num_cat=0
split_feature=1 21 28 14 0 18 14 26 6 29 15 29 10 5 2 29 19 28 21 5 13 3 23 21 3 1 14 6 1 1
split_gain=10.2763 24.077 22.0037 10.9966 41.6503 62.5404 48.0859 46.9477 42.8073 81.8141 34.8583 39.0392 67.3187 78.0094 60.3444 49.8456 77.824 37.3532 34.1459 31.7219 29.5158 30.4556 28.8845 26.3712 25.6614 25.5374 25.4687 14.5123 11.5093 10.9199
threshold=17.500000000000004 0.10550000000000002 70.500000000000014 1.0000000180025095e-35 1.5000000000000002 -1.0000000180025095e-35 1.5000000000000002 1.0000000180025095e-35 40.750000000000007 24.500000000000004 1.5000000000000002 13.500000000000002 12.050000000000002 5.5000000000000009 2.5000000000000004 29.500000000000004 -1.0000000180025095e-35 61.500000000000007 -0.18349999999999997 6.5000000000000009 1.0000000180025095e-35 0.55400000000000016 2.5000000000000004 0.47200000000000003 0.69000000000000006 11.500000000000002 1.5000000000000002 38.350000000000001 4.5000000000000009 20.500000000000004
decision_type=2 10 10 2 2 10 2 2 2 8 2 10 2 2 2 10 10 10 10 2 2 2 2 10 2 2 2 2 2 2
left_child=3 -2 29 10 5 20 7 -7 9 28 11 12 14 -14 -1 16 -13 23 26 -17 -5 -22 -20 -12 25 -19 -10 -11 -6 -3
right_child=1 2 -4 4 8 6 -8 -9 18 27 17 15 13 -15 -16 19 -18 24 22 -21 21 -23 -24 -25 -26 -27 -28 -29 -30 -31
leaf_value=-0.006651991246753643 -0.052242511969705197 -0.0031864928351144095 -0.055501029037018784 -0.038336474512924351 0.0020329428863308826 0.029784664874264212 -0.039035540082512372 -0.057966787736519511 -0.037999585840202708 0.052765718429192254 -0.062164216368584171 -0.012253479282402675 -0.027803782263465283 0.039637832296597487 0.0067230723803028483 -0.02868306546998417 0.047952976344962622 -0.0017183677607475565 -0.0028427343461657926 0.053056997750641856 -0.047883155028440656 0.020703320246976326 0.018998750412703866 0.03185057988833747 -0.057947435818032522 0.096344485302513508 0.010646839511118285 0.11022156652741096 -0.055351616246938407 0.04319741506707972
leaf_weight=1600.9898962220177 31.311878819484264 31.241440068464726 13.693420862313358 67.843471857253462 22.13679407350719 440.12281265715137 29.584129884839058 15.788939955644308 108.43535531871021 22.704251114279032 62.008969663176686 80.749126789160073 391.17225926963147 48.15620277589187 1781.90807781904 75.756110017187893 160.08167446451262 17.880810067988932 1425.8460767983925 14.074614082463084 20.945451825857162 71.22467883862555 169.34870499698445 8.4788353610783798 10.140657637268303 10.559949812479319 35.784971380606294 21.30142305791378 14.435719105415044 21.367315242066979
leaf_count=15505 627 351 183 476 242 2827 168 153 688 173 606 737 3304 355 12382 1251 1316 176 12591 88 139 385 1719 67 122 70 276 90 117 194
internal_value=-1.21272e-06 -0.0161078 0.000957181 0.000232491 0.00289031 0.0138025 0.0227373 0.0267457 -0.000979973 0.0346476 -0.00130503 -0.000572219 -0.00199809 -0.0204113 0.000393191 0.0159098 0.0277661 -0.0292075 -0.00263042 -0.0158761 -0.0133065 0.0051172 -0.000524004 -0.0508554 0.0103429 0.034692 -0.0259291 0.0805778 -0.0206176 0.0156526
internal_weight=6825.07 97.6141 66.3022 6727.46 2465.5 645.509 485.496 455.912 1819.99 80.5782 4261.96 4152.89 3822.23 439.328 3382.9 330.662 240.831 109.069 1739.42 89.8307 160.014 92.1701 1595.19 70.4878 38.5814 28.4408 144.22 44.0057 36.5725 52.6088
internal_count=57378 1355 728 56023 20044 4148 3148 2980 15896 622 35979 34938 31546 3659 27887 3392 2053 1041 15274 1339 1000 524 14310 673 368 246 964 263 359 545
is_linear=0
shrinkage=0.05


Tree=160
num_leaves=31
num_cat=0
split_feature=26 23 28 6 3 19 19 14 30 30 14 25 1 29 8 29 9 4 27 6 29 25 13 29 6 27 30 19 19 6
split_gain=11.376 31.0743 12.4506 12.216 13.3341 13.6549 16.7086 11.5234 9.81396 33.9608 68.5581 26.0153 23.2361 37.8344 28.4443 7.73708 8.77959 8.47231 5.74051 2.99293 0.372636 0.0175394 0.0103 0.00398207 0.00148386 0.00143361 0.000968409 0.0011307 0.000789907 0.000561706
threshold=3.5000000000000004 6.5000000000000009 46.000000000000007 22.250000000000004 0.82850000000000013 0.01999999999999998 0.084999999999999978 3.5000000000000004 44.500000000000007 45.500000000000007 1.0000000180025095e-35 0.025000000000000005 5.5000000000000009 21.500000000000004 12.700000000000001 9.5000000000000018 12.950000000000001 0.62500000000000011 58.850000000000009 28.250000000000004 2.5000000000000004 0.67500000000000016 1.0000000180025095e-35 1.0000000180025095e-35 61.050000000000004 82.90000000000002 68.500000000000014 0.15000000000000027 0.13999999999999999 16.350000000000005
decision_type=2 2 8 2 2 10 8 2 2 2 2 2 2 10 2 8 2 2 2 2 8 2 2 8 2 2 2 8 8 2
left_child=1 7 -3 25 5 15 19 8 12 10 -10 -11 13 -1 -14 16 -5 -17 -8 -7 -4 22 -22 -9 -6 -2 27 -25 -23 -27
right_child=3 2 20 4 24 6 18 23 9 11 -12 -13 14 -15 -16 17 -18 -19 -20 -21 21 28 -24 26 -26 29 -28 -29 -30 -31
leaf_value=-0.001155612827198725 -0.053490558206125895 0.025949689536560201 -0.026143984587356291 -0.046307484449630787 -0.050678883797995559 -0.0022498575157687399 0.048174936190055168 -0.054828707117879252 -0.015315598688963504 0.0033915750440533902 0.0065037148910740339 -0.015687920696445461 0.034319954383100225 0.058873659915433134 0.0060769173599337714 0.050378325215163888 0.034026744819870489 -0.02754182811456099 -0.017557477067845013 -0.057287032865852495 -0.051708609676683753 -0.05097747371476942 -0.054072600727719557 -0.051639720363494013 -0.053340537140824408 -0.052347117268965952 -0.05147151104079542 -0.053183452960689104 -0.051916798336868381 -0.051245354272898586
leaf_weight=1741.4182646274567 1.579887120053171 5.9971316661685696 1.4188673626631487 5.427290886640546 5.6972836297936729 3.2243145182728759 12.036782189272349 1.483388725668189 974.28733693249524 2515.549036656972 571.00503297196701 192.32244665082544 108.00512889027596 26.649997358210385 510.60261365771294 51.118448098190129 9.1097242571413517 3.7440353434067211 4.5873218597844234 10.560895381728185 7.0788541412912318 15.667605535825714 13.199305850546807 2.095857803709805 0.5766360331326722 2.1268209274858236 4.1444356262218207 2.7328273197636008 2.6111255632713446 2.5365273943170905
leaf_count=11411 29 75 16 44 521 63 155 33 9355 21369 5325 1849 608 159 2833 670 101 156 139 201 318 1117 262 77 21 54 195 60 90 113
internal_value=2.10513e-07 -0.000264493 -0.0412305 0.0157804 0.0197806 0.024225 -0.00371357 1.87013e-05 0.000101297 -0.00133868 -0.00725309 0.00203648 0.00266739 -0.000250795 0.011008 0.036467 0.00403453 0.0450607 0.0300365 -0.044414 -0.0513088 -0.0522349 -0.0532474 -0.0524289 -0.0509235 -0.0521888 -0.0520322 -0.0525134 -0.0511117 -0.0517478
internal_weight=6808.6 6696.27 45.9729 112.326 106.083 99.8088 30.4093 6650.3 6639.84 4253.16 1545.29 2707.87 2386.68 1768.07 618.608 69.3995 14.537 54.8625 16.6241 13.7852 39.9758 38.5569 20.2782 10.4565 6.27392 6.24324 8.97312 4.82869 18.2787 4.66335
internal_count=57419 55152 1878 2267 2071 1529 558 53274 52909 37898 14680 23218 15011 11570 3441 971 145 826 294 264 1803 1787 580 365 542 196 332 137 1207 167
is_linear=0
shrinkage=0.05


Tree=161
num_leaves=24
num_cat=0
split_feature=17 9 30 13 18 2 30 3 18 28 20 0 29 18 30 8 9 19 4 4 30 30 16
split_gain=11.2262 10.9687 18.4248 13.9703 16.4573 12.1963 28.457 27.0308 54.8562 22.5523 21.2276 21.0123 19.0245 18.0809 25.8699 23.3393 11.5015 8.19727 4.12639 0.107786 0.0222904 0.00762697 0.00248271
threshold=-1.0000000180025095e-35 1.9500000000000002 24.500000000000004 1.0000000180025095e-35 -1.0000000180025095e-35 1.0000000180025095e-35 16.500000000000004 0.27950000000000003 1.0000000180025095e-35 24.500000000000004 1.5000000000000002 1.5000000000000002 19.500000000000004 5.5000000000000009 44.500000000000007 10.150000000000002 11.65 1.0000000180025095e-35 0.68500000000000016 0.055000000000000007 55.500000000000007 73.500000000000014 1.5000000000000002
decision_type=8 2 2 2 10 2 2 2 8 10 10 2 8 8 2 2 2 8 2 2 2 2 2
left_child=18 2 3 4 17 6 16 8 9 -7 12 -10 -8 15 -15 -9 -3 -2 -1 -12 22 -22 -4
right_child=1 5 20 -5 -6 7 10 13 11 -11 19 -13 -14 14 -16 -17 -18 -19 -20 -21 21 -23 -24
leaf_value=-0.054217089153061927 -0.054485611093083176 0.099748772920505269 -0.058636355565676951 -0.057004463776164083 0.055637876100466332 -0.049450603226399208 -0.018917921076664415 0.016095380242213363 0.036655463967404482 0.0095733265260285992 -0.062788372493025421 -0.010468275792150141 0.016755971663081678 -0.0033360591009916002 -0.032670959807447345 0.00088666035925937187 0.022086748073562808 0.01679134984436581 -0.0054565715532539404 -0.053392390757159507 -0.052777539995644052 -0.056613415876996004 -0.057390069420440892
leaf_weight=12.913799925707282 7.9920444339513761 11.855876050889494 10.394005849957471 8.4140417799353582 13.954956308007242 100.64700226532295 46.72739739716053 265.36258545797318 43.161697130650282 19.284410528838634 5.9994449885562044 52.343543306924403 186.67562095541507 758.3927267678082 83.423512929584831 5107.7356472568354 7.9736168235540381 8.1444677859544772 6.5342471911571911 6.2132714092731476 2.9985861591994754 2.2821209109388292 6.4919108748435965
leaf_count=97 55 79 83 80 87 1214 346 2281 268 160 55 519 1477 4801 945 44295 47 50 58 48 64 59 58
internal_value=9.93399e-05 0.000208529 -0.0209553 -4.95676e-05 0.0158759 0.0004003 0.0109033 -3.32648e-05 -0.0174449 -0.0399598 0.00625167 0.0108284 0.00961404 0.000570301 -0.00624313 0.00163778 0.0685202 -0.0185105 -0.0378343 -0.0580081 -0.0572705 -0.0544353 -0.0581572
internal_weight=6775.92 6756.47 60.6721 38.5055 30.0915 6695.8 265.445 6430.35 215.437 119.931 245.616 95.5052 233.403 6214.91 841.816 5373.1 19.8295 16.1365 19.448 12.2127 22.1666 5.28071 16.8859
internal_count=57226 57071 536 272 192 56535 2052 54483 2161 1374 1926 787 1823 52322 5746 46576 126 105 155 103 264 123 141
is_linear=0
shrinkage=0.05


Tree=162
num_leaves=28
num_cat=0
split_feature=30 28 19 8 4 30 29 28 18 4 15 3 10 3 28 5 29 4 25 8 28 0 29 4 14 28 3
split_gain=12.4405 11.3378 76.4004 44.3554 33.8955 77.5299 55.7968 18.7506 18.5743 18.2906 20.9254 43.6382 18.5141 15.1382 8.92562 14.0377 4.70884 1.90978 1.87402 1.0495 1.72423 0.462058 0.103942 0.000373897 0.000312766 0.00010681 8.10959e-05
threshold=84.500000000000014 22.500000000000004 0.2950000000000001 21.750000000000004 0.51500000000000012 29.500000000000004 49.500000000000007 23.500000000000004 1.0000000180025095e-35 2.0650000000000004 2.5000000000000004 0.69000000000000006 16.750000000000004 0.7945000000000001 39.500000000000007 5.5000000000000009 1.0000000180025095e-35 0.68500000000000016 0.30500000000000005 14.850000000000001 82.500000000000014 4.5000000000000009 1.5000000000000002 1.7250000000000003 -1.0000000180025095e-35 30.500000000000004 0.67450000000000021
decision_type=2 8 8 2 2 2 10 8 10 2 2 2 2 2 10 2 10 2 2 2 10 2 8 2 2 8 2
left_child=1 2 3 4 5 -1 -6 -3 17 10 12 -12 -9 16 21 -16 -4 -5 -18 20 24 -11 -21 25 -2 -24 -27
right_child=19 7 13 8 6 -7 -8 9 -10 14 11 -13 -14 -15 15 -17 18 -19 -20 22 -22 -23 23 -25 -26 26 -28
leaf_value=-0.016652246180249092 -0.050993018584074339 0.071331188012666399 -0.0036945629006229306 -0.00062155579781891963 -0.037470095207271147 0.05357600064432122 0.048819854841102801 -0.00019549138241554238 0.094616375208515111 0.04570910699735297 0.0041178363616006962 -0.033402202357904621 0.0084623230624929092 0.004235035991537601 -0.023489301819285255 0.044118705954161147 -0.057200448103979507 0.036112193032947465 -0.09249548581227697 -0.062367148771461149 0.019231010708599443 0.061386974801807381 -0.051650905611987569 -0.052021926256239054 -0.052214646153485346 -0.051167086814662144 -0.050777601783144083
leaf_weight=94.715238764882088 0.96041504293680224 9.3296498805284482 4.0468089878559104 7.2215986251831072 104.47207856690511 67.169437795877457 22.827341914176941 5300.9205935038626 17.285634059458971 7.3291758149862316 175.81844547763467 138.5774242170155 698.89620672957972 11.895783768966792 14.157948044128718 16.774925926700234 71.52928978856653 6.937281085178256 3.9695633500814429 2.8527594283223126 1.4437344390898945 13.098865322768686 0.79193580150604237 1.3350127544254062 1.1528706327080716 3.8692723354324698 2.0416634732391685
leaf_count=581 57 45 21 38 1352 520 207 42475 80 56 1629 1991 6088 93 248 184 1030 63 16 26 14 88 32 52 55 234 173
internal_value=-0.000118565 -1.99027e-05 -0.00805789 0.0034396 -0.00269276 0.012487 -0.0219966 0.000499668 0.0598367 0.000395854 0.000154129 -0.01242 0.000813025 -0.0483724 0.0301131 0.0131746 -0.0562397 0.0173765 -0.0590562 -0.0464663 -0.0228862 0.0557621 -0.0541679 -0.0512578 -0.0516595 -0.0511056 -0.0510326
internal_weight=6801.42 6786.97 412.07 320.629 289.184 161.885 127.299 6374.9 31.4445 6365.57 6314.21 314.396 5999.82 91.4414 51.3609 30.9329 79.5457 14.1589 75.4989 14.4477 3.55702 20.428 10.8906 8.03788 2.11329 6.70287 5.91094
internal_count=57448 56805 4001 2841 2660 1101 1559 52804 181 52759 52183 3620 48563 1160 576 432 1067 101 1046 643 126 144 517 491 112 439 407
is_linear=0
shrinkage=0.05


Tree=163
num_leaves=31
num_cat=0
split_feature=28 19 8 10 28 30 30 30 3 16 5 10 28 30 7 16 19 8 0 8 5 1 2 7 27 16 28 0 18 3
split_gain=11.1914 67.0041 41.247 56.6584 31.2735 45.9405 40.0588 32.3949 31.1509 18.9665 18.1007 49.138 131.941 56.3832 47.2055 43.5262 35.4879 35.1218 33.9503 33.4355 33.3513 50.1302 71.8956 55.9528 49.0344 42.5912 34.585 28.4888 25.4353 24.4391
threshold=22.500000000000004 0.2950000000000001 18.700000000000006 16.500000000000004 19.500000000000004 29.500000000000004 44.500000000000007 70.500000000000014 0.82850000000000013 1.0000000180025095e-35 1.0000000180025095e-35 12.250000000000002 29.500000000000004 44.500000000000007 4.5000000000000009 1.5000000000000002 0.46500000000000014 25.550000000000001 1.0000000180025095e-35 17.850000000000005 1.5000000000000002 8.5000000000000018 4.5000000000000009 21.000000000000004 32.45000000000001 1.5000000000000002 30.500000000000004 1.5000000000000002 2.5000000000000004 0.88200000000000012
decision_type=8 8 2 2 10 2 2 2 2 2 2 2 10 2 2 2 8 2 2 2 2 2 2 2 2 2 8 2 8 2
left_child=1 2 4 -4 5 8 -7 -6 -1 -5 11 13 16 14 18 -16 -13 19 -2 -15 21 22 23 -12 25 -23 -24 -19 -14 -22
right_child=10 -3 3 9 7 6 -8 -9 -10 -11 20 12 28 17 15 -17 -18 27 -20 -21 29 24 26 -25 -26 -27 -28 -29 -30 -31
leaf_value=-0.045745083823743399 0.014241254533268969 -0.046725449927864787 0.071641632569829403 -0.053848883242412306 -0.055100595921327079 0.047089258252930893 -0.016309321909925911 0.06243777648773801 0.016780433795428384 0.050264342173248988 -0.003130022936032738 0.093312624734519178 -0.033431872405619331 -0.0049611436880703866 0.036759654960910243 -0.053529276405107712 0.0086457135926285029 0.0026152290310425463 -0.014377835943482301 -0.040350923033894703 0.0029928788956791619 0.043460878315172265 0.022753063227800532 -0.048015549677422373 -0.045512658847958798 -0.030660365673043633 -0.050985404583773555 0.1132361295879557 0.058633617456405801 -0.013089439298258322
leaf_weight=57.612065479159355 227.59425473026931 87.438910465687513 43.051859974861145 16.529100656509403 46.843868980184197 69.84932254254818 38.732310547493398 6.7006889991462222 30.44830409064889 5.9486424475908271 1123.0979063834529 63.712514963001013 53.408199576660991 147.05252105556428 191.46723850443959 14.348477892577646 15.360117632895706 17.356247503310442 190.25085400417447 122.20455301809125 3525.6710878580343 114.79208153951913 18.024493359029293 74.005349564366043 24.72280430002138 23.317775406874716 135.0105560736265 8.7566777020692843 8.7281179539859277 253.19010799285024
leaf_count=397 1638 1156 201 333 724 417 565 59 158 36 10877 340 683 1771 1055 113 105 149 1590 1969 26166 773 132 886 259 242 1774 54 65 2537
internal_value=8.56843e-05 -0.00799249 0.00273477 0.0380475 -0.00651445 0.00271011 0.0244743 -0.0403916 -0.0241259 -0.0262957 0.000598392 0.00656134 0.034022 0.00234202 0.0108649 0.0304651 0.0768658 -0.0156538 0.00121057 -0.0210231 -0.000596308 -0.0068695 -0.0100302 -0.00590486 0.0193378 0.0309466 -0.0423005 0.0397107 -0.0204997 0.00191534
internal_weight=6755.23 403.155 315.716 65.5296 250.187 196.642 108.582 53.5446 88.0604 22.4777 6352.07 1060.24 141.209 919.031 623.661 205.816 79.0726 295.37 417.845 269.257 5291.83 1512.97 1350.14 1197.1 162.833 138.11 153.035 26.1129 62.1363 3778.86
internal_count=57224 4046 2890 570 2320 1537 982 783 555 369 53178 9532 1193 8339 4396 1168 445 3943 3228 3740 43646 14943 13669 11763 1274 1015 1906 203 748 28703
is_linear=0
shrinkage=0.05


Tree=164
num_leaves=16
num_cat=0
split_feature=19 17 28 15 4 28 28 5 28 8 1 30 28 28 3
split_gain=10.2499 10.1931 9.96671 15.4907 14.2694 22.498 13.5078 40.3427 27.4081 40.6237 25.7319 21.9747 19.4417 6.99559 2.3222
threshold=-0.20499999999999999 -1.0000000180025095e-35 65.500000000000014 1.0000000180025095e-35 2.6650000000000005 71.500000000000014 59.500000000000007 2.5000000000000004 53.500000000000007 21.750000000000004 14.500000000000002 65.500000000000014 52.500000000000007 69.500000000000014 0.69000000000000006
decision_type=8 8 10 2 2 10 10 2 10 2 2 2 10 8 2
left_child=-1 14 6 -4 5 -5 8 10 12 -10 -8 -9 -3 -6 -2
right_child=1 2 3 4 13 -7 7 11 9 -11 -12 -13 -14 -15 -16
leaf_value=0.047699220988105945 -0.023231895756323145 -1.7723877319667888e-05 0.076386210453571315 -0.045832077736153165 0.062957496609598304 -0.0046535656068545954 -0.03872589363236778 -0.0092751226653181897 -0.042512258040209118 0.030613758534819343 0.075155356330622994 0.03983176236909472 0.058012401829459596 -0.005209753197699102 -0.061580230649754181
leaf_weight=11.125862471759319 8.9294790551066416 6238.6193679808639 4.754772223532199 53.212239423301071 8.017231829464432 88.064931799657643 42.307342068757862 29.67626915872097 81.563642444321886 24.756869909353554 5.6190932653844348 98.05103072989732 14.466790385544298 7.0939109716564426 7.0760315591469398
leaf_count=57 67 51827 26 801 62 1105 640 185 1143 148 52 742 90 60 75
internal_value=-0.000252377 -0.00033186 -0.0002366 -0.0125209 -0.015224 -0.0201635 6.63095e-05 0.0137441 -0.000311487 -0.0254848 -0.025374 0.0284222 0.000116531 0.0309564 -0.0401857
internal_weight=6723.33 6712.21 6696.2 161.143 156.388 141.277 6535.06 175.654 6359.41 106.321 47.9264 127.727 6253.09 15.1111 16.0055
internal_count=57080 57023 56881 2054 2028 1906 54827 1619 53208 1291 692 927 51917 122 142
is_linear=0
shrinkage=0.05


Tree=165
num_leaves=31
num_cat=0
split_feature=28 28 2 5 1 8 8 30 28 1 10 25 25 2 1 28 10 8 24 8 28 0 14 18 28 5 29 5 29 23
split_gain=12.8011 11.4386 42.1426 42.8252 26.6497 40.4015 35.6868 26.3906 21.3027 30.3502 67.3922 17.5377 96.1428 40.2061 33.2424 33.1991 15.3977 18.3278 14.3014 14.1261 10.648 16.9387 16.8613 22.3177 12.61 26.2176 10.8921 9.83215 8.80226 8.0561
threshold=65.500000000000014 60.500000000000007 5.5000000000000009 5.5000000000000009 8.5000000000000018 20.700000000000006 26.100000000000005 66.500000000000014 48.500000000000007 12.500000000000002 17.900000000000002 0.10500000000000002 1.0000000180025095e-35 8.5000000000000018 13.500000000000002 42.500000000000007 17.050000000000004 14.850000000000001 11.500000000000002 18.400000000000002 71.500000000000014 7.5000000000000009 1.5000000000000002 1.5000000000000002 75.500000000000014 3.5000000000000004 1.0000000180025095e-35 3.5000000000000004 1.0000000180025095e-35 7.5000000000000009
decision_type=10 10 2 2 2 2 2 2 10 2 2 2 2 2 2 10 2 2 2 2 10 2 2 8 10 2 10 2 10 2
left_child=1 8 3 28 -4 7 -7 -6 11 16 -11 12 14 15 -1 -13 18 -18 -10 -12 21 26 23 24 25 -22 -2 -26 -3 -24
right_child=20 2 4 -5 5 6 -8 -9 9 10 19 13 -14 -15 -16 -17 17 -19 -20 -21 22 -23 29 -25 27 -27 -28 -29 -30 -31
leaf_value=0.0013781046142473117 0.0062826925177598518 0.011039036822182529 0.11266489962723032 0.081212050139210623 -0.0090728389444609172 -0.058301042796437469 0.077690469588817854 0.06897554650365019 -0.042339239724650854 0.072665368738210917 -0.055287923926275843 0.011952453280015634 -0.052747880458950493 0.05653868586060562 -0.020093069117325349 -0.027564288108910873 0.042965897083967232 -0.022447480549904242 0.047367747129388224 -0.0023547825942194685 0.099142138930605417 0.024882785391790674 -0.044997823818753037 -0.046855424805751389 -0.028708597610637817 0.0060720071965853703 -0.053475965675545883 0.032698294871119117 -0.056401278019598655 0.029689252139867874
leaf_weight=5503.8356796740554 9.3455623537301999 5.6816775202751151 9.6407672576606256 7.9391331970691672 14.611934043467043 20.279361130669717 6.3300053477287284 41.855263172648847 100.2688057878986 28.353848855709657 20.522944887168705 314.48095661005937 85.483166608959436 42.546339525375515 186.37351922318339 63.959967963397503 14.274196872487662 42.863478445447981 4.6488806828856459 32.664406670257449 12.951662504579874 11.435753401368855 26.582335253246132 14.164007131941615 15.059708732180299 18.199666690081358 41.422887270804495 11.493621556553988 32.595788492821157 4.1780396029353133
leaf_count=42442 61 31 47 34 76 241 33 271 1135 155 318 4819 1034 425 2002 436 125 643 42 301 80 89 371 283 159 128 737 166 566 34
internal_value=-6.43403e-06 0.000338368 0.0145328 -0.0244711 0.033975 0.0248432 -0.0259505 0.0487791 3.21561e-05 -0.0144715 0.0104089 0.000602308 -0.000115832 0.0104548 0.000674851 0.00527376 -0.0269906 -0.00610584 -0.0383643 -0.0227796 -0.013769 -0.0300922 -0.00387534 0.00938354 0.0231878 0.0447674 -0.0424755 -0.0021286 -0.0463908 -0.0348534
internal_weight=6744.04 6579.21 138.934 46.2166 92.7173 83.0766 26.6094 56.4672 6440.28 243.597 81.5412 6196.68 5775.69 420.987 5690.21 378.441 162.055 57.1377 104.918 53.1874 164.833 62.2042 102.629 71.8687 57.7047 31.1513 50.7684 26.5533 38.2775 30.7604
internal_count=57284 55176 1299 631 668 621 274 347 53877 2719 774 51158 45478 5680 44444 5255 1945 768 1177 619 2108 887 1221 816 533 208 798 325 597 405
is_linear=0
shrinkage=0.05


Tree=166
num_leaves=31
num_cat=0
split_feature=10 29 6 15 28 28 4 4 10 4 0 30 0 10 4 10 28 16 14 29 13 27 10 19 8 29 6 30 29 18
split_gain=10.6413 21.5043 12.9198 21.4475 21.5283 11.7147 11.6989 11.5749 11.0723 50.4035 44.167 66.6227 63.5613 47.3451 65.0226 36.5757 46.2627 30.9794 42.1017 29.2003 30.7561 28.0072 26.4821 29.3381 21.8778 17.851 17.5111 15.8737 15.5602 13.5032
threshold=19.600000000000005 9.5000000000000018 73.950000000000017 1.5000000000000002 34.500000000000007 39.500000000000007 1.0250000000000001 1.675 16.750000000000004 0.8650000000000001 2.5000000000000004 60.500000000000007 3.5000000000000004 17.350000000000005 1.1950000000000001 14.950000000000001 43.500000000000007 2.5000000000000004 1.5000000000000002 19.500000000000004 1.0000000180025095e-35 37.250000000000007 14.700000000000001 0.14999999999999999 21.900000000000002 3.5000000000000004 80.050000000000011 38.500000000000007 16.500000000000004 1.0000000180025095e-35
decision_type=2 10 2 2 10 10 2 2 2 2 2 2 2 2 2 2 8 2 2 10 2 2 2 10 2 8 2 2 8 10
left_child=8 2 3 4 -2 -4 -3 -7 9 15 11 13 21 24 -15 22 -17 18 -14 29 -21 26 23 -1 -10 -18 -12 -24 -13 -11
right_child=1 6 5 -5 -6 7 -8 -9 10 19 12 28 17 14 -16 16 25 -19 -20 20 -22 -23 27 -25 -26 -27 -28 -29 -30 -31
leaf_value=-0.0010311180317588956 -0.053143605074561187 0.020106428191613068 0.040713136053731384 -0.052304788040626549 0.090157523738898571 -0.046045137190417501 -0.04648479907531404 0.03300412712338259 0.0050807140250804517 -0.059721988180872536 0.065801781242445775 -0.007348537913231 0.02002852953380654 -0.033411722158430524 0.039573857212788603 -0.042821258717833148 -0.0064930820593084373 -0.062211093379505811 -0.012324369655455466 0.1162352776842502 -0.027264637488654882 -0.041915269488376511 0.01468810663914946 0.014888127318310275 0.096791012095714002 0.048694116544056594 0.030154187151168771 -0.058021564016565233 -0.056525475268787373 -0.020568326990177251
leaf_weight=5199.1074107046006 4.2904655025340634 7.6291632875800124 27.484488673508167 20.205657423473895 6.7352364137768745 10.319154861383142 48.683468405622989 8.4008494019508344 9.8463577255606669 57.673766378313303 66.49885009881109 20.727527622133493 237.5151011548005 78.619334043934941 49.875421261414886 20.178970951586962 17.50814214348793 17.172505039721727 174.38827789016068 6.1422914229333374 9.5231012850999832 9.3882891424000245 9.8937579840421659 306.48036712268367 19.150887832045555 89.852355900220573 71.482418071478605 31.108912707306445 71.822892058175057 35.621801290661097
leaf_count=43373 133 76 155 429 41 205 1501 75 71 482 465 197 1714 735 245 167 98 187 2164 33 102 124 63 2104 80 556 478 321 793 242
internal_value=9.88433e-06 -0.0139529 0.00314408 -0.0216971 0.0343943 0.0199352 -0.0374631 -0.0105707 0.000292429 -0.000481213 0.00570575 -0.0118441 0.0133183 0.00794082 -0.00508227 0.000165641 0.0266389 0.00358802 0.00633122 -0.0341661 0.0290007 0.0416485 -0.000443091 -0.000144939 0.0656497 0.0396943 0.0473342 -0.0404771 -0.0455118 -0.0447725
internal_weight=6743.33 133.748 77.4359 31.2314 11.0257 46.2045 56.3126 18.72 6609.58 5783.09 826.488 250.042 576.445 157.492 128.495 5674.13 127.539 429.076 411.903 108.961 15.6654 147.37 5546.59 5505.59 28.9972 107.36 137.981 41.0027 92.5504 93.2956
internal_count=57409 2615 1038 603 174 435 1577 280 54794 47541 7253 2121 5132 1131 980 46682 821 4065 3878 859 135 1067 45861 45477 151 654 943 384 990 724
is_linear=0
shrinkage=0.05


Tree=167
num_leaves=31
num_cat=0
split_feature=29 15 3 15 7 7 1 30 30 29 21 1 13 1 5 6 14 30 3 6 6 5 5 22 2 7 5 3 4 4
split_gain=9.93505 66.8445 26.9699 27.4368 31.3232 24.9625 43.3032 30.3718 22.5964 15.9894 36.61 46.9321 77.1944 50.1322 88.6167 44.6367 37.0248 37.6424 52.9606 36.5788 53.9283 72.0494 37.1551 36.3308 33.7894 37.8367 32.6961 28.0094 25.7887 23.4035
threshold=1.0000000180025095e-35 1.0000000180025095e-35 0.64500000000000013 2.5000000000000004 11.000000000000002 23.500000000000004 8.5000000000000018 54.500000000000007 56.500000000000007 13.500000000000002 0.38750000000000007 10.500000000000002 1.0000000180025095e-35 4.5000000000000009 2.5000000000000004 59.250000000000007 -1.0000000180025095e-35 19.500000000000004 0.96650000000000014 68.65000000000002 62.45000000000001 3.5000000000000004 1.0000000180025095e-35 1.0000000180025095e-35 10.500000000000002 16.000000000000004 3.5000000000000004 0.92000000000000015 0.42500000000000004 1.2350000000000001
decision_type=8 2 2 2 2 2 2 2 2 8 10 2 2 2 2 2 2 2 2 2 2 2 2 2 2 2 2 2 2 2
left_child=1 -1 5 4 -4 6 -3 -7 -6 10 11 13 29 14 -2 -14 -12 -18 -19 20 -11 22 -22 -23 25 -21 -27 -26 -15 -13
right_child=9 2 3 -5 8 7 -8 -9 -10 19 16 12 15 28 -16 -17 17 18 -20 24 21 23 -24 -25 27 26 -28 -29 -30 -31
leaf_value=0.064771276305598091 -0.021275638852513865 -0.023172818675532697 -0.0049775070141063298 -0.032838970096052564 0.059689112287191343 -0.052353831231438219 0.04123185669285509 0.03247760607600382 -0.013975262750781007 0.00056614772342189847 -0.043341785655078534 -0.061691048972304485 0.078853494357988607 -0.042341863325376899 0.063893061693860748 0.012667251852921621 -0.065360462626511032 0.0062779252620041946 0.064794793263290434 -0.016140778920476034 0.017338426782939786 -0.00090287466353895405 -0.040340946715809817 0.066846334138544891 -0.029646739323086674 0.025499822811684076 0.0049486018312804537 0.076366516109894256 -0.016052792771452409 -0.0087253362592688566
leaf_weight=45.39798878133297 102.70705225411803 67.198839634656906 49.397880509495735 23.999897858127952 59.23246356099844 56.361195389181376 42.672439206391573 12.981219343841074 12.630079995840786 3756.4975664950907 36.056095111183822 39.607069273479283 31.280329138040543 206.20658096112311 43.467835810035467 137.23441077489406 16.231906443834305 380.30230742879212 43.042372046969831 102.7279890421778 31.65218068100512 103.38646698789671 236.79313745396212 24.472216639667749 76.226072527933866 424.92024971544743 355.41284834360704 6.7851157784461966 170.35353800002486 44.053435870911926
leaf_count=270 1109 442 272 314 364 501 242 91 79 32062 350 394 161 1912 274 1337 120 2782 269 732 252 743 2301 135 1418 3509 3088 46 1545 372
internal_value=-2.15328e-05 0.00794505 -5.65208e-06 0.0160058 0.0256732 -0.0129837 0.00184104 -0.036473 0.0467424 -0.000484152 -0.00555259 -0.012255 0.00546114 -0.0208015 0.00405087 0.024953 0.00536711 0.00936243 0.0122275 0.000754069 -0.00128453 -0.0188268 -0.03354 0.0120644 0.00951728 0.0123843 0.0161395 -0.0209815 -0.0304488 -0.0338007
internal_weight=6739.29 369.872 324.474 145.26 121.26 179.214 109.871 69.3424 71.8625 6369.42 1250.54 774.91 252.175 522.735 146.175 168.515 475.633 439.577 423.345 5118.87 4152.8 396.304 268.445 127.859 966.072 883.061 780.333 83.0112 376.56 83.6605
internal_count=57486 2575 2305 1029 715 1276 684 592 443 54911 10625 7104 2264 4840 1383 1498 3521 3171 3051 44286 35493 3431 2553 878 8793 7329 6597 1464 3457 766
is_linear=0
shrinkage=0.05


Tree=168
num_leaves=31
num_cat=0
split_feature=26 23 6 3 20 10 6 1 6 4 0 6 4 14 14 14 10 20 6 5 18 1 23 26 16 29 28 25 23 23
split_gain=11.8986 27.69 12.0184 11.8604 10.8145 10.3476 52.8977 70.9316 50.7416 40.7735 106.215 51.7558 42.2459 78.9074 53.921 33.6226 30.7899 30.5239 21.8934 9.88492 7.099 6.21751 10.9745 6.08991 3.59815 5.34318 2.9207 0.0117548 0.00342364 0.00491037
threshold=3.5000000000000004 6.5000000000000009 22.250000000000004 0.82850000000000013 1.0000000180025095e-35 4.0500000000000007 52.750000000000007 10.500000000000002 53.050000000000004 0.13500000000000004 1.0000000180025095e-35 33.350000000000001 0.085000000000000006 -1.0000000180025095e-35 1.0000000180025095e-35 -1.0000000180025095e-35 6.5500000000000007 2.5000000000000004 44.650000000000013 5.5000000000000009 1.0000000180025095e-35 7.5000000000000009 7.5000000000000009 4.5000000000000009 2.5000000000000004 9.5000000000000018 51.500000000000007 0.63500000000000012 8.5000000000000018 9.5000000000000018
decision_type=2 2 2 2 10 2 2 2 2 2 2 2 2 2 2 2 2 10 2 2 8 2 2 2 2 10 10 2 2 2
left_child=1 5 -2 4 24 9 7 16 20 12 17 -12 13 -1 -14 -10 -7 -11 -9 27 -8 22 -6 -23 26 -26 -4 28 -3 -30
right_child=2 19 3 -5 21 6 8 18 15 10 11 -13 14 -15 -16 -17 -18 -19 -20 -21 -22 23 -24 -25 25 -27 -28 -29 29 -31
leaf_value=0.013969377249914459 -0.052100967995984404 -0.052107440760873591 0.04587853487610942 -0.050762260241975235 0.057985489199391893 -0.0048253728284535424 0.10933542591127321 0.11934522454224183 -0.0099192954749409683 -0.046175257467812654 0.055668391145107424 0.014820282299445119 -0.027932643094065946 -0.0044456625037991773 0.041288792311255415 0.0045256139034638952 -0.023474469364756431 0.049094695714996667 0.026219656626261273 0.013179411437282818 0.051435526371295365 -0.036239658840317233 -0.038242292299447783 0.040993069869445467 -0.024870920742382882 0.063947864778341829 0.0091361184632954822 -0.05098130178673943 -0.055142209695583679 -0.05268014899192839
leaf_weight=863.4981432845816 6.0298596499487749 8.6265825652517396 47.7537527307868 5.5069107217714182 3.7433358803391483 418.65908140596002 10.047819964587688 11.954484537243845 524.21776683395728 72.922044375911355 113.49114925600588 244.83221779204905 230.23258672840893 1782.6410987090785 32.049268916249275 1739.9817560352385 469.56161140697077 9.5031763315200788 13.369643677026032 7.0075171347707501 11.18943178281188 3.2185897133313111 14.212597417179493 12.331479712855069 5.0432863114401689 2.5491732656955719 6.0995158664882174 16.952426179079339 3.0292130224406701 6.1097489988896996
leaf_count=6613 195 303 674 518 33 3569 50 53 4034 703 733 1680 2431 13732 181 14391 4855 49 99 91 73 69 317 174 171 25 50 1222 37 187
internal_value=-0.000119295 -0.000387218 0.0164607 0.020576 0.0247134 -0.000128496 -0.00216222 -0.0123318 0.0019028 0.00181403 0.0159858 0.027758 -0.000333589 0.0015636 -0.0194742 0.00118126 -0.0146843 -0.0351912 0.0701804 -0.0409896 0.0788293 0.0018624 -0.0181814 0.0250073 0.037174 0.00495004 0.041717 -0.0519231 -0.0528219 -0.0534962
internal_weight=6696.37 6589.88 106.489 100.459 94.9517 6548.15 3198.98 913.545 2285.44 3349.17 440.749 358.323 2908.42 2646.14 262.282 2264.2 888.221 82.4252 25.3241 41.7255 21.2373 33.506 17.9559 15.5501 61.4457 7.59246 53.8533 34.718 17.7655 9.13896
internal_count=57312 55086 2226 2031 1513 53246 27124 8576 18548 26122 3165 2413 22957 20345 2612 18425 8424 752 152 1840 123 593 350 243 920 196 724 1749 527 224
is_linear=0
shrinkage=0.05


Tree=169
num_leaves=31
num_cat=0
split_feature=10 29 4 4 15 5 3 28 28 3 0 15 4 1 1 29 0 1 5 30 28 15 18 30 14 28 29 28 5 12
split_gain=10.7086 15.6804 15.356 13.4205 25.588 12.7593 11.0372 10.7808 16.8348 41.5453 19.7795 15.752 15.4494 14.2346 30.9292 20.5639 10.1905 19.4596 16.5278 14.0007 11.6805 11.3725 10.0748 6.05659 5.8439 5.63009 5.08494 3.14988 0.89682 0.541196
threshold=19.600000000000005 9.5000000000000018 1.0250000000000001 1.8150000000000002 1.5000000000000002 3.5000000000000004 0.7945000000000001 65.500000000000014 64.500000000000014 0.76700000000000013 5.5000000000000009 1.0000000180025095e-35 2.6650000000000005 9.5000000000000018 8.5000000000000018 1.0000000180025095e-35 6.5000000000000009 9.5000000000000018 2.5000000000000004 79.500000000000014 50.500000000000007 1.5000000000000002 -1.0000000180025095e-35 39.500000000000007 1.0000000180025095e-35 69.500000000000014 1.0000000180025095e-35 72.500000000000014 1.0000000180025095e-35 1.5000000000000002
decision_type=2 10 2 2 2 2 2 10 10 2 2 2 2 2 2 10 2 2 2 2 10 2 10 2 2 8 10 8 2 2
left_child=7 3 -3 4 5 -2 27 8 16 10 26 -9 13 14 -13 -15 19 -18 -19 20 -1 -21 -6 -4 -7 -14 -10 -5 -24 -25
right_child=1 2 23 6 22 24 -8 11 9 -11 -12 12 25 15 -16 -17 17 18 -20 21 -22 -23 28 29 -26 -27 -28 -29 -30 -31
leaf_value=0.0010128964550820344 0.060532633009960195 0.024511942009305888 0.021834568226348668 0.081017886152637955 0.030358301648849437 -0.057055170954433458 -0.0097798679871294592 0.078220355674696596 0.017367591443299579 0.11107676570982057 0.05490643497350213 -0.027561805860283641 0.062247690324546905 0.013065168760404328 0.048038085097268104 -0.051980390536315271 -0.035997128392225235 0.072038459855781556 0.014840184284468795 -0.028802964241628981 -0.010127145398008373 0.012465288360914484 -0.031423790443837599 -0.052238486150746555 0.038785339136629911 -0.00067400042836084377 -0.053976371094206659 0.036012349476341458 -0.056623219927376393 -0.02173940817188863
leaf_weight=5941.0661427441519 12.639735302887859 9.1996021363884193 3.0447362014092496 7.011865846812726 4.1846208572387722 4.5578029425814739 10.686096269637344 4.6029019206762305 3.177748620510104 11.932161673903463 9.1029789508320373 43.350805703550577 7.7991157062351677 15.8120099324733 19.666590202599764 52.479600415099412 13.735823984257875 16.925565377809107 49.758589168312028 70.534578972961754 245.00691584357992 21.870388827752322 4.1506196791306165 41.124101059976965 2.4431143403053284 6.5331945531070241 11.667645642533897 8.7259630188345909 23.640623707324266 1.5078554796054948
leaf_count=46776 97 87 49 43 60 120 84 26 18 50 103 554 62 109 145 966 88 97 543 1847 2340 457 108 1406 23 56 248 70 478 31
internal_value=0.000105969 -0.0139441 -0.034424 0.000456804 -0.0143786 0.0305401 0.0294362 0.0003913 0.000702348 0.0348549 -0.00312235 -0.0128477 -0.0157258 -0.021106 -0.00396845 -0.03692 0.00050964 0.0181953 0.0293581 0.000283107 0.000571682 -0.0190356 -0.0419691 -0.0462941 -0.0236097 0.0335657 -0.0387048 0.0560642 -0.0528597 -0.0511598
internal_weight=6677.94 132.917 54.8763 78.0404 51.6165 19.6407 26.4239 6545.02 6394.78 35.8805 23.9484 150.244 145.641 131.309 63.0174 68.2916 6358.9 80.42 66.6842 6278.48 6186.07 92.405 31.9759 45.6767 7.00092 14.3323 14.8454 15.7378 27.7912 42.632
internal_count=57141 2656 1573 1083 886 240 197 54485 52567 419 369 1918 1892 1774 699 1075 52148 728 640 51420 49116 2304 646 1486 143 118 266 113 586 1437
is_linear=0
shrinkage=0.05


Tree=170
num_leaves=31
num_cat=0
split_feature=29 15 8 2 2 15 16 8 2 2 29 21 4 4 2 14 28 3 1 9 8 1 21 3 4 30 1 4 19 17
split_gain=9.99475 62.0415 36.5642 26.9672 23.8303 42.5928 20.8768 19.8562 16.306 13.4479 12.7674 32.768 44.5467 74.1641 43.4599 39.9732 35.2136 31.1525 29.4639 36.0668 28.761 28.4127 17.1915 81.0277 47.0524 23.4748 17.426 18.7365 15.4287 14.8614
threshold=1.0000000180025095e-35 1.0000000180025095e-35 13.700000000000001 7.5000000000000009 5.5000000000000009 2.5000000000000004 1.0000000180025095e-35 25.550000000000001 9.5000000000000018 11.500000000000002 11.500000000000002 0.38750000000000007 0.59500000000000008 0.64500000000000013 5.5000000000000009 -1.0000000180025095e-35 22.500000000000004 0.96650000000000014 4.5000000000000009 12.15 21.900000000000002 10.500000000000002 0.91650000000000009 0.48700000000000004 0.13500000000000004 44.500000000000007 6.5000000000000009 0.87500000000000011 0.040000000000000001 1.0000000180025095e-35
decision_type=8 2 2 2 2 2 2 2 2 2 8 10 2 2 2 2 10 2 2 2 2 2 10 2 2 2 2 2 8 10
left_child=1 -1 6 4 7 -6 -3 -4 -5 -10 11 12 18 -14 -15 -13 20 -18 19 -2 -17 -20 29 24 25 -24 28 -28 -25 -12
right_child=10 2 3 8 5 -7 -8 -9 9 -11 22 15 13 14 -16 16 17 -19 21 -21 -22 -23 23 26 -26 -27 27 -29 -30 -31
leaf_value=0.063181431355734757 -0.018276771902755843 0.0079273473643007714 -0.0065815235238391003 -0.03972373224908813 0.057774004462420397 -0.040149591579411219 -0.049520408609412009 0.041697818195255858 0.055797775136834461 -0.025336499043665014 6.2066894704944502e-05 -0.048114572391045864 0.074819008074612281 -0.038700744974666988 0.0068050758985346363 -0.03360906966910629 0.011155189581953245 0.063353498173439937 -0.042201637167403695 0.051619835187586872 0.054501438262536853 -0.0055318340347533905 -0.030626831042344701 0.0077870112404708454 0.066843699690487937 0.042116965138684986 -0.057878008107180523 0.026107872112347955 -0.031238822214852458 0.009331694306094665
leaf_weight=44.349480535835028 72.989831637591124 23.263391386717558 94.490962939336896 38.56802687048912 61.534573027864099 13.549746587872503 49.390642866492271 27.493391092866659 10.288864914327862 10.141176672652362 4440.7346338494681 33.034029089380056 31.266539287753403 75.004018659703434 174.62291121203452 66.589906489476562 302.96099358284846 31.561540864408016 201.66853092052042 24.701914645731449 10.757902249693869 71.571848238352686 32.409792341291904 37.918795353733003 40.843207134865224 16.859822180122137 66.310252414084971 7.3797786505892864 76.259694155305624 479.03305995324627
leaf_count=267 752 214 595 269 333 168 424 179 103 65 39444 336 157 806 1605 474 2276 185 1948 148 61 705 227 325 244 126 441 53 551 3769
internal_value=-0.000281983 0.00766967 0.00018028 0.00906283 0.017941 0.0401027 -0.031126 0.0042999 -0.0205924 0.0155239 -0.000753273 -0.00565557 -0.0127958 0.00222484 -0.00686781 0.00480553 0.00904998 0.01608 -0.0241704 -0.000603017 -0.0213542 -0.0325964 0.000281117 -0.011816 0.0271614 -0.00573426 -0.0305119 -0.0494671 -0.0182783 0.000964642
internal_weight=6667.55 373.07 328.721 256.067 197.069 75.0843 72.654 121.984 58.9981 20.43 6294.48 1096.73 651.826 280.893 249.627 444.904 411.87 334.523 370.932 97.6917 77.3478 273.24 5197.75 277.981 90.1128 49.2696 187.869 73.69 114.178 4919.77
internal_count=57250 2617 2350 1712 1275 501 638 774 437 168 54633 9453 6121 2568 2411 3332 2996 2461 3553 900 535 2653 45180 1967 597 353 1370 494 876 43213
is_linear=0
shrinkage=0.05


Tree=171
num_leaves=31
num_cat=0
split_feature=30 25 25 30 4 6 28 27 3 8 28 30 6 4 4 28 4 16 28 1 29 3 27 5 16 0 9 26 30 30
split_gain=9.79272 30.8184 46.0163 39.8163 47.8593 74.2496 58.0546 30.484 25.5033 26.9858 47.4552 31.1033 25.9486 25.1055 58.7858 64.2886 57.7932 23.9314 23.7924 29.4829 23.1735 22.0537 42.2427 37.4722 21.8824 55.9454 50.8206 21.5887 20.5495 17.3418
threshold=45.500000000000007 0.10500000000000002 1.0000000180025095e-35 44.500000000000007 0.91500000000000015 65.950000000000017 1.0000000180025095e-35 38.250000000000007 0.88200000000000012 25.550000000000001 38.500000000000007 71.500000000000014 44.650000000000013 0.10500000000000002 0.32500000000000007 23.500000000000004 0.40500000000000008 1.0000000180025095e-35 39.500000000000007 5.5000000000000009 26.500000000000004 0.65950000000000009 27.150000000000002 2.5000000000000004 1.0000000180025095e-35 1.0000000180025095e-35 12.450000000000001 5.5000000000000009 34.500000000000007 20.500000000000004
decision_type=2 2 2 2 2 2 10 2 2 2 8 2 2 2 2 10 2 2 10 2 10 2 2 2 2 2 2 2 2 2
left_child=1 2 3 18 5 -5 -6 21 9 13 -11 12 -12 24 15 -15 -16 -10 19 -1 -19 22 -3 -23 25 -2 -26 29 -25 -9
right_child=8 7 -4 4 6 -7 -8 27 17 10 11 -13 -14 14 16 -17 -18 20 -20 -21 -22 23 -24 28 26 -27 -28 -29 -30 -31
leaf_value=-0.00071340103246769445 0.038176080289653497 -0.05896813227235103 -0.048823820612680591 -0.005822072376845012 0.058616469466732546 -0.036668945844485733 -0.010547527425202286 0.032593127133812273 0.0033478435338228519 -0.057005870058119724 0.10515834774229407 -0.01537476983183754 0.031657092357478871 0.031751578811418067 -0.034876378496523398 -0.028495806221452199 0.0032344785056385265 -0.055586221970894273 -0.041154302629460682 0.012690566658256092 0.026119306414240942 -0.051371207143823962 0.055455981703886617 -0.048243307716491574 -0.019000101946912575 -0.02563009094861441 0.015886873990632551 0.035569388780448449 0.044842569581363421 -0.053015789175514832
leaf_weight=1694.5412349915132 39.854155350476503 8.95622570812702 53.579268455505371 1009.861955890432 55.768183015286922 241.7866561440751 66.540889861062169 7.358785241842269 54.958444328978658 17.855997310951352 13.171962432563303 33.180368966422975 135.86772744450718 305.32126161456108 107.91884227888659 51.78973483806476 1271.5820538436528 51.875734734814614 31.607529647648335 541.29001232236624 10.421564218588172 19.867538668215275 81.145185898989439 6.9861973449587813 182.10955752665177 248.93623165995814 244.59523997968063 14.52355697751045 39.17525127902627 30.162735603516921
leaf_count=11012 264 72 667 9748 367 2214 1239 48 624 211 84 506 788 2544 1278 666 11753 1062 205 2954 118 148 568 45 1771 2395 2225 328 321 1030
internal_value=-0.000156003 -0.00176948 -0.00282405 -0.00214721 -0.00886378 -0.0117809 0.0209886 0.0169485 0.00211797 0.00312685 0.0207835 0.0284062 0.0381531 0.00168618 0.00493359 0.0230143 0.000253053 -0.0207016 0.0019227 0.00253167 -0.0419179 0.0279953 0.044082 0.00604374 -0.00619575 -0.0168246 0.000997771 -0.016191 0.0307547 -0.036226
internal_weight=6672.59 3903.15 3694.98 3641.4 1373.96 1251.65 122.309 208.175 2769.44 2652.18 200.076 182.22 149.04 2452.11 1736.61 357.111 1379.5 117.256 2267.44 2235.83 62.2973 156.13 90.1014 66.029 715.495 288.79 426.705 52.0451 46.1614 37.5215
internal_count=57255 30966 28406 27739 13568 11962 1606 2560 26289 24485 1589 1378 872 22896 16241 3210 13031 1804 14171 13966 1180 1154 640 514 6655 2659 3996 1406 366 1078
is_linear=0
shrinkage=0.05


Tree=172
num_leaves=31
num_cat=0
split_feature=14 26 25 1 3 14 9 1 23 3 28 24 23 25 30 21 6 30 25 25 30 28 3 30 23 23 7 30 28 30
split_gain=10.0056 9.12731 17.105 11.9889 22.7986 17.4635 16.3242 16.2989 10.235 29.4464 31.9286 28.0855 14.9998 82.9846 15.5066 6.21166 6.2538 4.40202 3.19767 10.9854 2.2212 3.2239 1.0033 0.536832 0.456801 0.021641 0.00246498 0.00319127 0.00134207 7.54616e-05
threshold=3.5000000000000004 5.5000000000000009 0.43000000000000005 7.5000000000000009 0.59650000000000014 1.5000000000000002 6.3500000000000005 2.5000000000000004 3.5000000000000004 0.56100000000000017 48.500000000000007 3.5000000000000004 1.0000000180025095e-35 0.10500000000000002 47.500000000000007 0.29300000000000004 22.250000000000004 51.500000000000007 0.97500000000000009 1.925 61.500000000000007 75.500000000000014 0.19100000000000003 59.500000000000007 5.5000000000000009 3.5000000000000004 26.500000000000004 68.500000000000014 78.500000000000014 56.500000000000007
decision_type=2 2 2 2 2 2 2 2 2 2 10 2 2 2 2 10 2 2 2 2 2 8 2 2 2 2 2 2 10 2
left_child=1 2 8 6 5 -5 7 -4 12 11 -11 -10 14 -14 -1 16 -3 -17 23 -20 -19 -22 -8 -18 26 -6 29 -28 -29 -2
right_child=24 15 3 4 25 -7 22 -9 9 10 -12 -13 13 -15 -16 17 18 20 19 -21 21 -23 -24 -25 -26 -27 27 28 -30 -31
leaf_value=-0.0017033798584581623 -0.051188060066293596 -0.052026183144306543 -0.051115628415309033 0.055382995212755415 -0.057809290081135258 -0.055550825941716876 -0.022439721455200529 0.046436501805954822 -0.057198398197661218 0.04665961259736659 -0.042425211175246211 0.016742758486092569 -0.053906872406553508 0.0045889973899505658 0.0034916538126789675 0.041393208921995633 0.057482376121592127 -0.055776480236048503 -0.051240319254678368 0.041413796267792624 0.037245090765649885 -0.052306168572288203 -0.054082620717415736 0.036185106931327218 -0.026089807001562583 -0.052236063606130256 -0.054661839284747195 -0.05109872540339612 -0.053259811313525057 -0.051647431040071835
leaf_weight=3697.7594646648504 1.3102250071242432 2.1396998837590209 7.3930082502774903 17.341510198079053 2.1163897514343253 4.4601188832893959 2.6764095220714799 10.174485259223729 22.591828858479857 66.753463943488896 11.842353480169548 29.759480758570135 82.55795113928616 228.26877507008612 2348.8340398548171 2.9090670086443415 12.345012150704862 4.1719239447265846 4.0266335890628424 15.565732854418455 2.1933359187096357 1.8550454322248695 39.126261886209249 3.8916728142648926 2.0153702357783905 9.8417262618895602 2.0575570333749056 1.5720427911728623 1.3230079934000967 2.8142259428277612
leaf_count=28136 69 71 638 143 19 108 29 124 309 662 213 286 1027 1688 20521 31 175 64 244 236 49 61 1521 69 46 421 32 101 35 93
internal_value=-0.000175518 -9.61422e-05 -0.000256369 -0.0215325 0.00225776 0.0326885 -0.0350604 0.00538319 4.90148e-05 0.0138859 0.0332368 -0.015166 -0.00023599 -0.010948 0.000314661 0.0213819 0.0310105 -0.0114669 0.0359695 0.0223715 -0.0301734 -0.003789 -0.0520567 0.0523778 -0.0476233 -0.0532224 -0.0524044 -0.0531563 -0.0520863 -0.0515015
internal_weight=6641.69 6630.6 6581.5 93.1299 33.7597 21.8016 59.3702 17.5675 6488.37 130.947 78.5958 52.3513 6357.42 310.827 6046.59 49.0981 37.9688 11.1294 35.8291 19.5924 8.22031 4.04838 41.8027 16.2367 11.0924 11.9581 9.07706 4.95261 2.89505 4.12445
internal_count=57221 56845 55845 3003 691 251 2312 762 52842 1470 875 595 51372 2715 48657 1000 795 205 724 480 174 110 1550 244 376 440 330 168 136 162
is_linear=0
shrinkage=0.05


Tree=173
num_leaves=31
num_cat=0
split_feature=9 30 3 1 3 13 1 28 6 29 4 4 15 4 28 4 6 30 19 8 4 8 13 30 6 29 30 30 30 30
split_gain=12.0856 13.0728 12.2278 31.0672 26.0164 29.3057 31.5753 29.1533 26.5631 25.4417 28.9701 58.5987 43.4234 20.3622 20.3517 17.5403 17.0401 89.3967 42.5423 29.6854 47.6803 27.7056 10.4943 7.68902 3.257 1.50729 0.0814997 0.0532447 0.0141367 0.00771199
threshold=1.9500000000000002 24.500000000000004 1.0000000180025095e-35 5.5000000000000009 0.25850000000000006 1.0000000180025095e-35 7.5000000000000009 24.500000000000004 32.050000000000004 14.500000000000002 0.025000000000000005 0.015000000000000001 1.0000000180025095e-35 0.055000000000000007 44.500000000000007 0.045000000000000005 25.650000000000002 22.500000000000004 0.060000000000000032 10.150000000000002 0.37500000000000006 10.750000000000002 1.0000000180025095e-35 17.500000000000004 44.050000000000004 3.5000000000000004 26.500000000000004 49.500000000000007 55.500000000000007 72.500000000000014
decision_type=2 2 2 2 2 2 2 10 2 8 2 2 2 2 10 2 2 2 8 2 2 2 2 2 2 10 2 2 2 2
left_child=1 22 3 9 5 6 8 13 -4 14 11 -11 -12 -7 25 -16 17 -6 -19 20 -18 -21 23 -1 -8 -2 -3 -5 -28 -30
right_child=2 26 4 27 16 7 24 -9 -10 10 12 -13 -14 -15 15 -17 19 18 -20 21 -22 -23 -24 -25 -26 -27 28 -29 29 -31
leaf_value=-0.01941504440252137 -0.034378502324959169 -0.049240886381365756 0.015879033840049555 -0.064291475660555944 0.16983000037942197 -0.0021388995690192008 0.034307066932374848 0.038244143616184063 -0.044710232538879374 0.028904931147968084 -0.010922343872412574 0.15951427106048766 0.059829402318869754 -0.056401852015132675 -0.036431011015118045 0.080926287028917451 0.031470923712431917 -0.036943980386691284 0.031040234140942327 -0.038392345632109456 -0.014773925317833931 0.00027809687455942073 -0.056842391912451745 0.031061263306848011 0.080227610803437571 -0.061548825253985542 -0.057844395283914933 -0.057941677934171987 -0.052397403240223531 -0.05661249397131575
leaf_weight=13.971365973353388 7.6721481457352665 4.4229395166039494 40.605246905237436 5.0287177115678778 6.2049884125590316 22.333302106708288 5.8968932162970331 12.04529135674238 32.622904230840504 82.68610031157732 94.203992714174092 9.5830380469560605 28.171906858682632 76.53699313942343 5.9603541893884522 6.8349342420697212 180.59938385337591 119.79296800866723 28.482899393886328 46.699792413506657 80.619557762052864 5664.6666899472475 7.9015049561858168 16.401453256607056 11.186505876481531 15.251759663224218 11.423861406743525 9.6112024160101992 2.1832484602928153 2.1575347231701016
leaf_count=89 52 37 342 38 38 152 54 82 373 553 868 72 156 978 81 48 1146 1797 325 478 783 48171 77 99 113 120 98 101 52 64
internal_value=-4.93467e-05 -0.0226828 0.000151341 0.0106736 -0.00028929 -0.0179795 0.00316644 -0.0351974 -0.0111133 0.0148134 0.0213154 0.04247 0.00536527 -0.0441447 -0.0242587 0.0262584 0.000291698 -0.0161037 -0.0238846 0.000715766 0.0171985 -3.80974e-05 -0.0055114 0.00784238 0.0643766 -0.0524555 -0.0552387 -0.0601228 -0.0569214 -0.0544925
internal_weight=6651.76 58.4619 6593.3 265.004 6328.29 201.227 90.3116 110.916 73.2282 250.364 214.645 92.2691 122.376 98.8703 35.7192 12.7953 6127.07 154.481 148.276 5972.59 261.219 5711.37 38.2743 30.3728 17.0834 22.9239 20.1876 14.6399 15.7646 4.34078
internal_count=57437 516 56921 2089 54832 2094 882 1212 715 1950 1649 625 1024 1130 301 129 52738 2160 2122 50578 1929 48649 265 188 167 172 251 139 214 116
is_linear=0
shrinkage=0.05


Tree=174
num_leaves=31
num_cat=0
split_feature=10 10 29 16 16 30 4 10 19 30 29 3 28 3 3 6 4 0 6 29 13 30 5 30 5 4 16 2 20 1
split_gain=9.52649 54.1627 39.9369 43.8836 30.1018 54.9382 63.9376 69.5671 57.1364 45.7513 39.9794 54.4242 59.1841 46.5595 60.3484 38.1664 25.591 93.5045 53.9898 55.492 51.9527 47.4987 37.6314 30.9497 29.784 27.1932 45.9045 71.0524 74.0136 49.2948
threshold=4.1500000000000012 4.9500000000000011 11.500000000000002 3.5000000000000004 1.0000000180025095e-35 48.500000000000007 0.29500000000000004 11.750000000000002 0.050000000000000017 21.500000000000004 7.5000000000000009 0.38000000000000006 19.500000000000004 0.89450000000000018 0.62200000000000011 47.95000000000001 0.13500000000000004 1.0000000180025095e-35 33.350000000000001 9.5000000000000018 1.0000000180025095e-35 50.500000000000007 1.0000000180025095e-35 34.500000000000007 1.5000000000000002 0.085000000000000006 1.0000000180025095e-35 2.5000000000000004 1.0000000180025095e-35 3.5000000000000004
decision_type=2 2 10 2 2 2 2 2 8 2 10 2 10 2 2 2 2 2 2 8 2 2 2 2 2 2 2 2 8 2
left_child=16 2 3 -2 10 9 8 -8 -7 -6 13 -12 -13 14 -3 -11 25 23 19 -19 -20 -22 -21 24 -18 26 27 -1 -29 -28
right_child=1 4 -4 -5 5 6 7 -9 -10 15 11 12 -14 -15 -16 -17 17 18 20 22 21 -23 -24 -25 -26 -27 29 28 -30 -31
leaf_value=0.005577948562895829 -0.047529670535717133 -0.0015290070473443747 0.046961342845027863 0.06415494993058532 0.092422925292952054 0.084449291098663393 -0.021355788087391206 0.0096048424854279744 -0.049815408165486019 -0.041211349495043091 0.066679647924484872 0.015727432616461031 -0.025231465002631199 -0.021433023294249905 0.023022280339337248 -0.01192718970987678 -0.028701958261799939 -0.023729766266053925 -0.011504966651987388 0.020865971689617308 0.017312664700967494 0.091220274451299488 0.083609874871347523 -0.052658964120677713 0.074588830684300597 -0.015079262663993512 -0.0078665923680589916 -0.036987009569112626 -0.0013425432604621127 0.013210821156370935
leaf_weight=657.03554833028466 127.46352055110037 442.32627256587148 14.677746615372596 9.4472937397658807 9.3558591492474061 39.479910243302584 277.47932296083309 524.19075198087376 9.9133618231862766 146.64799449825659 22.675607778131962 126.38971369201317 291.85573429218493 113.23057131376117 576.54629077529535 461.13717261049896 19.272789983078841 22.041162308305502 142.39350706432015 35.372015269473195 115.67097161756828 26.770440470892936 73.665148724336177 64.249388431198895 10.941122971475123 279.93017265666276 380.49546755105257 279.21302120760083 304.41759632341564 1023.8044999341946
leaf_count=4913 1251 3238 113 49 57 274 3220 5070 113 2010 139 952 4029 1128 3955 3417 184 199 1096 268 865 223 449 972 63 3230 3486 2469 2036 7725
internal_value=-0.000284631 -0.00225087 -0.0314201 -0.0398231 -0.000796944 -0.00594586 0.0022903 -0.00111145 0.057502 -0.0173039 0.00400887 -0.00876384 -0.0128541 0.00898347 0.0123638 -0.0189929 0.00154283 0.0118738 0.0220732 0.0486287 0.00985254 0.0312029 0.0632555 -0.0330328 0.00870191 -0.000259867 0.00130855 -0.00569939 -0.0183951 0.00749989
internal_weight=6628.09 3192.82 151.589 136.911 3041.23 1468.2 851.063 801.67 49.3933 617.141 1573.02 440.921 418.245 1132.1 1018.87 607.785 3435.27 510.377 415.913 131.078 284.835 142.441 109.037 94.4633 30.2139 2924.9 2644.97 1240.67 583.631 1404.3
internal_count=57193 29015 1413 1300 27602 14161 8677 8290 387 5484 13441 5120 4981 8321 7193 5427 28178 4319 3100 916 2184 1088 717 1219 247 23859 20629 9418 4505 11211
is_linear=0
shrinkage=0.05


Tree=175
num_leaves=31
num_cat=0
split_feature=5 13 14 30 30 14 8 9 9 14 28 19 29 16 6 6 4 9 28 9 6 8 6 9 13 21 0 9 21 9
split_gain=11.7075 51.7887 49.022 51.494 39.1959 59.711 45.6469 44.9453 81.659 34.6978 38.7965 33.5655 30.8036 30.6779 29.6757 36.1889 22.3541 21.4175 18.9913 18.6539 18.4299 47.2982 35.5759 17.593 49.2834 91.1275 71.541 50.8721 55.4963 44.1697
threshold=1.0000000180025095e-35 1.0000000180025095e-35 1.5000000000000002 23.500000000000004 24.500000000000004 1.0000000180025095e-35 23.700000000000003 10.350000000000003 12.050000000000002 1.5000000000000002 39.500000000000007 0.11000000000000004 14.500000000000002 1.0000000180025095e-35 12.450000000000001 21.750000000000004 1.7650000000000003 5.4500000000000011 28.500000000000004 10.850000000000003 31.250000000000004 8.2500000000000018 38.350000000000001 12.15 1.0000000180025095e-35 0.64600000000000013 5.5000000000000009 11.950000000000001 0.52250000000000008 6.4500000000000011
decision_type=2 2 2 2 2 2 2 2 2 2 8 8 10 2 2 2 2 2 8 2 2 2 2 2 2 10 2 2 8 2
left_child=1 4 3 20 5 13 -7 9 11 12 -11 -9 -6 19 -5 -16 -10 -15 -4 -1 21 -3 -22 24 27 26 -26 28 -2 -27
right_child=23 2 18 14 7 6 -8 8 16 10 -12 -13 -14 17 15 -17 -18 -19 -20 -21 22 -23 -24 -25 25 29 -28 -29 -30 -31
leaf_value=0.028899913412436164 0.019905308731036481 -0.055227406893436762 0.025497231436667135 -0.057232640546193217 -0.040513945025193593 -0.058359331570117259 0.041726133589675266 0.010033052375427492 -0.034083804469915317 -0.053441101684207098 0.097785735228062609 0.067121797475154163 0.034341056092501925 0.027019251274633272 0.10190860326878615 0.028341551342303758 0.047635800034603083 -0.052940150767905474 -0.055203868747478457 0.081648451949677542 -0.054116183704783688 0.066295866067128437 0.0064077836253385772 0.00073188235512810032 -0.024885984105529019 0.14283419479758072 0.047564171461261621 -0.013594535873668063 -0.010030574417819313 0.018071461920464462
leaf_weight=31.009657129645348 459.62331786565483 12.165123030543326 9.4412386044859868 9.5690761506557447 190.63709897943772 37.156822616234422 16.429543152451515 61.024088367819786 101.55156512279063 7.029217496514323 10.692141512408851 44.539404544979334 14.811361914500592 26.233598008751869 17.592052673920989 335.93522491841577 9.1199900358915311 12.301956616342066 31.996557667851448 36.47519251704216 39.605570326559246 23.424866817891598 62.743624094873667 3602.3168109100079 670.5535406449344 7.5728139877319327 35.897577754221857 348.60570496646687 233.45280990283936 112.21096242405474
leaf_count=209 4620 103 65 88 2888 344 73 547 909 163 60 279 114 166 186 2716 51 86 463 195 266 134 338 26957 8305 53 219 3134 2854 721
internal_value=-0.000348855 0.00425702 0.0154483 0.0197709 -0.00587798 0.0153437 -0.0276732 -0.0135864 0.00265913 -0.0293271 0.0378013 0.03412 -0.0351174 0.0370859 0.0296507 0.0320024 -0.0273496 0.00149329 -0.0368168 0.0574102 -0.00623558 0.0247576 -0.0170129 -0.00130997 -0.00524773 -0.0143669 -0.0212045 0.00198539 0.00982183 0.025959
internal_weight=6611.72 1141.48 542.473 501.036 599.012 159.607 53.5864 439.405 216.235 223.17 17.7214 105.563 205.448 106.02 363.096 353.527 110.672 38.5356 41.4378 67.4848 137.939 35.59 102.349 5470.23 1867.92 826.235 706.451 1041.68 693.076 119.784
internal_count=57306 10443 4359 3831 6084 1073 417 5011 1786 3225 223 826 3002 656 2990 2902 960 252 528 404 841 237 604 46863 19906 9298 8524 10608 7474 774
is_linear=0
shrinkage=0.05


Tree=176
num_leaves=31
num_cat=0
split_feature=0 14 1 18 9 6 15 15 1 1 0 30 9 30 30 7 30 30 8 3 28 14 3 7 13 5 30 28 1 28
split_gain=8.16936 8.49801 42.177 68.037 109.18 54.7467 50.4017 39.2313 39.6402 39.1265 61.2773 43.6247 40.2347 39.9602 34.3544 26.2722 25.7151 49.7273 38.129 24.8539 24.642 30.5291 24.3511 24.2898 31.7125 22.1487 6.6461 9.55376 3.67183 0.383289
threshold=9.5000000000000018 1.0000000180025095e-35 4.5000000000000009 1.5000000000000002 12.15 67.050000000000011 1.5000000000000002 1.5000000000000002 3.5000000000000004 7.5000000000000009 1.5000000000000002 36.500000000000007 9.7500000000000018 37.500000000000007 13.500000000000002 21.000000000000004 56.500000000000007 38.500000000000007 9.9000000000000021 0.65950000000000009 35.500000000000007 1.5000000000000002 0.77550000000000019 21.000000000000004 1.0000000180025095e-35 2.5000000000000004 80.500000000000014 77.500000000000014 3.5000000000000004 25.500000000000004
decision_type=2 2 2 8 2 2 2 2 2 2 2 2 2 2 2 2 2 2 2 2 8 2 2 2 2 2 2 8 2 10
left_child=1 7 3 4 6 -6 -3 8 16 12 19 -12 15 -14 -10 -4 17 -1 -18 -11 28 -22 -16 24 25 -9 29 -28 -5 -25
right_child=-2 2 9 20 5 -7 -8 23 14 10 11 -13 13 -15 22 -17 18 -19 -20 -21 21 -23 -24 26 -26 -27 27 -29 -30 -31
leaf_value=-0.0030657494762901505 -0.054573351570669004 0.017129477260372384 0.017855051142034277 -0.026953951503848463 0.073741545559852836 -0.01929843016529223 -0.032688455056539216 -0.039443768628510636 0.09912152662708687 0.068195184976317033 -0.054192853347251074 0.0025633922216190021 0.0036436362545389425 -0.023960766007305456 0.0038938789329140155 0.13450635772785724 0.079482635710487234 -0.02610866808373933 0.0013800454531593424 -0.005180283979398047 -0.008704230508085024 0.048630598557033028 -0.0091134737686735696 -0.068191873734825395 -0.057461103341537201 0.053360317034832454 -0.058000238523173278 0.072289248036708539 -0.053135525821361343 -0.058318615466760794
leaf_weight=654.77265265677124 6.9095274601131669 286.6519853034988 16.286032791249458 29.191260440275073 117.26128327846527 18.275111705064774 61.698579858988523 9.2435881197452563 9.1371736973524076 49.13043974339962 35.086799450218678 965.72078499360941 196.49087627977133 393.96082053845748 2494.983320942265 6.8598549813032141 18.185074154287577 364.4505207054317 111.07105318503454 15.083889022469519 167.88880668859929 26.943642675876617 420.45228514587507 13.721870234236119 18.851787125691772 21.115506255067885 3.4293705360032609 2.3858902179636061 24.74201363325119 34.656110875308514
leaf_count=4902 176 2320 202 242 595 155 986 108 40 242 217 9454 1131 3668 18661 56 156 6082 1501 88 1039 135 3957 82 273 138 70 63 189 329
internal_value=-0.000234282 -0.000177289 0.00218613 0.0121956 0.0231205 0.0611965 0.00830591 -0.00154181 -0.000769677 -0.00218262 0.00361156 0.000573604 -0.0122396 -0.0147746 0.00232139 0.0524275 -0.008641 -0.0113054 0.0123683 0.0509594 -0.00905493 -0.00077532 0.00201801 -0.0319558 -0.00652531 0.0251038 -0.0550483 -0.00454496 -0.0389648 -0.0611191
internal_weight=6594.64 6587.73 2411.27 732.653 483.887 135.536 348.351 4176.46 4073.05 1678.62 1065.02 1000.81 613.598 590.452 2924.57 23.1459 1148.48 1019.22 129.256 64.2143 248.766 194.832 2915.44 103.404 49.2109 30.3591 54.1932 5.81526 53.9333 48.378
internal_count=57257 57081 20719 5661 4056 750 3306 36362 35299 15058 10001 9671 5057 4799 22658 258 12641 10984 1657 330 1605 1174 22618 1063 519 246 544 133 431 411
is_linear=0
shrinkage=0.05


Tree=177
num_leaves=31
num_cat=0
split_feature=5 13 14 1 4 4 29 4 4 29 2 8 27 1 15 1 3 4 1 5 1 2 29 3 27 29 1 29 8 29
split_gain=9.19296 38.24 39.0966 33.0806 44.9115 32.9314 37.522 30.4012 27.3251 48.1303 39.2794 33.1503 30.8117 30.4884 56.5816 34.6405 28.7392 24.8821 22.2917 20.5194 38.5685 62.044 44.0817 70.9559 43.992 35.3599 35.87 34.3959 23.4882 33.0264
threshold=1.0000000180025095e-35 1.0000000180025095e-35 1.5000000000000002 5.5000000000000009 0.91500000000000015 0.7350000000000001 48.500000000000007 0.015000000000000001 0.045000000000000005 5.5000000000000009 3.5000000000000004 12.700000000000001 36.150000000000013 3.5000000000000004 1.5000000000000002 4.5000000000000009 0.59650000000000014 0.59500000000000008 2.5000000000000004 1.5000000000000002 8.5000000000000018 4.5000000000000009 10.500000000000002 0.84800000000000009 32.45000000000001 14.500000000000002 11.500000000000002 30.500000000000004 10.600000000000001 24.500000000000004
decision_type=2 2 2 2 2 2 10 2 2 10 2 2 2 2 2 2 2 2 2 2 2 2 10 2 2 10 2 10 2 10
left_child=1 8 3 4 7 17 -7 -3 9 13 11 18 -13 14 -1 -15 -12 -5 -10 20 21 28 -23 -24 25 26 -22 -27 -2 -30
right_child=19 2 -4 5 -6 6 -8 -9 10 -11 16 12 -14 15 -16 -17 -18 -19 -20 -21 24 22 23 -25 -26 27 -28 -29 29 -31
leaf_value=0.0010720739449018831 0.0090351880797616274 0.029337321360516068 -0.03433629216311531 0.053197403094439655 0.076404463879101076 -0.058595531786572563 0.11347724586858735 0.00048316143996425813 -0.02729201243690756 -0.047624686839444014 -0.053986239147666794 -0.048549893534463671 0.0177443892183894 0.10774730591370607 0.10107241932451615 -0.015573171099104067 0.03418538610223032 0.14586296575553323 0.032416396097416297 0.00085812222973526738 0.057211467640341879 -0.053011552369859577 -0.050033737448876986 0.083385308992051557 -0.043800874254010164 -0.054773015338974218 -0.016533413412026032 0.041064125101497692 -0.0064694686044038541 -0.054683311469461364
leaf_weight=230.35416996479034 244.62420650664717 131.03528637066483 39.741926082409918 20.317033352330331 26.407713377848268 10.058072451502083 4.6248768270015708 300.94960870314389 30.039888329803944 37.831652976572514 11.270644694566725 129.17128198314458 20.278304347768426 16.434675149619583 15.070761242881415 8.7137060835957509 51.340567611157894 11.258475679904221 32.591702053323388 3909.1762894783169 83.544986279681325 120.52593513787724 23.238639019429684 17.447198987007141 25.464782867580652 21.784887174144387 20.544443793129176 16.417937273159623 949.72996961791068 36.898669255897403
leaf_count=1946 1963 762 531 119 164 155 20 2588 274 568 136 1710 466 78 90 71 422 54 241 31263 529 1551 332 125 286 215 153 159 9650 697
internal_value=-0.000229214 0.00388173 0.0134116 0.0171718 0.0131051 0.0574699 -0.00439556 0.00923558 -0.00501557 0.00519955 -0.0164844 -0.0267575 -0.0395546 0.0125855 0.00721278 0.0650178 0.0183136 0.086238 0.00377855 -0.00107667 -0.00592433 -0.00865294 -0.0378207 0.00718 0.0167245 0.0275561 0.0426562 -0.0135863 -0.00483391 -0.00827261
internal_weight=6596.89 1127.49 544.393 504.651 458.393 46.2585 14.6829 431.985 583.097 308.405 274.692 212.081 149.45 270.573 245.425 25.1484 62.6112 31.5755 62.6316 5469.4 1560.22 1392.46 161.212 40.6858 167.757 142.292 104.089 38.2028 1231.25 986.629
internal_count=57318 10395 4393 3862 3514 348 175 3350 6002 2753 3249 2691 2176 2185 2036 149 558 173 515 46923 15660 14318 2008 457 1342 1056 682 374 12310 10347
is_linear=0
shrinkage=0.05


Tree=178
num_leaves=31
num_cat=0
split_feature=5 28 30 15 11 1 15 23 25 8 30 1 21 1 3 9 3 9 15 4 8 19 4 4 23 28 27 4 30 11
split_gain=11.8042 29.3023 24.8107 45.7537 66.5654 29.9175 26.6674 26.4409 31.6761 26.9532 19.9428 23.8081 22.1093 39.9917 39.7521 50.7368 35.166 26.7688 29.7771 45.3934 41.2283 22.2106 41.6661 23.1533 20.9001 31.6552 20.9692 5.07945 3.68016 2.13255
threshold=1.0000000180025095e-35 11.000000000000002 44.500000000000007 1.5000000000000002 4.5000000000000009 2.5000000000000004 1.0000000180025095e-35 1.5000000000000002 0.075000000000000025 12.250000000000002 14.500000000000002 2.5000000000000004 -0.18349999999999997 5.5000000000000009 0.71000000000000008 13.750000000000002 0.82850000000000013 7.3500000000000005 1.0000000180025095e-35 0.29500000000000004 17.950000000000003 0.15999999999999984 0.37500000000000006 0.63500000000000012 3.5000000000000004 48.500000000000007 39.500000000000007 1.8150000000000002 12.500000000000002 2.0000000000000004
decision_type=2 8 2 2 2 2 2 2 2 2 2 2 10 2 2 2 2 2 2 2 2 10 2 2 2 10 2 2 2 2
left_child=1 -1 7 4 5 -4 -6 8 9 -3 11 28 13 21 15 -15 -16 18 20 -20 -14 23 -23 -12 26 -26 -19 -5 -2 -13
right_child=10 2 3 27 6 -7 -8 -9 -10 -11 12 29 17 14 16 -17 -18 24 19 -21 -22 22 -24 -25 25 -27 -28 -29 -30 -31
leaf_value=-0.056957178905310504 -0.038116852837890326 -0.0071798859044369685 -0.044098507317956163 -0.05232640383749914 -0.015761740754203502 -0.0017058085581186527 0.055327943342059038 -0.051597083035092056 0.10692733393293899 0.016100126230392173 -0.020530105747459493 0.082751979247532872 0.024955063220709867 -0.04529226021117596 -0.064534923019379811 0.022922110454175675 0.0044650976414309512 -0.0015851893390768541 0.051130291457614857 -0.018080565081736617 -0.039988544017890898 0.072195841715818512 -0.035649164904680779 0.020954405283370857 0.027319540890599143 -0.022738385746575718 -0.05366766043932103 -0.0055304847555441615 0.0089032725157258703 0.05117824447783581
leaf_weight=19.274595376104116 6.7893227897584465 160.61770658940077 53.851460603065789 49.599402410909534 16.531522827222943 183.20513235311955 65.301360626704991 16.72314171679318 8.68197353184223 550.35802321135998 570.42074867361225 12.274684496223928 55.401398389134556 30.956279655918479 33.630557430442423 228.2368078129366 40.950539380311966 4030.5051365888212 91.082362040877342 32.019544419134036 43.725239207502455 19.367220973595977 16.660820547025651 35.741679270286113 136.12775280734058 41.122470263391733 19.418924268335104 6.5665544718503943 10.751100506633518 9.4769461229443532
leaf_count=236 56 1071 1273 850 132 2100 497 421 39 3736 5452 62 513 323 257 1296 362 32410 964 660 903 112 141 239 1993 904 144 99 77 51
internal_value=-0.000485835 0.0041644 0.00522437 -0.00524331 0.00208581 -0.011336 0.0409667 0.0105558 0.0120001 0.0108409 -0.00144803 0.0340451 -0.00170508 -0.00852026 0.00551898 0.014775 -0.0266488 -0.00021019 0.0167043 0.0331281 -0.00369188 -0.0158171 0.022324 -0.018084 -0.00109941 0.015706 -0.00183492 -0.0468553 -0.00929668 0.0689957
internal_weight=6595.37 1130.71 1111.44 375.055 318.889 237.057 81.8329 736.381 719.658 710.976 5464.66 39.2921 5425.37 975.965 333.774 259.193 74.5811 4449.4 222.229 123.102 99.1266 642.19 36.028 606.162 4227.17 177.25 4049.92 56.166 17.5404 21.7516
internal_count=57373 10454 10218 4951 4002 3373 629 5267 4846 4807 46919 246 46673 8182 2238 1619 619 38491 3040 1624 1416 5944 253 5691 35451 2897 32554 949 133 113
is_linear=0
shrinkage=0.05


Tree=179
num_leaves=31
num_cat=0
split_feature=30 5 2 21 3 14 2 1 1 8 0 16 0 10 14 9 9 1 4 28 19 8 4 30 30 4 13 7 5 28
split_gain=11.3513 16.0577 30.5394 30.6281 34.7545 37.6435 26.7369 20.5072 20.4516 20.075 18.1806 17.2869 23.7582 21.5723 18.5581 17.5619 26.1364 25.9407 12.4055 11.4445 57.518 35.5149 42.309 45.5122 42.4848 26.4224 18.8348 16.9679 28.5035 25.9028
threshold=72.500000000000014 2.5000000000000004 3.5000000000000004 -1.0000000180025095e-35 0.29300000000000004 -1.0000000180025095e-35 5.5000000000000009 4.5000000000000009 17.500000000000004 20.550000000000004 7.5000000000000009 1.0000000180025095e-35 5.5000000000000009 3.0500000000000003 -1.0000000180025095e-35 12.800000000000002 5.5500000000000007 9.5000000000000018 3.7800000000000007 22.500000000000004 0.090000000000000011 18.700000000000006 0.54500000000000015 29.500000000000004 64.500000000000014 0.91500000000000015 1.0000000180025095e-35 4.5000000000000009 2.5000000000000004 19.500000000000004
decision_type=2 2 2 10 2 2 2 2 2 2 2 2 2 2 2 2 2 2 2 8 8 2 2 2 2 2 2 2 2 10
left_child=19 9 3 -3 7 -6 -4 -5 10 11 -8 15 13 -13 -14 16 -2 -17 -10 20 21 22 23 -1 -24 -23 -27 28 29 -22
right_child=1 2 6 4 5 -7 8 -9 18 -11 -12 12 14 -15 -16 17 -18 -19 -20 -21 27 25 24 -25 -26 26 -28 -29 -30 -31
leaf_value=-0.018558322923802516 0.083124899333953256 -0.055997842551580905 -0.034237317660867315 0.083982121129478865 0.11781908038359296 0.022876392619189317 0.0040422088086945569 -0.046077944368836027 -0.040627102995010884 -0.052937542657496298 0.086568014782297698 -0.0023766073256481762 0.129329984908155 -0.05260212448636329 -0.025398452561943216 0.060502768735380325 -0.039219970163681173 -0.059101059435959391 0.049001423437211006 0.0015013754418361032 -0.061169663854826542 0.073434179750920439 -0.050974848807871509 0.041881730672865915 0.06289287806661302 -0.053473320851519929 0.057037773583166446 -0.045623792850398123 0.071982058015976694 0.052443583952721418
leaf_weight=56.856948848813772 5.3432301972061422 9.0297126388177258 70.585599048761651 3.9152911640703705 19.691900386475027 22.221329557709396 209.91828208789229 13.416246791370211 37.708998816553503 34.348537453217432 6.8928715195506802 37.153761893510818 4.3025422096252441 50.353032290469855 3.5261074667796484 23.943054908886555 23.851073579862714 5.5923614916391662 4.3010026868432751 5620.3469453548314 19.131833888590339 30.487015269696712 57.258868188597262 68.881468052044511 9.559257773216812 9.0330059677362424 6.7267836034297934 93.801531599834561 8.9799915552139264 6.79993887618184
leaf_count=391 82 174 918 25 120 226 2583 229 739 930 66 529 19 994 101 194 414 103 46 45112 130 136 835 564 86 195 44 1276 44 59
internal_value=0.000292385 -0.00634857 -0.000651968 0.0297828 0.0428569 0.0674829 -0.00696002 -0.0166966 0.000479032 -0.0183723 0.00666587 -0.010666 -0.0238116 -0.0312773 0.0596386 0.010673 -0.016828 0.0378565 -0.0314509 0.000942405 -0.00760581 0.00691614 -0.00253353 0.0145517 -0.0346845 0.0462615 -0.00630364 -0.0345486 -0.00479141 -0.0313775
internal_weight=6573.96 586.095 397.681 68.2745 59.2448 41.9132 329.407 17.3315 258.821 188.414 216.811 154.065 95.3354 87.5068 7.82865 58.7297 29.1943 29.5354 42.01 5987.86 367.517 238.803 192.557 125.738 66.8181 46.2468 15.7598 128.713 34.9118 25.9318
internal_count=57364 8492 5126 774 600 346 4352 254 3434 3366 2649 2436 1643 1523 120 793 496 297 785 48872 3760 2251 1876 955 921 375 239 1509 233 189
is_linear=0
shrinkage=0.05


Tree=180
num_leaves=29
num_cat=0
split_feature=26 25 26 27 23 2 5 25 28 25 4 4 28 14 30 20 4 29 30 26 3 6 9 23 5 19 27 27
split_gain=9.3685 9.95239 13.7151 25.2759 17.3546 48.0589 12.9311 9.77705 8.42118 7.88284 17.8455 13.338 14.9867 12.7232 6.44461 6.09559 5.25565 3.72117 1.74083 1.19326 0.419667 0.125001 0.108707 0.0508191 0.0412823 0.0137208 0.0031815 0.000206071
threshold=6.5000000000000009 0.49500000000000005 3.5000000000000004 52.750000000000007 3.5000000000000004 2.5000000000000004 1.0000000180025095e-35 0.63500000000000012 54.500000000000007 0.77500000000000013 0.16500000000000004 0.38500000000000006 51.500000000000007 -1.4999999999999998 64.500000000000014 1.0000000180025095e-35 1.3350000000000002 9.5000000000000018 68.500000000000014 4.5000000000000009 0.48700000000000004 41.350000000000001 9.4500000000000011 4.5000000000000009 5.5000000000000009 0.094999999999999876 51.250000000000007 81.350000000000009
decision_type=2 2 2 2 2 2 2 2 8 2 2 2 10 2 2 10 2 8 2 2 2 2 2 2 2 10 2 2
left_child=1 2 3 4 6 -6 -1 19 15 11 13 14 -13 -11 -9 -4 -12 -2 22 24 -5 -10 27 -22 26 -23 -3 -19
right_child=17 7 8 20 5 -7 -8 9 21 10 16 12 -14 -15 -16 -17 -18 18 -20 -21 23 25 -24 -25 -26 -27 -28 -29
leaf_value=0.0047850788679385768 -0.012868945670442703 -0.053594996454872472 0.025916352523890674 -0.074180949372352242 -0.051270956858897265 0.037213046976773516 -0.0012187423234516928 -0.050768700432034256 0.046833592281059828 0.035607236378956637 -0.052217505945999082 0.070605425988458898 -0.032960873083400392 -0.03278022533103496 0.081387915393488192 -0.060611199746884781 0.0074396260951469315 0.053099081294856444 0.010522203318256994 -0.016548676479681359 -0.059100456718883559 0.058275443230589766 0.063987743967416619 -0.052972849579270065 -0.058154902710136173 0.054979172929900823 -0.051696609781997555 0.052608139100400887
leaf_weight=1083.7384211323224 3.1163492482155588 5.2197597017511743 5.8926310725510138 3.8000665456056621 18.866736492142081 82.224676895420998 5200.7314391129185 7.8136075502261537 3.6086000539362457 18.130113760940731 27.616881477064457 12.030549927614631 4.9222572322469196 10.884128507226707 1.0459732562303541 3.1094165234826505 4.2615107996389261 4.9482226446270925 2.6096390953753135 2.342606841120868 5.6824347786605349 9.9396165162324888 2.9530798606574526 8.3641315887216461 5.950150240212678 4.6264392100274554 3.823743112385273 3.7628843709826469
leaf_count=9287 53 101 92 18 383 725 42396 413 81 220 1615 92 169 394 7 52 119 92 77 72 54 95 26 280 52 72 152 80
internal_value=-1.91082e-05 -0.000116643 0.000131557 -1.88746e-05 0.000147197 0.0206992 -0.000183401 -0.0154574 0.0355763 -0.00860364 -0.0184193 0.014552 0.0405349 0.00995301 -0.0351661 -0.00397131 -0.0442425 0.036631 0.0474382 -0.0497354 -0.0594397 0.0551646 0.0556974 -0.0554517 -0.0549204 0.0572285 -0.0527923 0.052887
internal_weight=6552.02 6534.63 6430.58 6403.41 6385.56 101.091 6284.47 104.041 27.1767 86.705 60.8926 25.8124 16.9528 29.0142 8.85958 9.00205 31.8784 17.3902 14.2738 17.3363 17.8466 18.1747 11.6642 14.0466 14.9937 14.5661 9.0435 8.71111
internal_count=57269 56941 53535 53143 52791 1108 51683 3406 392 3029 2348 681 261 614 420 144 1734 328 275 377 352 248 198 334 305 167 253 172
is_linear=0
shrinkage=0.05


Tree=181
num_leaves=31
num_cat=0
split_feature=10 4 4 30 14 5 9 19 30 1 0 14 8 28 29 0 1 28 14 1 9 14 3 5 7 9 1 5 0 13
split_gain=8.16152 41.3003 72.6268 64.0626 61.0445 54.9002 58.2948 41.455 36.8087 40.0221 39.8402 29.5535 50.4045 65.9393 45.2978 68.9299 40.0109 38.8315 29.2138 94.7944 60.0357 68.7561 99.7038 72.0343 55.823 42.8368 80.9541 52.8479 57.2926 55.5186
threshold=4.0500000000000007 0.35500000000000004 0.36500000000000005 38.500000000000007 -1.0000000180025095e-35 1.5000000000000002 6.7500000000000009 0.09999999999999995 66.500000000000014 6.5000000000000009 2.5000000000000004 -1.0000000180025095e-35 12.250000000000002 24.500000000000004 14.500000000000002 1.5000000000000002 4.5000000000000009 36.500000000000007 -1.0000000180025095e-35 3.5000000000000004 12.65 -1.4999999999999998 0.72900000000000009 2.5000000000000004 11.000000000000002 13.750000000000002 8.5000000000000018 1.0000000180025095e-35 2.5000000000000004 1.0000000180025095e-35
decision_type=2 2 2 2 2 2 2 10 2 2 2 2 2 10 10 2 2 8 2 2 2 2 2 2 2 2 2 2 2 2
left_child=18 5 3 -3 -5 7 -7 -2 9 -8 -10 14 13 -13 16 -16 -4 -14 19 -1 -21 23 -23 -22 -20 27 -27 28 -26 -29
right_child=1 2 11 4 -6 6 8 -9 10 -11 -12 12 17 -15 15 -17 -18 -19 24 20 21 22 -24 -25 25 26 -28 29 -30 -31
leaf_value=-0.0092964810549481906 -0.041264192691121152 -0.030268177268673282 0.019087220565287662 -0.023575911202744181 0.11923008534236818 0.084368000383980082 -0.031422087051890271 0.012552901020514215 0.046422588471388943 0.008781480647377795 -0.061844545058441107 -0.056213927903648313 -0.0071509743292028534 0.0083482781340444411 -0.054730741080364131 0.050281123786495067 -0.020980413222903949 0.0094200821681731176 0.0052047172125998025 -0.0019414013827689419 0.03397943425422835 0.060246079917270469 0.00013503501549284237 -0.029717816581836583 0.095806461880235311 -0.032157432561095219 0.0043918169640493323 0.016871797380971294 -0.043730475613566362 -0.030922111436396872
leaf_weight=490.11024813400581 203.8717205801513 15.858915403485296 72.181877000257373 9.6405860334634763 33.44203145056963 18.976681865751743 145.50823232531548 43.400556354783475 51.819979405496269 107.73676461726427 10.163612005300818 80.569580464158207 485.37065756483935 77.67654666560702 20.810061467345804 62.739979449659586 455.39556362235453 1301.487650217372 1200.8347685532644 233.20731038600206 93.298900003544986 230.50798162352294 98.444185357540846 84.660998760722578 28.370686922222376 398.97954108938575 244.25265948916785 142.76799075677991 9.9314721561968309 105.78406470827758
leaf_count=5660 2851 71 949 99 149 97 1066 347 480 726 119 826 5148 758 327 568 3989 10914 8806 1983 642 1373 619 706 160 2943 2568 1097 195 1074
internal_value=-9.58247e-05 -0.00190455 0.00077533 0.0556482 0.0872744 -0.0139572 -0.000742076 -0.0318184 -0.00586568 -0.0143185 0.0286697 -0.000489928 0.00252356 -0.024523 -0.0100813 0.0241255 -0.0154985 0.00491883 0.00162438 0.00775932 0.0190538 0.0287127 0.0422569 0.00367669 -0.00191746 -0.0111129 -0.0182787 0.00495539 0.0596255 -0.00346935
internal_weight=6557.8 3196.65 2615.17 58.9415 43.0826 581.478 334.205 247.272 315.229 253.245 61.9836 2556.23 1945.1 158.246 611.127 83.55 527.577 1786.86 3361.15 1230.23 740.119 506.912 328.952 177.96 2130.92 930.086 643.232 286.854 38.3022 248.552
internal_count=57310 29484 23798 319 248 5686 2488 3198 2391 1792 599 23479 17646 1584 5833 895 4938 16062 27826 10983 5323 3340 1992 1348 16843 8037 5511 2526 355 2171
is_linear=0
shrinkage=0.05


Tree=182
num_leaves=31
num_cat=0
split_feature=26 23 6 3 19 19 14 30 16 30 3 9 16 9 5 29 9 6 25 19 25 13 28 29 22 4 3 19 6 17
split_gain=9.51663 24.8219 10.4644 9.43818 10.0107 12.5081 9.39723 9.83775 35.7467 29.4882 22.9753 22.8975 20.8049 15.7809 9.07271 5.92067 8.89415 6.47681 3.47201 3.40186 0.0110537 0.00498514 0.00295703 0.00151788 0.00119594 0.000828218 0.000541964 0.000430919 0.000420263 0.000282484
threshold=3.5000000000000004 6.5000000000000009 22.250000000000004 0.82850000000000013 0.01999999999999998 0.094999999999999876 3.5000000000000004 45.500000000000007 2.5000000000000004 44.500000000000007 0.88200000000000012 11.850000000000003 1.0000000180025095e-35 11.950000000000001 5.5000000000000009 9.5000000000000018 12.950000000000001 53.750000000000007 1.0450000000000002 0.029999999999999992 0.6150000000000001 1.0000000180025095e-35 44.500000000000007 1.0000000180025095e-35 4.5000000000000009 0.93500000000000016 0.24050000000000002 0.17000000000000001 16.350000000000005 1.0000000180025095e-35
decision_type=2 2 2 2 10 10 2 2 2 2 2 2 2 2 2 8 2 2 2 10 2 2 10 8 2 2 2 8 2 8
left_child=1 6 24 4 15 19 7 8 9 -1 11 -9 -12 -10 20 16 -4 -17 -7 -6 21 26 -23 -8 -2 -25 -3 -22 -26 -5
right_child=2 14 3 29 5 18 23 10 13 -11 12 -13 -14 -15 -16 17 -18 -19 -20 -21 27 22 -24 25 28 -27 -28 -29 -30 -31
leaf_value=0.0025417379511323565 -0.053196154289242917 -0.052573717701480296 -0.044331511453590294 -0.050513285214784182 0.0036599686861150493 0.044336342217001369 -0.05353516752930855 0.01200577367821698 -0.003369490155014308 -0.0066443349167276851 0.0022635374884410748 0.00076725060233048359 -0.040621413099032937 -0.057871614741938984 0.010748609970537493 0.048017171142065586 0.037718127650698811 -0.025458678311959654 -0.011959252885938734 -0.052444567602167008 -0.050773177039405828 -0.053842003242833184 -0.051947332512544103 -0.052704215624051032 -0.052052494692399309 -0.051454983320672748 -0.051316022964391472 -0.051612569609462956 -0.051020740064634862 -0.051752172667652113
leaf_weight=2302.3996403333731 1.4910130240023125 1.052032142877583 5.4107135832309714 4.0577974182087919 3.7572987247258451 10.944539247080682 1.4424131801351876 592.52042917115614 19.844230337068439 1407.8191089462489 55.424073360860348 1927.814021199476 57.748095666291192 40.159426561556756 7.0927539812400928 43.428935811854899 8.4782655201852304 3.2217410283628842 3.653052757959812 9.6183158806525153 12.846280904021111 8.3324378253892046 2.7353821068536499 1.7524732782039798 1.9642159352079036 5.4619988058693707 4.6101449357811362 1.73556322650984 1.9838003516197202 0.51896426640450943
leaf_count=14707 31 23 53 488 93 171 34 5897 402 13903 614 15840 1003 555 97 639 109 149 128 193 1180 145 105 63 56 249 255 67 110 30
internal_value=3.38715e-08 -0.000235519 0.015422 0.0193607 0.0229809 -0.0017561 4.5096e-06 7.48856e-05 -0.00156301 -0.000943859 0.00241975 0.00340938 -0.0196193 -0.0398468 -0.0403129 0.034411 0.00575414 0.0429429 0.0302483 -0.0366844 -0.0518793 -0.0527564 -0.0533737 -0.0520545 -0.0519897 -0.0517584 -0.0515497 -0.0508731 -0.0515341 -0.0506538
internal_weight=6549.32 6450.79 98.5287 93.0896 88.5129 27.9732 6412.39 6403.73 3770.22 3710.22 2633.51 2520.33 113.172 60.0037 38.4046 60.5397 13.889 46.6507 14.5976 13.3756 31.3118 16.73 11.0678 8.65689 5.43903 7.21447 5.66218 14.5818 3.94802 4.57676
internal_count=57389 55139 2250 2053 1535 585 53267 52921 29567 28610 23354 21737 1617 957 1872 950 162 788 299 286 1775 528 250 346 197 312 278 1247 166 518
is_linear=0
shrinkage=0.05


Tree=183
num_leaves=31
num_cat=0
split_feature=28 4 28 14 18 6 4 5 28 2 0 28 28 5 8 4 6 28 5 15 29 29 29 28 29 20 21 19 14 6
split_gain=11.6416 13.0958 18.0386 21.3254 23.6183 12.7628 15.0191 14.1871 12.4095 38.5206 12.5743 33.2034 31.1246 55.4738 26.2777 21.559 15.4887 11.79 11.693 10.6846 10.6778 8.84577 7.24725 6.27294 6.20455 5.38733 3.49743 3.35154 2.82493 0.871722
threshold=65.500000000000014 2.6650000000000005 71.500000000000014 1.5000000000000002 1.5000000000000002 95.15000000000002 1.0650000000000002 5.5000000000000009 64.500000000000014 5.5000000000000009 3.5000000000000004 59.500000000000007 53.500000000000007 5.5000000000000009 20.700000000000006 1.1850000000000003 58.250000000000007 75.500000000000014 2.5000000000000004 1.5000000000000002 6.5000000000000009 1.0000000180025095e-35 1.0000000180025095e-35 69.500000000000014 1.0000000180025095e-35 3.5000000000000004 0.15500000000000003 1.0000000180025095e-35 2.5000000000000004 85.850000000000009
decision_type=10 2 10 2 8 2 2 2 10 2 2 10 10 2 2 2 2 10 2 2 10 10 10 8 10 10 8 8 2 2
left_child=5 2 21 4 17 8 18 24 10 22 12 16 15 -14 -13 -1 -12 -4 -7 -11 -20 -2 -10 -3 -8 -9 -26 -21 -5 -23
right_child=1 23 3 28 -6 6 7 25 9 19 11 14 13 -15 -16 -17 -18 -19 20 27 -22 29 -24 -25 26 -27 -28 -29 -30 -31
leaf_value=0.00049803894320197921 -0.0015467797139054015 0.060605860746365883 0.042943726444264869 -0.05617159679177363 -0.05324235569529602 0.089992982369922744 0.020105961684117563 0.016899884576526532 0.03037022501187156 0.10263188765165682 -0.054230796047961244 0.046894374950767037 -0.039014028055379443 0.067123333467435084 -0.026211478239651517 0.018814986700432794 -0.0076795798167386608 -0.0029529131807105599 0.057450392147728735 0.057623858092207006 -0.021012860232415345 -0.056244690860506853 -0.053553123770250732 -0.0045451199791841819 -0.0012803905218423536 0.072197684676018128 -0.042040572171714682 -0.0010762256824310857 -0.011727920952627627 -0.034806865520743482
leaf_weight=5116.7743084098911 10.432421781122683 8.0933534931391442 31.166500554652885 18.147225652821366 12.647862633224575 10.803215935826303 8.778002033941446 11.051579289138319 3.3413220122456542 11.955617799423635 18.28444880945608 48.592889443039894 97.493038404267281 14.090173050761221 16.454278463497758 165.85007159877568 785.96533011319116 25.392475454602391 10.171595722436907 5.6715410333126783 7.5577458385378113 34.253744340036064 11.179324560333042 6.7978269029408702 7.7455256716348249 7.3230647565796962 16.41875568497926 4.2567829368636012 4.4527129004709414 5.5038774791173628
leaf_count=41644 68 72 210 254 267 59 60 92 19 64 188 229 1233 64 196 1754 8592 328 58 57 65 682 298 61 108 55 194 71 98 81
internal_value=-0.000288168 -0.0137439 -0.018422 -0.00524534 0.00852549 4.27284e-05 0.019907 0.00373751 -0.000209045 0.0288989 -0.000378226 -0.00595886 0.000521115 -0.0256115 0.0284016 0.00107311 -0.00873791 0.0223382 0.0489885 0.0707945 0.0240027 -0.0425244 -0.0342417 0.0308644 -0.0158969 0.0389384 -0.0289755 0.0324561 -0.0474152 -0.0532769
internal_weight=6536.65 156.888 141.997 91.8068 69.2068 6379.76 79.8495 51.3169 6299.91 36.4046 6263.5 869.297 5394.21 111.583 65.0472 5282.62 804.25 56.559 28.5326 21.8839 17.7293 50.19 14.5206 14.8912 32.9423 18.3746 24.1643 9.92832 22.5999 39.7576
internal_count=57221 2121 1988 1157 805 55100 691 509 54409 509 53900 9205 44695 1297 425 43398 8780 538 182 192 123 831 317 133 362 147 302 128 352 763
is_linear=0
shrinkage=0.05


Tree=184
num_leaves=31
num_cat=0
split_feature=30 19 8 6 6 6 13 0 19 15 30 7 13 19 10 28 29 7 8 28 0 25 4 28 8 1 4 29 5 4
split_gain=10.5174 9.73371 19.6636 11.7577 34.6304 16.9981 16.0304 16.0125 10.1938 8.62897 24.6942 30.2062 20.2786 37.9076 36.1174 26.2703 24.5972 18.9934 31.6456 31.2666 17.0116 26.15 30.2304 24.8607 28.0282 22.4671 11.1799 8.32299 15.4963 9.53833
threshold=75.500000000000014 0.0099999999999999273 20.700000000000006 70.050000000000011 53.050000000000004 30.550000000000004 1.0000000180025095e-35 4.5000000000000009 0.080000000000000057 2.5000000000000004 48.500000000000007 32.500000000000007 1.0000000180025095e-35 0.26000000000000006 14.950000000000001 50.500000000000007 24.500000000000004 29.000000000000004 24.300000000000004 69.500000000000014 4.5000000000000009 0.39500000000000007 0.74500000000000011 46.000000000000007 21.750000000000004 13.500000000000002 2.3250000000000006 18.500000000000004 7.5000000000000009 1.6950000000000001
decision_type=2 8 2 2 2 2 2 2 8 2 2 2 2 8 2 10 8 2 2 8 2 2 2 10 2 2 2 10 2 2
left_child=9 2 3 4 5 -2 -5 -8 -3 17 11 -11 14 26 -12 -15 -16 20 -19 -20 23 22 -22 25 -25 -1 -14 29 -29 -10
right_child=1 8 -4 6 -6 -7 7 -9 27 10 12 -13 13 15 16 -17 -18 18 19 -21 21 -23 -24 24 -26 -27 -28 28 -30 -31
leaf_value=0.0017568863795074865 -0.053367121250680216 -0.035518479087114543 -0.044426059101528526 0.054912431924015397 -0.044722867051003201 0.037595753516968408 0.035773855476628286 -0.041443449339237354 -0.0084592742539793108 -0.048618326001715194 -0.058076121519645058 0.034657754305992626 -0.031249471983915818 0.069271085412435027 -0.012203366002520463 0.0029491654678389708 0.057808073300543529 -0.045357112331586034 0.048161791479679736 -0.043766851447928933 -0.005070062599119577 -0.05878480462228957 0.029435220118588984 -0.026294230420535913 0.013934799559432026 -0.019653785850183743 0.0413975029392286 -0.04232444750678481 0.032706915960786863 0.029852373700168175
leaf_weight=5138.9608661904931 5.9612254393286994 46.511675036745146 19.823251005262136 26.17907216725871 30.370813071262091 37.093654157128185 14.492744927760215 12.508365469053386 120.76609896426089 59.178343988023698 33.072201622650027 13.344714116305111 35.631131086498499 35.394076976925135 47.943969721440226 25.825766356661916 16.99170877225697 56.246836666949093 24.287908934056759 14.938522224314509 102.15516960993409 12.092983695678411 167.64912091568112 165.360651191324 58.654635028447956 125.51838661171496 6.2204911187291136 36.26106882840395 8.4933261424303037 18.771401377394795
leaf_count=40778 176 872 606 211 623 472 176 212 1965 1097 374 88 565 225 311 256 132 1020 142 229 797 161 1543 1722 409 957 76 842 107 190
internal_value=-0.00010121 -0.00820466 0.00187886 0.00912903 -0.00383843 0.0250014 0.0270332 2.64996e-06 -0.014602 0.000396698 -0.00828271 -0.033295 0.000738436 0.0162218 -0.0155449 0.041293 0.00611652 0.000801533 -0.0213176 0.0131528 0.0011675 0.0131465 0.0163706 0.00055224 -0.0157609 0.0012464 -0.0204518 -0.00932305 -0.0280853 -0.00330537
internal_weight=6516.7 377.233 146.429 126.606 73.4257 43.0549 53.1802 27.0011 230.804 6139.47 273.602 72.5231 201.079 103.071 98.0079 61.2198 64.9357 5865.87 95.4733 39.2264 5770.39 281.897 269.804 5488.49 224.015 5264.48 41.8516 184.292 44.7544 139.538
internal_count=57334 6452 2476 1870 1271 648 599 388 3976 50882 3124 1185 1939 1122 817 481 443 47758 1391 371 46367 2501 2340 43866 2131 41735 641 3104 949 2155
is_linear=0
shrinkage=0.05


Tree=185
num_leaves=31
num_cat=0
split_feature=28 15 4 28 14 2 28 5 14 5 28 14 23 2 2 22 7 14 28 28 28 16 14 28 21 21 8 14 28 14
split_gain=10.5886 12.5877 13.9112 17.5532 12.7181 11.8916 10.6527 33.9304 30.6809 32.1158 18.3248 20.7395 31.0699 25.6855 17.3745 14.4812 13.4807 25.0044 21.4263 18.0878 56.6783 47.4537 11.1239 13.3024 9.53076 6.42899 4.28012 4.12896 3.8911 3.45925
threshold=65.500000000000014 1.0000000180025095e-35 2.3850000000000002 71.500000000000014 1.5000000000000002 11.500000000000002 60.500000000000007 2.5000000000000004 1.0000000180025095e-35 4.5000000000000009 48.500000000000007 1.0000000180025095e-35 1.5000000000000002 8.5000000000000018 12.500000000000002 3.5000000000000004 29.000000000000004 2.5000000000000004 40.500000000000007 43.500000000000007 42.500000000000007 1.0000000180025095e-35 -1.0000000180025095e-35 63.500000000000007 0.69050000000000011 0.17450000000000002 21.900000000000002 2.5000000000000004 69.500000000000014 1.0000000180025095e-35
decision_type=10 2 2 10 2 2 10 2 2 2 10 2 2 2 2 2 2 2 8 10 10 2 2 10 8 8 2 2 8 2
left_child=6 -2 3 -3 5 -5 10 14 22 -10 16 15 13 -13 29 -12 19 18 -18 20 -1 -21 23 -9 -11 -19 -24 -6 -4 -8
right_child=1 2 28 4 27 -7 7 8 9 24 11 12 -14 -15 -16 -17 17 25 -20 21 -22 -23 26 -25 -26 -27 -28 -29 -30 -31
leaf_value=0.00026594689513954141 0.072384924062020031 -0.045665434215391709 0.05249356054828902 0.0109634959024075 -0.052197857024513884 -0.060700850832531239 -0.02448015517914319 0.063119673740256441 -0.058856713859466551 0.014028337477499989 -0.050372699706324457 -0.0080515741958299605 -0.050754021521491069 0.041536008475114766 0.076258030213312303 0.03784646066759105 0.01167140644294401 0.061576919828757737 -0.043307151990633549 0.029313578186966446 -0.052558169707531924 -0.0023441808042886968 0.063054654510666622 -0.024462260931726931 0.076062648184648529 0.0038070365456831096 0.10262276419866737 0.0034082518089993486 -0.00059958892083994094 -0.057155985024444557
leaf_weight=5322.4288840291556 4.1578595675528041 46.427749192342162 8.5069300755858386 57.237797477515414 16.823870274238292 6.4399136221036306 23.585713946260512 10.690531954169275 14.96548521472141 25.155003702268008 47.474100759718567 105.44587487308308 31.460526228416711 34.710975723806769 3.8351679891347876 5.1570903677493325 24.365453043952584 10.237145520746708 64.990365743637085 190.88549614977092 51.269118094816804 311.60503387637436 18.726794805377722 7.2932675406336775 8.2131929099559731 9.0941431410610676 10.762221962213518 4.1648115711286655 5.8063192106783399 12.336129331495611
leaf_count=45109 23 807 95 719 257 63 382 70 185 177 595 1170 682 189 17 62 427 84 1129 1474 484 2264 97 79 37 78 44 90 54 232
internal_value=-0.000245523 -0.0133952 -0.015848 -0.0209582 -0.00740975 0.00371587 6.44583e-05 0.0139301 0.030044 0.00200235 -0.000238269 -0.0142709 -0.00585021 0.00422919 -0.0249013 -0.0417285 0.000287521 -0.017161 -0.0283157 0.000610251 -0.000238035 0.00968193 0.0585942 0.0276011 0.0292974 0.0343999 0.0774953 -0.0411639 0.0309558 -0.0357016
internal_weight=6494.25 149.565 145.407 131.094 84.6664 63.6777 6344.69 135.564 95.8065 48.3337 6209.12 224.249 171.617 140.157 39.757 52.6312 5984.88 108.687 89.3558 5876.19 5373.7 502.491 47.4728 17.9838 33.3682 19.3313 29.489 20.9887 14.3132 35.9218
internal_count=57175 2108 2085 1936 1129 782 55067 1320 689 399 53747 2698 2041 1359 631 657 51049 1718 1556 49331 45593 3738 290 149 214 162 141 347 149 614
is_linear=0
shrinkage=0.05


Tree=186
num_leaves=31
num_cat=0
split_feature=1 1 0 30 13 2 15 3 6 8 4 10 7 6 8 13 6 6 16 6 25 9 3 25 15 8 14 0 4 7
split_gain=8.61903 26.939 22.8535 22.6077 21.294 14.799 16.844 32.9941 22.3669 55.4656 43.312 31.224 23.8086 22.273 20.1803 30.5446 19.8493 15.7768 12.8385 26.8761 18.7179 18.53 20.1308 11.9152 11.7202 10.4768 12.4939 10.4062 9.78679 9.74174
threshold=13.500000000000002 14.500000000000002 6.5000000000000009 55.500000000000007 1.0000000180025095e-35 11.500000000000002 2.5000000000000004 0.69000000000000006 79.050000000000011 18.400000000000002 1.2750000000000001 12.050000000000002 29.000000000000004 67.450000000000017 25.550000000000001 1.0000000180025095e-35 77.050000000000011 71.050000000000011 1.0000000180025095e-35 68.350000000000009 0.33500000000000008 13.900000000000002 0.6100000000000001 0.37500000000000006 2.5000000000000004 15.950000000000001 1.5000000000000002 2.5000000000000004 1.0450000000000002 11.000000000000002
decision_type=2 2 2 2 2 2 2 2 2 2 2 2 2 2 2 2 2 2 2 2 2 2 2 2 2 2 2 2 2 2
left_child=5 2 24 4 -3 6 8 13 12 11 -11 -10 16 27 23 -16 -1 -15 19 -5 -21 -20 -23 -9 29 -6 -27 -8 -4 -2
right_child=1 3 28 18 25 -7 7 14 9 10 -12 -13 -14 17 15 -17 -18 -19 21 20 -22 22 -24 -25 -26 26 -28 -29 -30 -31
leaf_value=0.00055622404824353299 0.012704135272755782 -0.051358687506982185 0.081747143020438146 0.063394034077696074 0.09801159898160719 0.073292681144446481 0.042406920123820781 -0.055603756543116292 0.025813614058649171 0.032964827325593755 -0.014817319455249828 -0.03281694514272767 -0.035053855399331382 0.05967860506420547 -0.055192934408072686 0.031452211244591181 -0.022574460495269601 0.0069238325603675453 -0.055503194492738786 -0.045303960550548736 0.018874200655176102 0.026354082756056382 -0.012648106787564518 0.001681414780162177 0.034257420481860056 0.049223187788765041 -0.027391089837129758 -0.059556440875999407 -0.015841905986726287 -0.049552652326938673
leaf_weight=5351.6068419144722 6.8859462784603229 6.5671025812625876 5.8773975144140405 8.1715398365631682 7.7439777143299571 6.9308490753173819 3.0037023015320328 63.286746223922819 30.884733344428241 237.07071221945807 59.286235785810277 85.772318045143038 48.440439013298601 18.384871633723378 17.217415275517851 24.855281092692167 94.3844257555902 61.849437734577805 12.537736142054198 56.433908435050398 14.224865321302785 70.632276861928403 62.236000159522519 10.597315808758138 5.0793361086398354 25.516068184748292 6.7234682552516452 14.991534003987907 4.5641086427494884 71.823438791092485
leaf_count=44878 82 108 44 70 32 48 43 1108 210 1715 671 815 1018 103 310 321 832 594 261 892 192 550 678 133 46 191 57 266 115 725
internal_value=-0.000172848 -0.00763699 -0.0306632 0.000375824 0.0320842 0.000271716 0.000189043 -0.0135851 0.00068845 0.01191 0.023406 -0.0172946 -0.000155068 0.00773651 -0.031647 -0.00400559 0.000155346 0.019012 -0.00620672 -0.0224554 -0.0323838 0.00260235 0.00808531 -0.0473872 -0.0393556 0.0457893 0.0332455 -0.0425371 0.0390898 -0.0441061
internal_weight=6493.58 365.017 94.2302 270.787 46.5506 6128.56 6121.63 214.186 5907.45 413.014 296.357 116.657 5494.43 98.2295 115.957 42.0727 5445.99 80.2343 224.236 78.8303 70.6588 145.406 132.868 73.8841 83.7887 39.9835 32.2395 17.9952 10.4415 78.7094
internal_count=57108 4043 1012 3031 388 53065 53017 2878 50139 3411 2386 1025 46728 1006 1872 631 45710 697 2643 1154 1084 1489 1228 1241 853 280 248 309 159 807
is_linear=0
shrinkage=0.05


Tree=187
num_leaves=31
num_cat=0
split_feature=26 23 6 19 19 3 2 1 30 13 21 3 18 16 18 6 10 13 28 5 24 3 5 3 16 3 30 28 13 30
split_gain=8.8245 23.7982 10.4441 10.2804 12.0245 9.98665 9.65534 26.3788 25.5963 30.4289 27.7862 23.8074 33.6122 21.7716 18.9364 22.445 22.0002 15.2157 7.58967 7.11785 4.83172 4.8235 3.93815 3.854 3.76606 2.90163 1.59326 0.704169 0.440403 0.0968145
threshold=3.5000000000000004 6.5000000000000009 22.750000000000004 0.01999999999999998 0.094999999999999876 0.82850000000000013 1.0000000180025095e-35 5.5000000000000009 44.500000000000007 1.0000000180025095e-35 0.91650000000000009 0.25850000000000006 1.0000000180025095e-35 1.5000000000000002 -1.0000000180025095e-35 21.050000000000004 3.3000000000000003 1.0000000180025095e-35 51.500000000000007 5.5000000000000009 5.5000000000000009 0.27000000000000007 4.5000000000000009 0.42500000000000004 2.5000000000000004 0.27000000000000007 54.500000000000007 66.500000000000014 1.0000000180025095e-35 46.500000000000007
decision_type=2 2 2 10 10 2 2 2 2 2 10 2 8 2 10 2 2 2 10 2 2 2 2 2 2 2 2 8 2 2
left_child=1 6 28 5 23 18 7 8 9 -1 -10 12 17 -14 16 -16 -13 -8 24 -3 27 -22 -20 25 -4 -5 -25 -6 -2 -9
right_child=2 19 3 4 20 -7 11 29 10 -11 -12 14 13 -15 15 -17 -18 -19 22 -21 21 -23 -24 26 -26 -27 -28 -29 -30 -31
leaf_value=0.013343303797341336 -0.019548757638500905 -0.051760502121412748 0.048951740856635867 -0.04415804718669139 0.027810185498507778 -0.050593483573541986 -0.011183344362296562 -0.065773123720434798 0.025037306337345688 -0.030456168859470407 0.13701325600609518 -0.012914494018704332 0.017782482344532051 -0.057719206310028762 0.055577355569557646 0.0008967094701868224 0.0043144747713315286 -0.051049416946651896 -0.029610447584226381 0.0077860551544433792 0.055662892308934044 -0.051531644388717768 0.027461642104152223 -0.11190507123560239 -0.005430383422837342 0.017257071491904318 -0.053872547231786305 0.056523600757423666 -0.051619403666470165 -0.057028127636920389
leaf_weight=136.6644246801734 1.3359341286122788 29.005344469333068 42.7708281558007 4.2903411649167555 3.2396083408966634 3.5602303305640808 37.11439373344183 5.1792106851935378 100.04146937187761 55.863212529569864 5.8649240750819436 545.76519930548966 65.253579491749406 11.1846547559835 18.83733981102705 5019.2518954679836 280.52767766453326 67.399512427859008 5.7371285147964937 6.0684929308481506 1.5855105444788922 3.1038696663454175 6.3883611522614956 1.6594693413935599 3.4395914585329583 3.4858266469091177 4.1168596777133644 6.2636412270367154 5.3870787844061852 8.1376722529530507
leaf_count=868 26 1763 617 62 79 450 327 38 902 456 55 3718 521 112 190 43063 1986 899 63 87 18 168 60 41 165 57 128 67 251 92
internal_value=-0.000158364 -0.000384764 0.0148595 0.0193674 -0.00592329 0.030704 -0.000158153 0.00842271 0.0114951 0.000634587 0.0312384 -0.000600658 -0.0184633 0.00673487 -4.94872e-05 0.00110116 -0.00706523 -0.0368924 0.0356656 -0.0414577 0.0262421 -0.0152885 0.000458204 -0.039608 0.0449039 -0.0166275 -0.0705446 0.0467353 -0.0452466 -0.0604292
internal_weight=6488.52 6392.16 96.3643 89.6413 27.7451 61.8961 6357.09 311.751 298.434 192.528 105.906 6045.33 180.952 76.4382 5864.38 5038.09 826.293 104.514 58.3359 35.0738 14.1926 4.68938 12.1255 13.5525 46.2104 7.77617 5.77633 9.50325 6.72301 13.3169
internal_count=57329 55077 2252 1975 620 1355 53227 2411 2281 1324 957 50816 1859 633 48957 43253 5704 1226 905 1850 332 186 123 288 782 119 169 146 277 130
is_linear=0
shrinkage=0.05


Tree=188
num_leaves=31
num_cat=0
split_feature=2 4 10 4 9 8 21 14 8 6 6 6 6 9 21 6 21 15 29 15 9 9 0 10 3 4 30 6 29 8
split_gain=8.21873 39.1537 50.7791 48.5219 61.4138 59.4325 48.1104 40.0999 35.4441 35.118 34.7643 34.5281 38.6544 33.9867 47.3818 33.7258 29.7652 26.1175 23.9649 21.3457 37.2298 25.5334 21.1741 20.338 17.7853 57.7373 47.3458 31.4442 25.6574 24.4949
threshold=1.5000000000000002 0.15500000000000003 1.2500000000000002 0.085000000000000006 12.350000000000003 9.9000000000000021 -1.0000000180025095e-35 1.0000000180025095e-35 7.1500000000000012 26.750000000000004 29.050000000000004 35.150000000000013 25.650000000000002 4.0500000000000007 -1.0000000180025095e-35 30.550000000000004 0.91650000000000009 1.0000000180025095e-35 2.5000000000000004 1.0000000180025095e-35 7.9500000000000011 12.550000000000002 2.5000000000000004 5.1500000000000012 0.38000000000000006 0.60500000000000009 46.500000000000007 40.050000000000004 10.500000000000002 12.250000000000002
decision_type=2 2 2 2 2 2 10 2 2 2 2 2 2 2 10 2 10 2 10 2 2 2 2 2 2 2 2 2 10 2
left_child=1 2 8 5 7 -4 -3 -5 19 -8 -7 12 -2 15 -15 -10 18 -6 23 20 -1 -21 -11 -14 25 26 27 -13 -27 -26
right_child=11 6 3 4 17 10 9 -9 13 22 -12 24 16 14 -16 -17 -18 -19 -20 21 -22 -23 -24 -25 29 28 -28 -29 -30 -31
leaf_value=-0.0023335983891712457 -0.048696395721730235 -0.052351337382889121 -0.036532592808032387 -0.01825369078161616 0.1022920424010668 0.10104365730268812 0.057291289877354268 0.040246786423019237 -0.024352589631400592 -0.0056504390721536894 0.024885738094717884 -0.031059432119607985 0.012965283774689236 -0.0066136163615852549 -0.042858850133205589 0.069280684313802229 0.06528692385622957 0.013881269851649928 -0.052993951527431297 0.0028033890879203302 0.040643281895058156 -0.064060019454371078 -0.054845644102445572 0.053445036967172024 -0.020049369916009939 -0.05464411431796895 -0.0042559797464618403 0.061634885058238137 0.047613359726042977 -0.00042415581068087709
leaf_weight=124.9214421287179 21.600768194068223 84.184103757375851 15.489985108375548 142.08543065516278 20.64032631739974 40.134279567748308 19.334533996880054 36.900698691606522 17.047765508294106 124.8541435302468 23.912473943084478 10.302577227354048 235.77778960438445 235.85914627276361 145.97152983024716 22.063789281994104 33.119288327172399 14.0324150621891 12.324831632897256 47.642803344875574 84.463428849354386 20.388334208168089 26.518051104620099 35.731891255825758 164.76760538108647 35.823486764449626 65.934706867672503 81.709834126755595 7.40169534087181 4539.023101833649
leaf_count=965 223 1402 190 2117 110 240 137 262 289 1982 145 68 2079 1639 1372 190 201 82 205 431 533 155 458 315 1408 447 620 500 43 38591
internal_value=-0.000290505 -0.00393995 0.000553078 0.0180159 0.00560557 0.0513537 -0.0214183 -0.00619293 -0.00677844 -0.00616367 0.0726094 0.000577009 0.0160206 -0.0159229 -0.0204699 0.0284682 0.0204312 0.0665113 0.0151972 0.00709706 0.0150028 -0.017235 -0.0142687 0.0182926 -0.000488953 0.0140698 0.0280826 0.051256 -0.037134 -0.0011116
internal_weight=6489.96 1246.44 991.554 293.196 213.659 79.5367 254.891 178.986 698.358 170.707 64.0468 5243.52 338.555 420.942 381.831 39.1116 316.954 34.6727 283.835 277.416 209.385 68.0311 151.372 271.51 4904.96 201.172 157.947 92.0124 43.2252 4703.79
internal_count=57399 12699 8720 3146 2571 575 3979 2379 5574 2577 385 44700 3023 3490 3011 479 2800 192 2599 2084 1498 586 2440 2394 41677 1678 1188 568 490 39999
is_linear=0
shrinkage=0.05


Tree=189
num_leaves=31
num_cat=0
split_feature=0 3 4 4 29 14 4 5 16 4 29 28 28 15 14 16 2 14 5 28 28 5 1 28 3 28 8 4 1 4
split_gain=9.11289 21.134 26.7448 55.0094 52.6124 46.4567 61.8058 44.3255 42.575 33.1147 26.702 37.8887 41.4032 32.6315 21.7274 22.0035 21.6676 21.3237 17.2693 33.5336 17.7431 28.8596 24.7925 26.3731 21.7791 21.2032 45.9476 55.5216 40.0606 28.2307
threshold=3.5000000000000004 0.57400000000000007 1.3350000000000002 0.74500000000000011 15.500000000000002 -1.4999999999999998 0.44500000000000006 6.5000000000000009 2.5000000000000004 1.5150000000000003 3.5000000000000004 26.500000000000004 40.500000000000007 2.5000000000000004 1.0000000180025095e-35 1.0000000180025095e-35 4.5000000000000009 -1.0000000180025095e-35 6.5000000000000009 72.500000000000014 48.500000000000007 5.5000000000000009 11.500000000000002 64.500000000000014 0.65950000000000009 44.500000000000007 22.800000000000001 0.53500000000000014 11.500000000000002 1.2050000000000003
decision_type=2 2 2 2 8 2 2 2 2 2 8 8 8 2 2 2 2 2 2 8 10 2 2 10 2 10 2 2 2 2
left_child=18 10 3 5 7 -3 -7 -5 -6 -4 17 -12 16 -14 -11 -16 -13 -2 20 -20 25 22 23 -22 -24 28 27 -27 -1 -30
right_child=1 2 9 4 8 6 -8 -9 -10 14 11 12 13 -15 15 -17 -18 -19 19 -21 21 -23 24 -25 -26 26 -28 -29 29 -31
leaf_value=0.001340887517845724 0.032238019443182955 0.092843960058957217 -0.052266360645048651 0.016449192710235174 0.060101211300987861 0.0045686417261235545 -0.051156651524543822 -0.068855244793700171 -0.05381018134085043 -0.059987474476223726 -0.05540882220844582 0.076652420460013582 -0.023575031523046009 0.02162513165400174 -0.019901024878342981 0.021588744739272164 0.010134498787839038 -0.049768363395296472 0.055729843715479434 -0.0051408701873826576 -0.040022271838570045 0.039170241469286819 0.048733846068433333 -0.0027660745973724036 -0.045956981674756155 -0.01803317775080826 0.06247267144286648 0.034526463007452129 -0.042107709021317406 0.016171248921770087
leaf_weight=4784.0409267661162 8.9836778640747053 10.818821461871265 44.358349881833419 81.990566203836352 99.92507460154593 156.19282983918674 73.020107779186219 18.701770022511482 8.936339929699896 14.952615977264939 34.88078535720706 23.02042250521481 134.56674731429666 56.777296670712531 56.293841919396073 73.914055490866303 26.149097859859467 67.39229342341423 41.654852472245693 49.527988099260256 113.66585712856613 24.606096628122032 22.868179751560096 81.603514384012669 8.2679077256470901 111.25592738203704 43.240553736686707 91.625623936764896 88.558635347988456 27.150258209556341
leaf_count=39466 68 82 696 720 726 1877 969 103 172 267 594 145 1530 490 962 781 200 750 291 397 1574 199 143 1080 83 855 283 682 900 264
internal_value=0.000291696 -0.00412143 0.00129602 0.00793687 0.0266553 -0.00840477 -0.0131837 0.000605445 0.0507503 -0.0144577 -0.013964 -0.00670937 0.000353329 -0.0101628 -0.00290412 0.00365113 0.0412772 -0.0401224 0.00108849 0.0226666 0.000723918 -0.0122567 -0.0178459 -0.0244528 0.0235895 0.0013571 0.0156774 0.00570387 0.00063777 -0.028433
internal_weight=6478.94 990.875 639.104 449.586 209.554 240.032 229.213 100.692 108.861 189.519 351.77 275.394 240.514 191.344 145.161 130.208 49.1695 76.376 5488.07 91.1828 5396.88 251.012 226.405 195.269 31.1361 5145.87 246.122 202.882 4899.75 115.709
internal_count=57349 11132 7355 4649 1721 2928 2846 823 898 2706 3777 2959 2365 2020 2010 1743 345 818 46217 688 45529 3079 2880 2654 226 42450 1820 1537 40630 1164
is_linear=0
shrinkage=0.05


Tree=190
num_leaves=31
num_cat=0
split_feature=30 14 28 4 28 2 28 4 1 29 15 30 3 28 8 30 14 28 29 19 10 15 1 8 9 5 23 10 14 28
split_gain=8.903 9.63202 8.94068 16.8415 12.0767 30.297 9.59609 15.8374 13.6778 9.59112 9.19565 8.10934 30.3693 45.6523 34.6793 29.1806 54.0309 28.7748 6.56098 6.49179 8.27747 7.69848 7.51538 6.90517 19.7422 7.81697 5.45127 4.44374 7.07308 5.91304
threshold=79.500000000000014 -1.4999999999999998 65.500000000000014 2.0650000000000004 64.500000000000014 5.5000000000000009 71.500000000000014 0.79500000000000015 9.5000000000000018 1.0000000180025095e-35 1.5000000000000002 45.500000000000007 0.76700000000000013 40.500000000000007 26.300000000000001 44.500000000000007 1.0000000180025095e-35 39.500000000000007 1.0000000180025095e-35 0.024999999999999915 14.950000000000001 1.0000000180025095e-35 16.500000000000004 12.700000000000001 8.1500000000000004 6.5000000000000009 20.500000000000004 18.500000000000004 1.5000000000000002 75.500000000000014
decision_type=2 2 10 2 10 2 10 2 2 10 2 2 2 8 2 2 2 10 10 10 2 2 2 2 2 2 2 2 2 8
left_child=2 26 4 6 11 18 9 8 -8 -4 -7 15 14 -14 -13 17 -17 -1 -6 20 23 -22 -23 24 -3 -25 -2 28 -21 -30
right_child=1 19 3 -5 5 10 7 -9 -10 -11 -12 12 13 -15 -16 16 -18 -19 -20 27 21 22 -24 25 -26 -27 -28 -29 29 -31
leaf_value=0.002896254064793026 -0.052745368704792288 0.10283443119979861 0.0059380348156556004 0.049402827885809499 0.028972682788484968 0.095483086712727649 0.035242785432538941 -0.04817845102255168 -0.034445214310028519 -0.053372141167746773 0.029097567860584601 0.0036582721362379261 0.019340261829651127 -0.021665325426506444 0.040111581922545901 -0.014134539487711484 0.0060686694060571242 -0.044072798182515055 -0.053430362231986439 -0.050346479383002844 -0.054817612891382039 0.035128299177855857 -0.026253294951031389 -0.031192845792620185 -0.024392890422569365 0.021453974891880168 0.053509357640476166 0.006406061235696388 0.04140410334662066 -0.052742047228040878
leaf_weight=2302.1494759763591 17.611053761676889 4.6365033090114585 8.7840843051671964 9.1983162872493249 3.2808677777647963 11.980403676629068 22.178542833775282 15.59488534554839 10.316184931434689 30.428270007949322 9.2394780416507256 1956.0495279363822 91.682698690332472 261.39950850280002 67.494645945727825 915.45070427423343 518.29866225807928 33.076900020241737 9.1590761621482653 20.309928542934362 3.354970706626772 28.771350573282689 6.0322359325364223 37.900509163737297 8.9059815579093975 8.6621760879643244 1.2959180478937913 8.3489103021565807 4.6012359531596294 2.6160446302965283
leaf_count=15196 675 46 58 98 19 50 126 141 140 493 110 16362 1006 3193 400 10088 5447 218 223 507 71 504 102 1104 254 159 47 174 80 84
internal_value=-0.000136862 -0.0120519 0.000153708 -0.014948 0.000389549 0.0302573 -0.0217281 -0.00675919 0.0131188 -0.0400859 0.0665778 0.000225961 0.0025132 -0.0110177 0.00487416 -0.00121632 -0.0068311 0.00223097 -0.0316977 -0.00734265 -0.000696351 0.0175167 0.0244895 -0.0122591 0.0191656 -0.0213988 -0.0454625 -0.0255467 -0.0352378 0.00727899
internal_weight=6428.81 153.047 6275.76 96.5003 6179.26 33.6598 87.302 48.0896 32.4947 39.2124 21.2199 6145.6 2376.63 353.082 2023.54 3768.98 1433.75 2335.23 12.4399 134.14 98.2637 38.1586 34.8036 60.1052 13.5425 46.5627 18.907 35.8761 27.5272 7.21728
internal_count=57175 3807 53368 1056 52312 402 958 407 266 551 160 51910 20961 4199 16762 30949 15535 15414 242 3085 2240 677 606 1563 300 1263 722 845 671 164
is_linear=0
shrinkage=0.05


Tree=191
num_leaves=15
num_cat=0
split_feature=17 19 14 30 15 16 8 28 10 7 29 26 29 7
split_gain=8.76854 9.39316 7.91632 8.53507 33.5563 30.6982 22.8607 40.0817 24.9924 21.3993 3.00159 1.19966 0.00322236 0.000628427
threshold=-1.0000000180025095e-35 -0.20499999999999999 3.5000000000000004 47.500000000000007 2.5000000000000004 2.5000000000000004 25.550000000000001 38.500000000000007 2.0500000000000003 32.500000000000007 6.5000000000000009 5.5000000000000009 1.0000000180025095e-35 32.500000000000007
decision_type=8 8 2 2 2 2 2 8 2 2 10 2 8 2
left_child=10 -2 3 4 5 -3 8 -8 -5 -6 -1 12 -4 -14
right_child=1 2 11 6 9 -7 7 -9 -10 -11 -12 -13 13 -15
leaf_value=-0.016501964138591153 0.048777144112213205 -0.00013122219680704219 -0.05417160085379813 -0.0071069265858315208 -0.051081992794389498 -0.035730116779895425 -0.056142978541843719 0.025127158181063588 0.0043292868725781459 0.025892028452583028 -0.05872186829109103 -0.003393574876429121 -0.051351603699122707 -0.052488421386980177
leaf_weight=9.2011375976726431 9.9275350868701935 3753.9841137116309 1.5009865965694142 671.62459978018887 51.628888754174113 61.552069899393246 16.514071822166443 186.59204966528341 1654.8012456472497 10.943012148141859 7.7602998497895888 1.4916053786873824 5.2722812173888096 1.5799643569625912
leaf_count=61 48 29807 35 6544 990 1040 236 1463 16522 77 98 11 265 63
internal_value=8.42783e-05 0.000179023 0.000103844 0.000172679 -0.00130111 -0.000705502 0.00243219 0.0185193 0.00102772 -0.0376202 -0.0358187 -0.0446978 -0.0520733 -0.0516137
internal_weight=6444.37 6427.41 6417.48 6407.64 3878.11 3815.54 2529.53 203.106 2326.43 62.5719 16.9614 9.84484 8.35323 6.85225
internal_count=57260 57101 57053 56679 31914 30847 24765 1699 23066 1067 159 374 363 328
is_linear=0
shrinkage=0.05


Tree=192
num_leaves=31
num_cat=0
split_feature=30 8 21 21 3 4 4 1 28 8 15 9 2 15 9 28 4 30 25 15 25 25 4 4 2 2 7 25 28 3
split_gain=10.0612 13.5246 28.4542 18.5907 24.6356 22.6959 41.1447 20.1076 31.3766 19.5485 17.2332 31.6347 24.2268 16.5601 15.2668 14.8098 12.14 11.7229 27.1963 26.5323 29.9299 42.0336 27.1955 23.9083 40.9241 31.1 22.0541 17.6306 22.3483 25.2303
threshold=72.500000000000014 21.650000000000002 0.47200000000000003 0.11800000000000001 0.59200000000000008 0.27500000000000008 0.33500000000000008 11.500000000000002 59.500000000000007 19.800000000000004 1.5000000000000002 13.050000000000002 5.5000000000000009 1.5000000000000002 13.350000000000003 67.500000000000014 2.0250000000000004 47.500000000000007 0.025000000000000005 2.5000000000000004 0.10500000000000002 1.0000000180025095e-35 1.1850000000000003 1.2650000000000003 8.5000000000000018 3.5000000000000004 32.500000000000007 0.10500000000000002 46.000000000000007 0.53100000000000014
decision_type=2 2 10 8 2 2 2 2 10 2 2 2 2 2 2 10 2 2 2 2 2 2 2 2 2 2 2 2 10 2
left_child=17 3 -3 7 5 9 -7 10 -9 -5 12 -12 -2 14 -4 -10 -6 19 -19 20 21 22 -1 25 -25 -22 -21 -20 29 -29
right_child=1 2 13 4 16 6 -8 8 15 -11 11 -13 -14 -15 -16 -17 -18 18 27 26 23 -23 -24 24 -26 -27 -28 28 -30 -31
leaf_value=-0.0015357142709616243 -0.0043535633320620276 -0.035708375378059994 -0.039902646724364284 -0.044271083502522547 -0.0472310992724225 0.094055465184822037 -0.0010955480873413171 -0.042798441144998187 0.074640394756036496 0.042678295067868272 0.070713127693844011 -0.055006651491271798 0.041462317607077893 -0.05420267997106272 0.061285702461521187 -0.0088420918541080567 0.021533968275287824 0.0056457939930225354 -0.056568536867779955 -0.047628981609756357 0.0012087528899121598 -0.047547206795815394 0.025699887913637927 -0.06371387739014174 0.052119483585068786 0.04517598692045463 0.027785772806421461 -0.032220625123898387 -0.035603610839997871 0.018837009752230446
leaf_weight=3485.5053904606029 106.75089773559012 87.532459153677337 4.6822888338938418 39.235690059140325 56.245301114628091 13.31599236698821 77.396266761235893 41.408677723724395 10.382824731525035 7.7394096371717742 27.416585841216147 6.1208664472214869 39.541599282994866 5.7541190101765087 18.28162445104681 10.878698162734507 7.2451254967600098 1815.138213607017 21.765949194319546 50.705989688634872 70.378139387001283 48.782726375386119 94.131665675900877 20.455033197999001 12.157141745090483 93.859178508631885 11.985847558826206 34.498857153579593 53.089518470223993 81.018342710332945
leaf_count=26320 1446 1770 82 693 1072 120 977 819 86 102 245 169 428 117 174 138 92 13863 292 1063 1725 693 1106 192 126 647 79 759 715 1189
internal_value=4.66938e-05 -0.00635832 -0.0215394 -0.00238064 -0.0136176 -0.00173619 0.012872 0.00694154 -0.0174475 -0.0299457 0.0154411 0.0477682 0.00803007 0.0216476 0.0406536 0.0319256 -0.0393841 0.000655223 0.00376015 -0.000946379 -0.000417603 -0.00144775 -0.000819515 0.0185706 -0.0205336 0.0263354 -0.0332107 -0.0142188 -0.00875179 0.0035888
internal_weight=6453.4 559.928 116.25 443.678 201.178 137.687 90.7123 242.5 62.6702 46.9751 179.83 33.5375 146.292 28.718 22.9639 21.2615 63.4904 5893.47 2005.51 3887.96 3825.27 3628.42 3579.64 196.849 32.6122 164.237 62.6918 190.373 168.607 115.517
internal_count=57299 8530 2143 6387 3056 1892 1097 3331 1043 795 2288 414 1874 373 256 224 1164 48769 16818 31951 30809 28119 27426 2690 318 2372 1142 2955 2663 1948
is_linear=0
shrinkage=0.05


Tree=193
num_leaves=26
num_cat=0
split_feature=6 6 14 18 30 30 18 28 30 6 1 30 10 14 4 19 3 16 6 14 30 2 30 30 4
split_gain=9.85763 15.7602 23.9599 25.0997 12.1322 10.6272 9.38348 22.5217 25.6617 33.2468 21.4455 17.5337 13.5587 36.8419 36.1867 8.15855 5.24259 5.20908 2.59636 1.00829 0.463959 0.0777273 0.0323824 0.0184199 0.00251689
threshold=5.9500000000000011 9.4500000000000011 -1.0000000180025095e-35 -1.0000000180025095e-35 22.500000000000004 18.500000000000004 -1.0000000180025095e-35 29.500000000000004 19.500000000000004 31.550000000000004 5.5000000000000009 18.500000000000004 4.1500000000000012 -1.0000000180025095e-35 0.35500000000000004 0.14999999999999999 0.48700000000000004 1.0000000180025095e-35 59.550000000000004 -1.4999999999999998 14.500000000000002 1.5000000000000002 43.500000000000007 25.500000000000004 0.015000000000000001
decision_type=2 2 2 10 2 2 10 8 2 2 2 2 2 2 2 8 2 2 2 2 2 2 2 2 2
left_child=4 2 -2 -4 5 20 7 16 9 -9 -10 15 13 -13 -14 21 -3 22 -18 -19 -1 -8 -6 -21 -25
right_child=1 6 3 -5 17 -7 11 8 10 -11 -12 12 14 -15 -16 -17 18 19 -20 23 -22 -23 -24 24 -26
leaf_value=-0.028563548338608247 -0.039674828563790072 -0.0031436782462048295 0.10850703846725172 0.0011217529697499784 -0.005837087447653903 0.034587793667320878 -0.058464670367936261 0.052083404414800888 -0.014599312544625652 0.0021963074539648273 0.0059678611648288837 0.010573144544054733 -0.014646841496703462 -0.0016995019529620571 0.00056966173042833582 -0.00038867591369681092 -0.055761998777844692 -0.036110959924032897 -0.029163429039455326 -0.060533331857878916 -0.013715308147781208 -0.065345698098126334 -0.011651420981516654 -0.05769257872209671 -0.056276162188733048
leaf_weight=10.569293960928919 7.7863721847534206 8.6381635442376119 12.636713746935133 9.5567178651690448 5.0212205275893194 14.386302165687082 9.8558612987399119 39.970182247459888 446.02116839610972 203.09767288062721 177.05760392174125 998.6027019887697 468.64908857853152 1577.567084847251 2349.4847762653371 8.1386803537607211 25.320824400056154 7.2925614342093459 14.387877002358435 5.4893449470400872 10.475205615162848 7.032234162092208 4.57801210321486 7.1127990186214429 5.6100317761301994
leaf_count=75 94 64 61 73 33 97 88 223 3470 1232 1155 9377 4851 13436 22401 60 229 72 88 42 73 47 72 62 68
internal_value=-0.000583212 -0.000377174 0.0357897 0.0622658 -0.0191724 0.00146831 -0.000548362 -0.00523327 -0.00337945 0.0103998 -0.00875483 0.000242201 0.000435918 0.00305775 -0.00196081 -0.0415119 -0.038445 -0.0400053 -0.0461244 -0.0518216 -0.0211726 -0.0613299 -0.00861003 -0.0581125 -0.057068
internal_weight=6434.34 6363.8 29.9798 22.1934 70.5348 35.4308 6333.82 914.493 866.147 243.068 623.079 5419.33 5394.3 2576.17 2818.13 25.0268 48.3469 35.104 39.7087 25.5047 21.0445 16.8881 9.59923 18.2122 12.7228
internal_count=57543 56949 228 134 594 245 56721 6461 6080 1455 4625 50260 50065 22813 27252 195 381 349 317 244 148 135 105 172 130
is_linear=0
shrinkage=0.05


Tree=194
num_leaves=31
num_cat=0
split_feature=29 15 8 16 2 15 2 3 28 4 2 1 1 4 4 8 15 8 30 3 1 30 28 4 1 2 3 2 28 28
split_gain=10.3847 57.1909 28.7028 22.8529 22.3841 17.8236 29.2674 15.4216 14.6056 32.0077 98.5764 39.1553 36.9897 37.9981 35.9725 33.2831 50.6448 30.9488 26.1053 19.7125 16.0535 22.3387 51.098 49.6396 37.226 35.2793 29.1814 28.6604 20.1499 57.847
threshold=1.0000000180025095e-35 1.0000000180025095e-35 13.700000000000001 1.0000000180025095e-35 7.5000000000000009 2.5000000000000004 5.5000000000000009 0.64500000000000013 40.500000000000007 0.57500000000000007 3.5000000000000004 12.500000000000002 10.500000000000002 0.82500000000000007 0.63500000000000012 22.400000000000002 1.5000000000000002 10.150000000000002 72.500000000000014 0.6130000000000001 11.500000000000002 48.500000000000007 39.500000000000007 0.6150000000000001 9.5000000000000018 7.5000000000000009 0.88200000000000012 8.5000000000000018 33.500000000000007 26.500000000000004
decision_type=8 2 2 2 2 2 2 2 10 2 2 2 2 2 2 2 2 2 2 2 2 2 10 2 2 2 2 2 8 10
left_child=1 -1 3 -3 5 6 -4 -6 20 11 -11 15 14 -14 -12 17 -17 -10 19 -13 21 24 26 -24 25 -2 -23 -26 29 -22
right_child=8 2 4 -5 7 -7 -8 -9 9 10 12 18 13 -15 -16 16 -18 -19 -20 -21 28 22 23 -25 27 -27 -28 -29 -30 -31
leaf_value=0.062103353031605184 -0.0024014408842308699 0.013861361896439807 0.0069192889175300675 -0.048170863026032636 -0.044693880489946075 -0.030359404959925142 0.050908996973882431 0.007770271706708385 -0.0043602257696575856 0.072365027340088164 0.033531772809739145 0.0066800539718856649 0.046585001802373821 -0.0028713375593355469 -0.035723228534674432 0.038541478042409386 -0.047369227742071231 -0.04793596353523541 -0.046041510033312139 0.071657813280810834 -0.032757938946490282 0.0061687208701926514 0.023466232997093689 0.13451009980508305 0.029099400124169734 0.054094794757906697 -0.031059091578539963 -0.062336241095700774 -0.020901518413562491 0.06030507325451534
leaf_weight=43.768127597868443 3320.4595155776478 22.093953110277653 104.70268756523728 45.266684139147401 28.019218977540731 17.442675887607038 59.184605494141579 28.008520221337676 55.727739225607365 44.939496133010834 21.976751896552742 26.365242308005691 46.296865442767739 241.06924964720383 127.71644566790201 41.991161637473851 29.003261104226112 151.57519013131969 12.40562032535672 20.944522373378277 35.18936403375119 1412.0383736707736 32.747058011591434 14.529602114111183 140.80978796351701 27.86440396681428 54.677789577515796 9.1256295144557935 172.93187724542804 31.776841262355447
leaf_count=276 27456 212 654 424 216 255 323 245 587 364 153 239 297 2611 1607 273 497 2002 371 111 790 12407 185 64 1016 238 1082 122 1945 285
internal_value=0.000264119 0.00865789 0.00098127 -0.0278246 0.0091562 0.0176912 0.0228053 -0.0184668 -0.000217607 -0.00642368 0.0018487 -0.0182199 -0.00540196 0.00509645 -0.0255558 -0.0261028 0.00344449 -0.0362218 0.0185176 0.0354464 0.000751339 0.0013561 0.00643005 0.0575935 -0.000839831 -0.00193129 0.0047809 0.0235343 -0.0118841 0.0114024
internal_weight=6420.65 348.486 304.718 67.3606 237.358 181.33 163.887 56.0277 6072.16 820.012 481.999 338.013 437.059 287.366 149.693 278.297 70.9944 207.303 59.7154 47.3098 5252.15 5012.25 1513.99 47.2767 3498.26 3348.32 1466.72 149.935 239.898 66.9662
internal_count=57307 2605 2329 636 1693 1232 977 461 54702 9112 5032 4080 4668 2908 1760 3359 770 2589 721 350 45590 42570 13738 249 28832 27694 13489 1138 3020 1075
is_linear=0
shrinkage=0.05


Tree=195
num_leaves=31
num_cat=0
split_feature=26 27 26 22 1 28 23 25 4 27 4 28 28 13 13 25 14 14 9 4 26 25 24 23 29 6 28 29 14 6
split_gain=7.95334 12.1329 11.0169 10.248 25.5444 23.2027 12.9189 69.2984 43.342 12.8819 9.74492 7.48242 12.3454 11.7663 7.25937 6.98692 14.0009 17.6383 5.66832 4.18162 4.41021 8.75406 4.22118 3.92845 3.32089 3.20309 2.37828 2.17132 0.986846 0.712236
threshold=5.5000000000000009 52.750000000000007 3.5000000000000004 1.5000000000000002 6.5000000000000009 48.500000000000007 1.0000000180025095e-35 0.10500000000000002 0.68500000000000016 45.150000000000013 0.16500000000000004 65.500000000000014 59.500000000000007 1.0000000180025095e-35 1.0000000180025095e-35 0.66500000000000015 1.0000000180025095e-35 1.5000000000000002 6.3500000000000005 0.14500000000000005 6.5000000000000009 0.91000000000000014 14.500000000000002 9.5000000000000018 9.5000000000000018 21.750000000000004 59.500000000000007 5.5000000000000009 -1.4999999999999998 27.950000000000003
decision_type=2 2 2 2 2 10 2 2 2 2 2 10 10 2 2 2 2 2 2 2 2 2 2 2 8 2 10 8 2 2
left_child=1 3 15 6 23 9 11 25 -9 -6 14 12 -1 -13 18 -3 -17 -18 -4 28 21 27 -23 -5 -22 -8 -7 -21 -2 -30
right_child=19 2 10 4 5 26 7 8 -10 -11 -12 13 -14 -15 -16 16 17 -19 -20 20 24 22 -24 -25 -26 -27 -28 -29 29 -31
leaf_value=0.00022136144387332893 0.06081756120222151 -0.057976955217785543 0.062931094043682509 -0.052971741843972443 0.062583763292240621 -0.053785741953315973 -0.0097577265662598354 0.02798744691821009 -0.014681360032067634 0.016847006365466731 -0.050837040685999479 -0.026984758731317438 0.014797840716995692 0.0029796012548643776 -0.051225616230979321 -0.051257583231560981 0.078681086239564685 -0.051503020512104453 0.0081115261954401493 0.0088487553838927282 -0.010022801850125723 -0.051892062529803863 0.025632168808417413 0.012445241820012203 0.051036419430615376 -0.055125011729813017 -0.0039869667519889579 0.060407508801706138 0.016370434915833752 0.050348192886962628
leaf_weight=5595.3271171739325 5.9691366069018841 19.956222847569734 7.9093711329624155 12.761616257019339 33.005191158503294 7.4159255381673557 4.1216701492667189 100.52298360783607 145.89055384765379 28.854780243709683 6.4285733416909343 63.298616159241647 149.12964887544513 67.910851856227964 3.1775470883585504 13.918085700832309 6.282000318169592 4.4413417764008045 11.677261024713514 4.0568144489079758 2.986912694294003 7.9176593399606627 2.2562707513570786 2.7982020154595366 8.7511803072411567 69.417280322872102 3.5429591983556747 4.1116206422448167 3.2842916548252088 2.9078715480864048
leaf_count=45798 84 487 54 362 264 107 42 819 1442 248 613 1026 1345 889 231 1074 30 282 112 73 59 398 13 30 194 993 71 43 32 76
internal_value=-5.45362e-05 -0.000198208 -0.0203548 3.84831e-05 0.0169445 0.0293703 -0.000202676 -0.00998691 0.00272513 0.0412497 0.00352431 0.000330113 0.000599776 -0.0114759 0.0188759 -0.0359857 -0.0181757 0.0247621 0.0302485 0.0215694 0.0115667 -0.0037487 -0.0346995 -0.0412075 0.0354991 -0.0525823 -0.037686 0.0348011 0.0463108 0.0323266
internal_weight=6400.03 6357.79 73.7904 6284 88.3787 72.8189 6195.62 319.952 246.414 61.86 29.1928 5875.67 5744.46 131.209 22.7642 44.5977 24.6414 10.7233 19.5866 42.2418 30.0805 18.3424 10.1739 15.5598 11.7381 73.539 10.9589 8.16844 12.1613 6.19216
internal_count=57291 56319 2883 53436 1082 690 52354 3296 2261 512 1010 49058 47143 1915 397 1873 1386 312 166 972 780 527 411 392 253 1035 178 116 192 108
is_linear=0
shrinkage=0.05


Tree=196
num_leaves=13
num_cat=0
split_feature=30 20 19 20 9 0 5 12 14 17 19 28
split_gain=7.48362 8.13196 11.8281 9.96756 7.32734 22.621 18.757 2.38308 1.49665 0.0425891 0.0726316 0.0425353
threshold=84.500000000000014 11.500000000000002 1.1050000000000002 8.5000000000000018 9.7500000000000018 2.5000000000000004 1.0000000180025095e-35 1.0000000180025095e-35 2.5000000000000004 4.5000000000000009 0.18000000000000013 84.500000000000014
decision_type=2 10 10 10 2 2 2 2 2 8 10 10
left_child=1 2 3 4 5 -1 -6 8 9 10 11 -2
right_child=7 -3 -4 -5 6 -7 -8 -9 -10 -11 -12 -13
leaf_value=-0.0050090826598751942 -0.051219580237680667 0.055260234595466362 -0.061481874015558727 -0.066521517623285273 0.0088862068926783087 0.028372584101983889 -0.00027718382704790696 0.031076888561446282 -0.0018176806739322292 -0.062964147061309914 -0.037198945755571616 -0.060205098354527045
leaf_weight=1130.9781234569382 6.5113996975123847 6.6411465071141711 7.8378118909895411 5.6298657059669486 636.64385031862184 53.134325833059847 4547.3203832260333 1.122519872849806 1.6945263743400563 0.91378218960016866 0.79430693807080466 1.6509985160082576
leaf_count=14033 477 66 68 32 4761 720 36953 37 56 10 49 17
internal_value=-0.000115342 -3.91502e-05 -9.66992e-05 -2.12132e-05 3.75781e-05 -0.00351116 0.000848174 -0.0384778 -0.0452289 -0.0526816 -0.0516325 -0.0530371
internal_weight=6400.87 6388.19 6381.54 6373.71 6368.08 1184.11 5183.96 12.6875 11.565 9.87049 8.95671 8.1624
internal_count=57279 56633 56567 56499 56467 14753 41714 646 609 553 543 494
is_linear=0
shrinkage=0.05


Tree=197
num_leaves=31
num_cat=0
split_feature=2 6 19 6 4 28 4 16 5 8 8 29 8 5 5 5 6 0 0 17 19 14 29 26 19 16 25 23 8 20
split_gain=9.07453 30.1227 30.67 40.7575 27.8389 51.4722 47.7184 46.882 35.6996 27.4103 39.5511 28.5538 24.4711 59.3892 23.8601 22.7798 18.1804 19.8328 25.5491 21.4202 17.7622 15.2645 13.627 13.4066 11.6195 11.0617 12.7349 17.2001 6.56075 6.26938
threshold=1.5000000000000002 35.150000000000013 0.09999999999999995 25.650000000000002 0.15500000000000003 24.500000000000004 0.13500000000000004 2.5000000000000004 1.0000000180025095e-35 17.950000000000003 12.250000000000002 4.5000000000000009 17.950000000000003 1.0000000180025095e-35 1.5000000000000002 1.0000000180025095e-35 42.050000000000004 1.5000000000000002 1.0000000180025095e-35 1.0000000180025095e-35 0.030000000000000013 -3.4999999999999996 10.500000000000002 7.5000000000000009 0.049999999999999975 3.5000000000000004 1.0450000000000002 3.5000000000000004 19.800000000000004 1.5000000000000002
decision_type=2 2 10 2 2 10 2 2 2 2 2 10 2 2 2 2 2 2 2 10 8 2 8 2 10 2 2 2 2 8
left_child=4 2 3 -2 6 7 16 23 -8 10 11 -7 13 -5 -14 -9 17 18 -1 -19 22 28 -10 24 -6 26 27 -23 -3 -4
right_child=1 21 29 12 5 9 8 15 20 -11 -12 -13 14 -15 -16 -17 -18 19 -20 -21 -22 25 -24 -25 -26 -27 -28 -29 -30 -31
leaf_value=0.0058626752365863897 -0.058972391423052661 0.0014260562558729966 0.093711890089189509 0.067275039922675667 -0.051566741703556941 -0.01217756806150716 -0.041395726436427527 -0.053126789154262125 0.015380426960727361 0.11067108850173667 -0.053369440428776296 0.066607381018167863 -0.022751862447011002 0.0079381397773992338 0.038405452225318819 0.062150831201739788 -0.03602444691736581 0.020672137020664005 -0.013227282340624667 -0.037890224858404167 -0.0044911649861999305 -0.00088670694999936131 0.089320668054433935 0.052190365461754352 -0.010768342075777471 -0.0446260216349533 -0.051329389490708581 0.017128367184583573 0.060269827249359621 0.043672395070864761
leaf_weight=301.35806139791384 19.652546390425414 6.9780132020823684 12.294924004003404 58.618122131563723 129.24053970852401 20.834409577772021 10.284780967049299 5.7264067668002125 7.7180207986384621 6.9379994943737975 19.600352913141251 25.670647411607206 63.135315215913579 150.27879189606756 21.338539883494377 17.030938817188144 40.360827755182981 142.11758157238364 418.89998374320567 17.541743071749806 8.5021023424342257 4631.8090516538359 32.348322193603963 3.5548541992902747 20.176401226315647 14.246640318538992 12.292196989757938 136.39666452957317 14.748771825339643 12.751358443871142
leaf_count=2871 221 120 76 351 2511 182 122 167 72 35 402 212 929 1215 134 212 296 1094 3869 132 62 38020 197 89 195 233 937 1985 122 81
internal_value=-0.000351566 0.00056862 0.0149959 0.0107359 -0.00421436 -0.0191503 -0.000419512 -0.0338133 0.0432287 0.0161263 0.00620346 0.0313115 0.0154056 0.0245885 -0.0073032 0.0331436 -0.00321088 -0.00170576 -0.00523999 0.0142379 0.0611487 -0.000444033 0.0750775 -0.0437744 -0.0460576 -0.000633512 -0.000502407 -0.000371378 0.0413709 0.0682362
internal_weight=6382.44 5154.54 338.07 313.023 1227.9 248.773 979.131 175.729 58.8532 73.0434 66.1054 46.5051 293.371 208.897 84.4739 22.7573 920.278 879.917 720.258 159.659 48.5684 4816.47 40.0663 152.972 149.417 4794.74 4780.5 4768.21 21.7268 25.0463
internal_count=57144 44424 3007 2850 12720 4005 8715 3174 453 831 796 394 2629 1566 1063 379 8262 7966 6740 1226 331 41417 269 2795 2706 41175 40942 40005 242 157
is_linear=0
shrinkage=0.05


Tree=198
num_leaves=31
num_cat=0
split_feature=30 8 18 14 15 28 14 8 6 3 4 21 15 28 3 28 30 16 25 15 14 9 19 8 28 8 3 25 14 3
split_gain=9.9768 13.2404 16.26 15.2108 14.3371 23.9017 11.8064 35.551 13.1119 32.2004 30.2174 11.4826 20.0119 11.4765 11.5343 10.6175 12.1106 30.9373 27.9864 27.6875 25.831 22.7704 28.7654 20.3371 43.7129 28.6378 18.3079 17.676 20.2478 15.224
threshold=73.500000000000014 20.700000000000006 1.5000000000000002 2.5000000000000004 1.0000000180025095e-35 28.500000000000004 -1.4999999999999998 19.450000000000003 44.650000000000013 0.55400000000000016 0.48500000000000004 0.47200000000000003 1.5000000000000002 64.500000000000014 0.77550000000000019 65.500000000000014 47.500000000000007 2.5000000000000004 0.025000000000000005 2.5000000000000004 1.0000000180025095e-35 11.950000000000001 0.040000000000000029 25.550000000000001 38.500000000000007 17.050000000000004 0.62200000000000011 0.22500000000000003 1.0000000180025095e-35 0.56800000000000006
decision_type=2 2 8 2 2 10 2 2 2 2 2 10 2 10 2 10 2 2 2 2 2 2 8 2 8 2 2 2 2 2
left_child=15 2 6 -4 -3 11 7 -2 9 -8 -10 12 -6 -7 -15 16 17 19 23 20 -1 22 -19 25 -25 -18 -21 29 -29 -20
right_child=1 4 3 -5 5 13 8 -9 10 -11 -12 -13 -14 14 -16 -17 18 21 27 26 -22 -23 -24 24 -26 -27 -28 28 -30 -31
leaf_value=-0.0031783282365381738 -0.045333794004957254 -0.051901567761926976 -0.051954121090613384 0.041262892184721095 -0.02320755820189617 -0.048227703031523753 0.039158545633802867 0.061954032541072727 -0.042022704798529098 -0.058044306704138363 0.007929955418458659 0.098703255897552106 0.087226468749263278 -0.035746408445149001 0.020334241436175408 -0.026269094054141236 0.011303145978924643 -0.05033255537833542 -0.062388033455650263 0.022357904457214986 0.0054401300482891197 -0.058233607550480175 0.064769890725783708 -0.056301219585108135 0.029999346500175612 -0.0019445216014473685 -0.04760748920718208 -0.024691563581490467 0.016840614222536566 -0.015991036390580662
leaf_weight=2357.7369652093621 35.964723611949012 29.263199143402744 26.322324996581305 5.2488961527124038 12.326307394308975 32.447514749364927 56.331738540204242 9.8322037057951075 36.981526789721102 10.038355179596691 166.93568004155532 5.037992611527442 6.148519843351095 18.142610786715522 18.536072830203921 37.201358621008694 727.28638669289649 11.25048274861183 28.188173610717058 11.573041353374718 1377.268636861816 40.508117645978928 10.488307216204703 16.191698234528303 156.45103305391967 929.07215131632984 48.675295536406338 54.492940639611334 63.592221267987043 47.428285810165107
leaf_count=19613 804 641 565 89 254 826 689 96 699 179 2175 26 66 437 215 389 5548 390 287 64 10252 581 95 217 962 7307 1096 1500 714 580
internal_value=-0.000198167 -0.00721336 -0.00224162 -0.0364563 -0.0213923 -0.011755 0.00117581 -0.0223 0.00515351 0.0244568 -0.00112924 0.0317919 0.0135455 -0.0265671 -0.00740529 0.000358502 0.000526963 -0.00111616 0.00366056 -0.000542704 -3.05615e-07 -0.0360801 0.00520089 0.00557454 0.0219054 0.00387236 -0.0341679 -0.0144119 -0.0023253 -0.0332868
internal_weight=6386.96 469.558 347.655 31.5712 121.902 92.639 316.084 45.7969 270.287 66.3701 203.917 23.5128 18.4748 69.1262 36.6787 5917.41 5880.2 3857.5 2022.7 3795.25 3735.01 62.2469 21.7388 1829 172.643 1656.36 60.2483 193.702 118.085 75.6165
internal_count=57356 7761 5296 654 2465 1824 4642 900 3742 868 2874 346 320 1478 652 49595 49206 32091 17115 31025 29865 1066 485 14034 1179 12855 1160 3081 2214 867
is_linear=0
shrinkage=0.05


Tree=199
num_leaves=31
num_cat=0
split_feature=10 10 20 28 28 30 29 7 29 4 4 15 8 29 28 30 13 28 17 29 4 2 29 16 8 6 6 0 8 4
split_gain=9.50998 18.3456 11.1519 9.51451 25.1207 9.13316 9.73145 33.5302 16.7145 9.73613 9.08228 14.239 7.0974 5.76555 5.24136 4.16641 4.92115 3.72114 4.4514 2.61479 2.30592 1.54885 1.01323 1.43047 0.806227 0.595949 0.0175499 0.00840945 0.00243615 0.00203668
threshold=18.500000000000004 18.300000000000001 1.0000000180025095e-35 20.500000000000004 28.500000000000004 83.500000000000014 49.500000000000007 21.000000000000004 41.500000000000007 2.3250000000000006 2.0350000000000006 1.5000000000000002 23.700000000000003 1.0000000180025095e-35 60.500000000000007 71.500000000000014 1.0000000180025095e-35 60.500000000000007 1.0000000180025095e-35 29.500000000000004 0.64500000000000013 7.5000000000000009 43.500000000000007 1.0000000180025095e-35 7.3500000000000005 96.050000000000011 69.950000000000017 2.5000000000000004 23.000000000000004 1.0250000000000001
decision_type=2 2 8 8 8 2 10 2 10 2 2 2 2 10 8 2 2 8 10 10 2 2 10 2 2 2 2 2 2 2
left_child=1 5 13 21 -5 6 8 20 9 -1 11 -6 -10 15 -12 16 -2 18 19 -7 -8 26 29 -24 -19 -26 -4 -18 -9 -15
right_child=2 -3 3 4 10 17 7 28 12 -11 14 -13 -14 22 -16 -17 27 24 -20 -21 -22 -23 23 -25 25 -27 -28 -29 -30 -31
leaf_value=0.0004370668001698869 0.018372370244828923 0.070182697855464993 -0.052559025797186479 0.065619096009302297 0.015265113469827131 0.049566277788537325 0.045876058746803811 -0.052113303127750268 -0.048600628702410907 0.034967147648893415 -0.0083316158210693918 -0.034730911559044036 0.0061636943108650602 -0.052469708468583759 0.06207196105887957 0.037563797321539999 -0.051841398548094657 0.00093566954258426168 0.059758481234963572 -0.04410346375626429 0.07823981304573592 -0.011945830827455079 0.0032252570498599526 -0.052739561130129523 -0.050691482136598721 -0.01592352825425435 -0.057208351672262618 -0.055637774329439671 -0.054236139714339417 -0.051343968241502794
leaf_weight=6109.1184316556901 3.9581105913966876 9.429284915328024 3.0705447969958168 13.234944373369215 22.274302359670401 0.91258448129520076 11.239078622311359 7.4181570978835207 24.629486080259085 20.482581553980708 4.5215885196812424 39.488718010950834 7.7866218183189622 5.1509921941906276 6.3648941703140745 3.704210413619875 2.7914819978177547 0.91139735840260883 2.1109118866734207 4.0580364153720438 10.785620970651506 2.6144500086083999 2.1967493072152129 2.3775822874158621 13.484172395896165 1.3565004286356259 5.9878781856968999 3.0552643835544586 1.6525537353008983 18.262705420609564
leaf_count=51808 53 54 83 97 270 44 103 251 526 262 79 695 66 139 58 49 83 38 43 227 58 74 66 55 785 44 74 69 39 907
internal_value=0.000204354 0.000493215 -0.0127278 -0.0034929 0.00226368 0.0003875 0.000503875 0.0284047 0.000363079 0.000552452 -0.00927811 -0.0167003 -0.0354458 -0.0344385 0.0328306 -0.00761254 -0.0246799 -0.0311767 -0.00107253 -0.0269061 0.0617248 -0.0458476 -0.0473866 -0.0258634 -0.0447103 -0.0475135 -0.0556324 -0.0538252 -0.0525001 -0.0515916
internal_weight=6364.43 6225.38 139.054 97.5573 85.8844 6215.95 6193.11 31.0954 6162.02 6129.6 72.6495 61.763 32.4161 41.4971 10.8865 13.5091 9.80486 22.8336 7.08153 4.97062 22.0247 11.6729 27.988 4.57433 15.7521 14.8407 9.05842 5.84675 9.07071 23.4137
internal_count=57199 54348 2851 1430 1199 54294 53113 451 52662 52070 1102 965 592 1421 137 254 205 1181 314 271 161 231 1167 121 867 829 157 152 290 1046
is_linear=0
shrinkage=0.05


end of trees

feature_importances:
Column_28=610
Column_30=465
Column_4=396
Column_6=352
Column_29=349
Column_3=337
Column_8=303
Column_14=282
Column_5=277
Column_1=246
Column_10=227
Column_19=203
Column_9=181
Column_15=173
Column_0=166
Column_2=147
Column_25=133
Column_26=121
Column_13=117
Column_21=117
Column_16=116
Column_7=104
Column_23=91
Column_27=76
Column_20=75
Column_18=69
Column_24=42
Column_22=29
Column_17=28
Column_11=16
Column_12=2

parameters:
[boosting: gbdt]
[objective: binary]
[metric: binary_logloss]
[tree_learner: serial]
[device_type: cpu]
[data_sample_strategy: bagging]
[data: ]
[valid: ]
[num_iterations: 200]
[learning_rate: 0.05]
[num_leaves: 31]
[num_threads: 1]
[seed: 42]
[deterministic: 0]
[force_col_wise: 0]
[force_row_wise: 0]
[histogram_pool_size: -1]
[max_depth: 6]
[min_data_in_leaf: 50]
[min_sum_hessian_in_leaf: 0.001]
[bagging_fraction: 0.8]
[pos_bagging_fraction: 1]
[neg_bagging_fraction: 1]
[bagging_freq: 1]
[bagging_seed: 400]
[bagging_by_query: 0]
[feature_fraction: 0.8]
[feature_fraction_bynode: 1]
[feature_fraction_seed: 30056]
[extra_trees: 0]
[extra_seed: 12879]
[early_stopping_round: 0]
[early_stopping_min_delta: 0]
[first_metric_only: 0]
[max_delta_step: 0]
[lambda_l1: 0]
[lambda_l2: 0]
[linear_lambda: 0]
[min_gain_to_split: 0]
[drop_rate: 0.1]
[max_drop: 50]
[skip_drop: 0.5]
[xgboost_dart_mode: 0]
[uniform_drop: 0]
[drop_seed: 17869]
[top_rate: 0.2]
[other_rate: 0.1]
[min_data_per_group: 100]
[max_cat_threshold: 32]
[cat_l2: 10]
[cat_smooth: 10]
[max_cat_to_onehot: 4]
[top_k: 20]
[monotone_constraints: ]
[monotone_constraints_method: basic]
[monotone_penalty: 0]
[feature_contri: ]
[forcedsplits_filename: ]
[refit_decay_rate: 0.9]
[cegb_tradeoff: 1]
[cegb_penalty_split: 0]
[cegb_penalty_feature_lazy: ]
[cegb_penalty_feature_coupled: ]
[path_smooth: 0]
[interaction_constraints: ]
[verbosity: -1]
[saved_feature_importance_type: 0]
[use_quantized_grad: 0]
[num_grad_quant_bins: 4]
[quant_train_renew_leaf: 0]
[stochastic_rounding: 1]
[linear_tree: 0]
[max_bin: 255]
[max_bin_by_feature: ]
[min_data_in_bin: 3]
[bin_construct_sample_cnt: 200000]
[data_random_seed: 175]
[is_enable_sparse: 1]
[enable_bundle: 1]
[use_missing: 1]
[zero_as_missing: 0]
[feature_pre_filter: 1]
[pre_partition: 0]
[two_round: 0]
[header: 0]
[label_column: ]
[weight_column: ]
[group_column: ]
[ignore_column: ]
[categorical_feature: ]
[forcedbins_filename: ]
[precise_float_parser: 0]
[parser_config_file: ]
[objective_seed: 16083]
[num_class: 1]
[is_unbalance: 0]
[scale_pos_weight: 1]
[sigmoid: 1]
[boost_from_average: 1]
[reg_sqrt: 0]
[alpha: 0.9]
[fair_c: 1]
[poisson_max_delta_step: 0.7]
[tweedie_variance_power: 1.5]
[lambdarank_truncation_level: 30]
[lambdarank_norm: 1]
[label_gain: ]
[lambdarank_position_bias_regularization: 0]
[eval_at: ]
[multi_error_top_k: 1]
[auc_mu_weights: ]
[num_machines: 1]
[local_listen_port: 12400]
[time_out: 120]
[machine_list_filename: ]
[machines: ]
[gpu_platform_id: -1]
[gpu_device_id: -1]
[gpu_device_id_list: ]
[gpu_use_dp: 0]
[num_gpu: 1]

end of parameters

pandas_categorical:null
